term,category,en_definition,de_definition,en_example,de_example,related_terms,see_also
GZIP,Archive-Formate / Archive Formats,GNU compression format; typically used with tar (creates .tar.gz or .tgz); single file compression; Tcl: `zlib` command (8.6+) supports gzip; common for Tcl package distribution; command: `gzip file` creates file.gz.,GNU-Kompressions-Format; typischerweise mit tar verwendet (erstellt .tar.gz oder .tgz); Einzeldatei-Kompression; Tcl: `zlib`-Befehl (8.6+) unterstützt gzip; üblich für Tcl-Paket-Distribution; Befehl: `gzip file` erstellt file.gz.,,,,
TAR (Tape Archive),Archive-Formate / Archive Formats,Unix archive format; stores multiple files with metadata; no compression (use with gzip/bzip2); Tcl package: tar (tcllib); common for source distributions; preserves Unix permissions; format: `tar cvf archive.tar files/`.,Unix-Archiv-Format; speichert mehrere Dateien mit Metadaten; keine Kompression (mit gzip/bzip2 verwenden); Tcl-Paket: tar (tcllib); üblich für Quell-Distributionen; bewahrt Unix-Berechtigungen; Format: `tar cvf archive.tar files/`.,,,,
TGZ / .tar.gz,Archive-Formate / Archive Formats,Compressed tar archive; combines tar archiving with gzip compression; standard for Unix/Linux source distributions; Tcl can handle with `zlib` and `tar` packages; extract: `tar xzf archive.tgz`.,Komprimiertes Tar-Archiv; kombiniert Tar-Archivierung mit Gzip-Kompression; Standard für Unix/Linux-Quell-Distributionen; Tcl kann mit `zlib`- und `tar`-Paketen handhaben; Extrahieren: `tar xzf archive.tgz`.,,,,
ZIP,Archive-Formate / Archive Formats,"Popular compression archive format; widely supported; used by starkits internally; Tcl packages: vfs::zip, zipfile::decode (tcllib); can mount as VFS or extract files; cross-platform.","Beliebtes Kompressions-Archiv-Format; weit unterstützt; intern von Starkits verwendet; Tcl-Pakete: vfs::zip, zipfile::decode (tcllib); kann als VFS mounten oder Dateien extrahieren; plattformübergreifend.",,,,
bzip2 / .tar.bz2,Archive-Formate / Archive Formats,Compression format with better compression than gzip but slower; often used with tar (.tar.bz2 or .tbz2); Tcl: available via extensions; extract: `tar xjf archive.tar.bz2`.,Kompressions-Format mit besserer Kompression als gzip aber langsamer; oft mit tar verwendet (.tar.bz2 oder .tbz2); Tcl: verfügbar über Extensions; Extrahieren: `tar xjf archive.tar.bz2`.,,,,
xz / .tar.xz,Archive-Formate / Archive Formats,Modern compression format with excellent compression ratio; increasingly common for source distributions; slower than gzip but better compression; extract: `tar xJf archive.tar.xz`.,Modernes Kompressions-Format mit exzellentem Kompressions-Verhältnis; zunehmend üblich für Quell-Distributionen; langsamer als gzip aber bessere Kompression; Extrahieren: `tar xJf archive.tar.xz`.,,,,
% (Modulo),Arithmetische Operatoren / Arithmetic Operators,"Modulo operator; returns remainder of division (e.g., `10 % 3` = 1).",Modulo-Operator; gibt Rest der Division zurück (z.B. `10 % 3` = 1).,,,,
* (Multiplication),Arithmetische Operatoren / Arithmetic Operators,"Multiplication operator; multiplies two numbers (e.g., `$x * $y`).",Multiplikations-Operator; multipliziert zwei Zahlen (z.B. `$x * $y`).,,,,
** (Exponentiation),Arithmetische Operatoren / Arithmetic Operators,"Power operator; raises left operand to power of right (e.g., `2 ** 8` = 256).",Potenz-Operator; erhebt linken Operanden zur Potenz des rechten (z.B. `2 ** 8` = 256).,,,,
+ (Addition),Arithmetische Operatoren / Arithmetic Operators,"Addition operator; adds two numbers (e.g., `$x + $y`).",Additions-Operator; addiert zwei Zahlen (z.B. `$x + $y`).,,,,
+ (Unary Plus),Arithmetische Operatoren / Arithmetic Operators,Unary plus operator; explicitly indicates positive value.,Unäres Plus; zeigt explizit positiven Wert an.,,,,
++ (Increment),Arithmetische Operatoren / Arithmetic Operators,"Increment operator; increases variable value by 1 (e.g., `incr x` or in expr).",Inkrement-Operator; erhöht Variablenwert um 1 (z.B. `incr x` oder in expr).,,,,
- (Subtraction),Arithmetische Operatoren / Arithmetic Operators,"Subtraction operator; subtracts right operand from left (e.g., `$x - $y`).",Subtraktions-Operator; subtrahiert rechten Operanden von linkem (z.B. `$x - $y`).,,,,
- (Unary Minus),Arithmetische Operatoren / Arithmetic Operators,"Negation operator; changes sign of number (e.g., `-$x`).",Negations-Operator; ändert Vorzeichen der Zahl (z.B. `-$x`).,,,,
-- (Decrement),Arithmetische Operatoren / Arithmetic Operators,Decrement operator; decreases variable value by 1.,Dekrement-Operator; verringert Variablenwert um 1.,,,,
/ (Division),Arithmetische Operatoren / Arithmetic Operators,"Division operator; divides left operand by right (e.g., `$x / $y`).",Divisions-Operator; dividiert linken Operanden durch rechten (z.B. `$x / $y`).,,,,
array donesearch,Array-Subcommands / Array Subcommands,"End an incremental array iteration and release resources. Syntax: array donesearch arrayName searchToken. Must be called after array startsearch (counterpart). If you forget, the search token is kept alive until the variable is unset.",Beendet eine inkrementelle Array-Iteration und gibt Ressourcen frei. Syntax: array donesearch arrayName searchToken. Muss nach array startsearch aufgerufen werden (Gegenstueck). Bei Vergessen bleibt das Such-Token bis zum unset der Variable.,,,,
array exists,Array-Subcommands / Array Subcommands,"Test whether a variable is an array. Syntax: array exists arrayName. Returns 1 if it is an array, 0 otherwise (including: variable is undefined, or is a scalar). Used to guard against treating scalars as arrays (which would error).","Prueft ob eine Variable ein Array ist. Syntax: array exists arrayName. Liefert 1 wenn Array, 0 sonst (inkl.: Variable undefiniert oder Skalar). Verwendet um zu verhindern dass Skalare als Arrays behandelt werden (was einen Fehler waere).",,,,
array get,Array-Subcommands / Array Subcommands,Return all key-value pairs of an array as a flat list. Syntax: array get arrayName ?pattern?. With pattern: glob filter on keys. Inverse of array set: `array set b [array get a]` copies an array. Order is implementation-defined.,Liefert alle Key-Value-Paare eines Arrays als flache Liste. Syntax: array get arrayName ?pattern?. Mit Pattern: Glob-Filter auf Keys. Umkehrung von array set: `array set b [array get a]` kopiert ein Array. Reihenfolge implementierungsabhaengig.,,,,
array names,Array-Subcommands / Array Subcommands,Return list of all keys in an array. Syntax: array names arrayName ?-exact|-glob|-regexp? ?pattern?. Without options: all keys. Used to iterate: `foreach k [array names arr] { ... }`.,Liefert eine Liste aller Keys in einem Array. Syntax: array names arrayName ?-exact|-glob|-regexp? ?pattern?. Ohne Optionen: alle Keys. Zum Iterieren verwendet: `foreach k [array names arr] { ... }`.,,,,
array nextelement,Array-Subcommands / Array Subcommands,"Get the next key from an in-progress array iteration. Syntax: array nextelement arrayName searchToken. Returns the next key, or empty when iteration is done. Use only with a token from array startsearch.","Liefert den naechsten Key einer laufenden Array-Iteration. Syntax: array nextelement arrayName searchToken. Liefert den naechsten Key, oder leer wenn die Iteration beendet ist. Nur mit einem Token aus array startsearch verwenden.",,,,
array set,Array-Subcommands / Array Subcommands,Bulk-set array elements from a key-value list. Syntax: array set arrayName {key1 val1 key2 val2 ...}. List length must be even. Existing keys are overwritten; existing keys not in the list are kept. Used to load configuration tables.,Setzt Array-Elemente in Bulk aus einer Key-Value-Liste. Syntax: array set arrayName {key1 val1 key2 val2 ...}. Listenlaenge muss gerade sein. Existierende Keys werden ueberschrieben; nicht in der Liste enthaltene Keys bleiben. Zum Laden von Konfigurationstabellen.,,,,
array size,Array-Subcommands / Array Subcommands,Return the number of elements (key-value pairs) in an array. Syntax: array size arrayName. Returns 0 if the array is empty or undefined.,Liefert die Anzahl der Elemente (Key-Value-Paare) eines Arrays. Syntax: array size arrayName. Liefert 0 wenn das Array leer oder undefiniert ist.,,,,
array startsearch,Array-Subcommands / Array Subcommands,Begin an incremental iteration over an array. Syntax: array startsearch arrayName. Returns an opaque search token. Used with array nextelement and array donesearch when iterating arrays that may change during iteration (rare; foreach over [array names ...] is the usual approach).,Beginnt eine inkrementelle Iteration ueber ein Array. Syntax: array startsearch arrayName. Liefert ein opakes Such-Token. Verwendet mit array nextelement und array donesearch bei Iterationen ueber waehrend der Iteration veraenderlichen Arrays (selten; foreach ueber [array names ...] ist der uebliche Weg).,,,,
array unset,Array-Subcommands / Array Subcommands,Remove array elements (or the entire array). Syntax: array unset arrayName ?pattern?. Without pattern: removes the entire array (the variable becomes undefined). With pattern (glob): removes matching keys. Counterpart to bulk array set.,Entfernt Array-Elemente (oder das ganze Array). Syntax: array unset arrayName ?pattern?. Ohne Pattern: entfernt das ganze Array (Variable wird undefiniert). Mit Pattern (Glob): entfernt treffende Keys. Gegenstueck zum Bulk array set.,,,,
Align,Ausrichtung / Alignment,"Horizontal alignment option specifying how content is positioned (left, right, center).","Horizontale Ausrichtungsoption, die angibt, wie Inhalt positioniert wird (left, right, center).",,,,
Baseline,Ausrichtung / Alignment,"Align content along the text baseline, used for text alignment.","Inhalt an der Textgrundlinie ausrichten, wird für Textausrichtung verwendet.",,,,
Bottom,Ausrichtung / Alignment,Align content to the bottom edge; elements are positioned at the bottom of their container.,Inhalt unten ausrichten; Elemente werden am unteren Rand ihres Containers positioniert.,,,,
Justify,Ausrichtung / Alignment,Align text to both left and right margins by adjusting spacing between words.,Text sowohl links als auch rechts ausrichten durch Anpassung der Abstände zwischen Wörtern.,,,,
Left,Ausrichtung / Alignment,Align content to the left edge; text or elements start from the left side.,Inhalt linksbündig ausrichten; Text oder Elemente beginnen von der linken Seite.,,,,
Right,Ausrichtung / Alignment,Align content to the right edge; text or elements start from the right side.,Inhalt rechtsbündig ausrichten; Text oder Elemente beginnen von der rechten Seite.,,,,
Top,Ausrichtung / Alignment,Align content to the top edge; elements are positioned at the top of their container.,Inhalt oben ausrichten; Elemente werden am oberen Rand ihres Containers positioniert.,,,,
Valign (Vertical Align),Ausrichtung / Alignment,"Vertical alignment option specifying how content is positioned (top, bottom, center, baseline).","Vertikale Ausrichtungsoption, die angibt, wie Inhalt positioniert wird (top, bottom, center, baseline).",,,,
"@x,y (Index Format)",Auswahl und Selection / Selection and Current Items,"Index format specifying position by coordinates (e.g., `@100,50` in text or listbox widgets).","Index-Format, das Position durch Koordinaten angibt (z.B. `@100,50` in Text- oder Listbox-Widgets).",,,,
Active,Auswahl und Selection / Selection and Current Items,"State of widget element being interacted with (e.g., active listbox item, active menu entry).","Zustand eines Widget-Elements, mit dem interagiert wird (z.B. aktives Listbox-Element, aktiver Menüeintrag).",,,,
Active Element,Auswahl und Selection / Selection and Current Items,Currently highlighted or focused element within a widget (keyboard navigation target).,Aktuell hervorgehobenes oder fokussiertes Element innerhalb eines Widgets (Ziel der Tastaturnavigation).,,,,
Browse (Selection Mode),Auswahl und Selection / Selection and Current Items,"Selection mode like single, but selection follows mouse movement; one item always selected.","Auswahlmodus wie single, aber Auswahl folgt Mausbewegung; ein Element immer ausgewählt.",,,,
CLIPBOARD Selection,Auswahl und Selection / Selection and Current Items,Standard clipboard for copy/paste operations (Ctrl+C/Ctrl+V).,Standard-Zwischenablage für Kopieren/Einfügen-Operationen (Strg+C/Strg+V).,,,,
Current,Auswahl und Selection / Selection and Current Items,"Item under mouse pointer or having special focus in widgets like canvas or listbox (e.g., `current` tag in canvas).",Element unter Mauszeiger oder mit speziellem Fokus in Widgets wie Canvas oder Listbox (z.B. `current`-Tag in Canvas).,,,,
Export (Selection),Auswahl und Selection / Selection and Current Items,Make selection available to other applications through X11 selection mechanism.,Auswahl für andere Anwendungen über X11-Auswahl-Mechanismus verfügbar machen.,,,,
Extended (Selection Mode),Auswahl und Selection / Selection and Current Items,Selection mode allowing range selection with Shift+click and toggle with Ctrl+click.,"Auswahlmodus, der Bereichsauswahl mit Umschalt+Klick und Umschalten mit Strg+Klick erlaubt.",,,,
Index (Selection Context),Auswahl und Selection / Selection and Current Items,"Position indicator in text, listbox, or entry widget (e.g., `@x,y`, line.char, `anchor`, `end`, `insert`).","Positionsindikator in Text-, Listbox- oder Entry-Widget (z.B. `@x,y`, line.char, `anchor`, `end`, `insert`).",,,,
Multiple (Selection Mode),Auswahl und Selection / Selection and Current Items,Selection mode allowing multiple non-contiguous items via click (Ctrl+click to toggle).,"Auswahlmodus, der mehrere nicht-zusammenhängende Elemente per Klick erlaubt (Strg+Klick zum Umschalten).",,,,
PRIMARY Selection,Auswahl und Selection / Selection and Current Items,X11 selection type for middle-click paste; contains currently highlighted text.,X11-Auswahl-Typ für Mittelklick-Einfügen; enthält aktuell hervorgehobenen Text.,,,,
Selection,Auswahl und Selection / Selection and Current Items,"Currently selected text, items, or data; managed by Tk selection system for copy/paste operations.","Aktuell ausgewählter Text, Elemente oder Daten; verwaltet durch Tk-Selection-System für Kopieren/Einfügen-Operationen.",,,,
Selection Mode,Auswahl und Selection / Selection and Current Items,Determines how items can be selected in listbox or similar widgets.,"Bestimmt, wie Elemente in Listbox oder ähnlichen Widgets ausgewählt werden können.",,,,
Single (Selection Mode),Auswahl und Selection / Selection and Current Items,"Selection mode allowing only one item to be selected at a time (e.g., `listbox -selectmode single`).","Auswahlmodus, der nur ein Element gleichzeitig erlaubt (z.B. `listbox -selectmode single`).",,,,
activate,Auswahl und Selection / Selection and Current Items,Make specified item active (keyboard focus target) without selecting it.,Angegebenes Element aktiv machen (Tastaturfokus-Ziel) ohne es auszuwählen.,,,,
anchor (Selection),Auswahl und Selection / Selection and Current Items,Starting point of text selection; marks where selection began.,"Startpunkt der Textauswahl; markiert, wo Auswahl begann.",,,,
current (Canvas Tag),Auswahl und Selection / Selection and Current Items,Special canvas tag automatically assigned to item under mouse pointer.,"Spezieller Canvas-Tag, der automatisch dem Element unter Mauszeiger zugewiesen wird.",,,,
curselection,Auswahl und Selection / Selection and Current Items,"Listbox command returning indices of all currently selected items (e.g., `.listbox curselection`).","Listbox-Befehl, der Indizes aller aktuell ausgewählten Elemente zurückgibt (z.B. `.listbox curselection`).",,,,
nearest,Auswahl und Selection / Selection and Current Items,Find item nearest to specified coordinates (used in listbox and canvas).,"Element finden, das angegebenen Koordinaten am nächsten ist (verwendet in Listbox und Canvas).",,,,
see,Auswahl und Selection / Selection and Current Items,Scroll widget to make specified item or position visible.,"Widget scrollen, um angegebenes Element oder Position sichtbar zu machen.",,,,
sel (Selection Tag),Auswahl und Selection / Selection and Current Items,Special text widget tag marking selected text range.,"Spezieller Text-Widget-Tag, der ausgewählten Textbereich markiert.",,,,
selection anchor,Auswahl und Selection / Selection and Current Items,Set anchor point for selection operations in listbox or text widget.,Ankerpunkt für Auswahloperationen in Listbox oder Text-Widget setzen.,,,,
selection clear,Auswahl und Selection / Selection and Current Items,Clear current selection and release ownership.,Aktuelle Auswahl löschen und Besitz freigeben.,,,,
selection get,Auswahl und Selection / Selection and Current Items,Retrieve current selection data from clipboard or selection buffer.,Aktuelle Auswahldaten aus Zwischenablage oder Auswahl-Puffer abrufen.,,,,
selection handle,Auswahl und Selection / Selection and Current Items,Register handler to provide selection data in specific format.,"Handler registrieren, um Auswahldaten in bestimmtem Format bereitzustellen.",,,,
selection own,Auswahl und Selection / Selection and Current Items,Claim ownership of selection; widget becomes selection provider.,Besitz der Auswahl beanspruchen; Widget wird Auswahl-Anbieter.,,,,
selection set,Auswahl und Selection / Selection and Current Items,Set current selection data (PRIMARY selection in X11).,Aktuelle Auswahldaten setzen (PRIMARY-Auswahl in X11).,,,,
--enable-FEATURE / --disable-FEATURE,Autotools / GNU Build System,"Configure options to enable/disable optional features (e.g., `--enable-threads`).",Configure-Optionen zum Aktivieren/Deaktivieren optionaler Features (z.B. `--enable-threads`).,,,,
--prefix,Autotools / GNU Build System,"Configure option specifying installation directory (e.g., `./configure --prefix=/usr/local`).",Configure-Option zum Angeben des Installations-Verzeichnisses (z.B. `./configure --prefix=/usr/local`).,,,,
--with-PACKAGE / --without-PACKAGE,Autotools / GNU Build System,Configure options to include/exclude optional packages or dependencies.,Configure-Optionen zum Einschließen/Ausschließen optionaler Pakete oder Abhängigkeiten.,,,,
./configure,Autotools / GNU Build System,"Command to run configure script, checking dependencies and creating build configuration.","Befehl zum Ausführen von configure-Skript, Prüfen von Abhängigkeiten und Erstellen von Build-Konfiguration.",,,,
AC_INIT / AC_CONFIG_FILES,Autotools / GNU Build System,Core autoconf macros initializing package and specifying files to generate.,Kern-autoconf-Makros zum Initialisieren von Paket und Spezifizieren zu generierender Dateien.,,,,
AM_INIT_AUTOMAKE,Autotools / GNU Build System,Automake macro initializing automake support in configure.ac.,Automake-Makro zum Initialisieren von automake-Unterstützung in configure.ac.,,,,
Makefile.am,Autotools / GNU Build System,High-level input file for automake using simplified syntax.,High-Level-Eingabe-Datei für automake mit vereinfachter Syntax.,,,,
Makefile.in,Autotools / GNU Build System,Template Makefile generated by automake; processed by configure to create final Makefile.,Template-Makefile generiert von automake; von configure verarbeitet um finales Makefile zu erstellen.,,,,
aclocal,Autotools / GNU Build System,Tool collecting autoconf macros from system and third-party packages.,Tool zum Sammeln von autoconf-Makros von System und Drittanbieter-Paketen.,,,,
autoconf,Autotools / GNU Build System,Tool generating configure script from configure.ac for platform-specific configuration.,Tool zum Generieren von configure-Skript aus configure.ac für plattformspezifische Konfiguration.,,,,
automake,Autotools / GNU Build System,Tool generating Makefile.in from Makefile.am for consistent build system structure.,Tool zum Generieren von Makefile.in aus Makefile.am für konsistente Build-System-Struktur.,,,,
autoreconf,Autotools / GNU Build System,Tool running all autotools in correct order to update build system.,Tool zum Ausführen aller autotools in korrekter Reihenfolge um Build-System zu aktualisieren.,,,,
autoreconf -i / autoreconf --install,Autotools / GNU Build System,Install missing auxiliary files and run autotools (common first-time setup).,Fehlende Hilfsdateien installieren und autotools ausführen (übliches Erst-Setup).,,,,
autotools,Autotools / GNU Build System,"Suite of GNU build tools (autoconf, automake, libtool) for creating portable build systems.","Suite von GNU-Build-Tools (autoconf, automake, libtool) zum Erstellen portabler Build-Systeme.",,,,
bootstrap / autogen.sh,Autotools / GNU Build System,Script running autotools to generate configure script from repository checkout.,Skript zum Ausführen von autotools um configure-Skript aus Repository-Checkout zu generieren.,,,,
config.h,Autotools / GNU Build System,Header file generated by configure containing platform-specific #define statements.,Header-Datei generiert von configure mit plattformspezifischen #define-Anweisungen.,,,,
config.log,Autotools / GNU Build System,Log file from configure containing detailed test results and error messages.,Log-Datei von configure mit detaillierten Test-Ergebnissen und Fehlermeldungen.,,,,
config.status,Autotools / GNU Build System,Script generated by configure that can recreate current configuration.,"Skript generiert von configure, das aktuelle Konfiguration neu erstellen kann.",,,,
configure,Autotools / GNU Build System,Script detecting system features and generating Makefiles for specific platform.,Skript zum Erkennen von System-Features und Generieren von Makefiles für spezifische Plattform.,,,,
configure.ac / configure.in,Autotools / GNU Build System,Input file for autoconf containing macros defining configuration tests and options.,"Eingabe-Datei für autoconf mit Makros, die Konfigurations-Tests und Optionen definieren.",,,,
libtool,Autotools / GNU Build System,Generic library support script simplifying shared library creation across platforms.,"Generisches Bibliotheks-Unterstützungs-Skript, das Shared-Library-Erstellung plattformübergreifend vereinfacht.",,,,
ltmain.sh,Autotools / GNU Build System,Libtool script for building and linking libraries portably.,Libtool-Skript für portables Bauen und Linken von Bibliotheken.,,,,
m4,Autotools / GNU Build System,Macro processor used by autoconf to expand macros in configure.ac.,Makro-Prozessor verwendet von autoconf zum Expandieren von Makros in configure.ac.,,,,
BWidget,BWidget-Bibliothek / BWidget Library,"Pure-Tcl widget library providing enhanced widgets (Tree, ListBox, ComboBox, ProgressBar, etc.); portable alternative to platform-specific widgets; requires only Tcl/Tk 8.1+ (e.g., `package require BWidget`).","Reine-Tcl-Widget-Bibliothek mit erweiterten Widgets (Tree, ListBox, ComboBox, ProgressBar, etc.); portable Alternative zu plattformspezifischen Widgets; benötigt nur Tcl/Tk 8.1+ (z.B. `package require BWidget`).",,,,
BWidget ComboBox,BWidget-Bibliothek / BWidget Library,Combination of entry and dropdown list from BWidget; predates ttk::combobox.,Kombination aus Entry und Dropdown-Liste von BWidget; existiert vor ttk::combobox.,,,,
BWidget ListBox,BWidget-Bibliothek / BWidget Library,"Enhanced listbox widget with multi-column support, sorting, and selection features.","Erweitertes Listbox-Widget mit Mehrspalten-Unterstützung, Sortierung und Auswahl-Features.",,,,
BWidget ProgressBar,BWidget-Bibliothek / BWidget Library,Progress indicator widget from BWidget library; predates ttk::progressbar.,Fortschrittsanzeige-Widget aus BWidget-Bibliothek; existiert vor ttk::progressbar.,,,,
BWidget Tree,BWidget-Bibliothek / BWidget Library,Hierarchical tree widget from BWidget library for displaying tree structures with expand/collapse functionality.,Hierarchisches Baum-Widget aus BWidget-Bibliothek zur Anzeige von Baumstrukturen mit Expand/Collapse-Funktionalität.,,,,
Archive,Backup und Recovery / Backup and Recovery,"Compressed file collection for storage; backup format; examples: .tar.gz, .zip, .7z; Tcl create: vfs::zip, tar package; long-term storage; may include metadata, directory structure.","Komprimierte Datei-Sammlung für Speicherung; Backup-Format; Beispiele: .tar.gz, .zip, .7z; Tcl erstellen: vfs::zip, tar-Paket; Langzeit-Speicherung; kann Metadaten, Verzeichnis-Struktur enthalten.",,,,
Backup,Backup und Recovery / Backup and Recovery,"Copy of data for recovery; protects against data loss; strategies: full backup (all files), incremental (changes since last), differential (changes since full); Tcl can automate: `file copy`, tar/zip creation; schedule with cron/Task Scheduler.","Kopie von Daten für Wiederherstellung; schützt vor Datenverlust; Strategien: Voll-Backup (alle Dateien), inkrementell (Änderungen seit letztem), differentiell (Änderungen seit Voll); Tcl kann automatisieren: `file copy`, tar/zip-Erstellung; planen mit cron/Task Scheduler.",,,,
Restore,Backup und Recovery / Backup and Recovery,"Recover data from backup; reverses backup process; extracts files from backup archive; tests backup validity; Tcl scripts: extract tar/zip, copy files to original locations; critical to test before disaster.","Daten von Backup wiederherstellen; kehrt Backup-Prozess um; extrahiert Dateien aus Backup-Archiv; testet Backup-Gültigkeit; Tcl-Skripte: tar/zip extrahieren, Dateien zu Original-Orten kopieren; kritisch zu testen vor Katastrophe.",,,,
Snapshot,Backup und Recovery / Backup and Recovery,"Point-in-time copy of system state; filesystem or VM snapshot; allows rollback to specific moment; VCS commit is code snapshot; some filesystems support native snapshots (ZFS, Btrfs).","Punkt-in-Zeit-Kopie von System-Zustand; Dateisystem- oder VM-Snapshot; erlaubt Rollback zu spezifischem Moment; VCS-Commit ist Code-Snapshot; einige Dateisysteme unterstützen native Snapshots (ZFS, Btrfs).",,,,
Command,Befehle und Syntax / Commands and Syntax,"A Tcl instruction consisting of a command name followed by arguments, separated by spaces.","Eine Tcl-Anweisung, bestehend aus einem Befehlsnamen gefolgt von Argumenten, getrennt durch Leerzeichen.",,,,
List,Befehle und Syntax / Commands and Syntax,"An ordered collection of elements separated by spaces, fundamental to Tcl's data structures.","Eine geordnete Sammlung von Elementen, die durch Leerzeichen getrennt sind; grundlegend für Tcls Datenstrukturen.",,,,
Procedure (proc),Befehle und Syntax / Commands and Syntax,"Define new command (not a function object like in C/Python); creates command with name, parameters, and body that becomes part of interpreter's command set (e.g., `proc myproc {arg1 arg2} {...}`).","Neuen Befehl definieren (kein Funktionsobjekt wie in C/Python); erstellt Befehl mit Name, Parametern und Body, der Teil des Interpreter-Befehlssatzes wird (z.B. `proc myproc {arg1 arg2} {...}`).",,,,
Substitution,Befehle und Syntax / Commands and Syntax,"The process of replacing variables, commands in brackets, or backslash sequences with their values.","Der Prozess, bei dem Variablen, Befehle in Klammern oder Backslash-Sequenzen durch ihre Werte ersetzt werden.",,,,
Variable,Befehle und Syntax / Commands and Syntax,"A named storage location for data, accessed with the `$` prefix or `set` command.","Ein benannter Speicherplatz für Daten, auf den mit dem `$`-Präfix oder dem `set`-Befehl zugegriffen wird.",,,,
CLI (Command Line Interface),Benutzeroberflächen / User Interfaces,Interface accepting text commands; user types commands in terminal; Tcl interactive shell (tclsh) is CLI; no graphical elements.,"Oberfläche, die Text-Befehle akzeptiert; Benutzer tippt Befehle im Terminal; Tcl interaktive Shell (tclsh) ist CLI; keine grafischen Elemente.",,,,
Console,Benutzeroberflächen / User Interfaces,System text interface; in Windows: command prompt or PowerShell; in Unix/Linux: terminal; Tcl's `console` command creates debug console in Tk applications.,System-Text-Oberfläche; in Windows: Eingabeaufforderung oder PowerShell; in Unix/Linux: Terminal; Tcls `console`-Befehl erstellt Debug-Konsole in Tk-Anwendungen.,,,,
GUI (Graphical User Interface),Benutzeroberflächen / User Interfaces,"Visual interface with windows, buttons, menus, and graphical elements; Tk provides comprehensive GUI toolkit for Tcl; event-driven interaction using mouse and keyboard.","Visuelle Oberfläche mit Fenstern, Buttons, Menüs und grafischen Elementen; Tk bietet umfassendes GUI-Toolkit für Tcl; ereignisgesteuerte Interaktion mit Maus und Tastatur.",,,,
TUI (Text-based User Interface),Benutzeroberflächen / User Interfaces,"Interface using text characters only, no graphics; runs in terminal/console; Tcl can create TUIs using terminal control sequences, readline, or packages like tclreadline; also called ""Console UI"" or ""Character UI"".","Oberfläche nur mit Text-Zeichen, keine Grafik; läuft im Terminal/Konsole; Tcl kann TUIs mit Terminal-Steuersequenzen, readline oder Paketen wie tclreadline erstellen; auch ""Console UI"" oder ""Character UI"" genannt.",,,,
Terminal,Benutzeroberflächen / User Interfaces,Text-based interface for command input/output; physical terminal or terminal emulator; displays text using character grid (rows × columns).,Textbasierte Oberfläche für Befehls-Ein-/Ausgabe; physisches Terminal oder Terminal-Emulator; zeigt Text mit Zeichen-Raster (Zeilen × Spalten).,,,,
Library,Bibliotheks- und Paket-System / Library and Package System,"Collection of reusable code (procedures, packages, modules); Tcl libraries: tcllib (pure Tcl), Critcl (C-based), tklib (Tk extensions); installed in standard locations; loaded with `package require` or `source`.","Sammlung wiederverwendbaren Codes (Prozeduren, Pakete, Module); Tcl-Bibliotheken: tcllib (reines Tcl), Critcl (C-basiert), tklib (Tk-Extensions); installiert in Standard-Verzeichnissen; geladen mit `package require` oder `source`.",,,,
Module,Bibliotheks- und Paket-System / Library and Package System,Synonym for Tcl Module (.tm file); self-contained package in single file; preferred over traditional multi-file packages; loaded via `package require` like regular packages; stored in module paths.,Synonym für Tcl Module (.tm-Datei); eigenständiges Paket in einzelner Datei; bevorzugt gegenüber traditionellen Mehrdatei-Paketen; geladen über `package require` wie reguläre Pakete; gespeichert in Modul-Pfaden.,,,,
Package,Bibliotheks- und Paket-System / Library and Package System,"Distributable unit of Tcl code; defined by pkgIndex.tcl or package provide; versioned (e.g., 1.2.3); loaded with `package require PackageName ?version?`; can contain Tcl scripts, compiled extensions, or both.","Verteilbare Einheit von Tcl-Code; definiert durch pkgIndex.tcl oder package provide; versioniert (z.B. 1.2.3); geladen mit `package require PackageName ?version?`; kann Tcl-Skripte, kompilierte Extensions oder beides enthalten.",,,,
Shared Library,Bibliotheks- und Paket-System / Library and Package System,"Compiled binary extension (.so on Unix, .dll on Windows, .dylib on macOS); contains C/C++ code callable from Tcl; loaded with `load` or `package require`; provides performance-critical functionality.","Kompilierte Binär-Extension (.so auf Unix, .dll auf Windows, .dylib auf macOS); enthält C/C++-Code aufrufbar von Tcl; geladen mit `load` oder `package require`; bietet performancekritische Funktionalität.",,,,
TCLLIBPATH,Bibliotheks- und Paket-System / Library and Package System,Environment variable specifying additional package search directories; space-separated list with Tcl list syntax; overrides/extends default `auto_path`; set before starting Tcl interpreter.,"Umgebungsvariable, die zusätzliche Paket-Suchverzeichnisse spezifiziert; leerzeichengetrennte Liste mit Tcl-Listen-Syntax; überschreibt/erweitert Standard-`auto_path`; gesetzt vor Start des Tcl-Interpreters.",,,,
TM (Tcl Module),Bibliotheks- und Paket-System / Library and Package System,"Modern single-file package format (.tm extension); no pkgIndex.tcl needed; filename encodes name and version (e.g., mypackage-1.0.tm); auto-discovered in module paths; simpler than traditional packages; Tcl 8.5+.",Modernes Einzeldatei-Paket-Format (.tm-Endung); keine pkgIndex.tcl nötig; Dateiname kodiert Name und Version (z.B. mypackage-1.0.tm); automatisch in Modul-Pfaden entdeckt; einfacher als traditionelle Pakete; Tcl 8.5+.,,,,
Tcl Module (.tm),Bibliotheks- und Paket-System / Library and Package System,A modern packaging form for Tcl code: a single `.tm` file with a version-encoded filename (e.g. `mypkg-1.2.tm`) that is loadable via `package require` without a separate `pkgIndex.tcl`. Searched on directories listed by `tcl::tm::path list`. Simpler than the classic pkgIndex mechanism for single-file packages.,"Eine moderne Paketform für Tcl-Code: eine einzelne `.tm`-Datei mit versions-kodiertem Dateinamen (z.B. `mypkg-1.2.tm`), die via `package require` ohne separate `pkgIndex.tcl` ladbar ist. Wird in den Verzeichnissen aus `tcl::tm::path list` gesucht. Einfacher als der klassische pkgIndex-Mechanismus für Single-File-Pakete.","# Filename convention: <name>-<version>.tm
# Example: mypkg-1.2.tm

# Inside the file:
package provide mypkg 1.2
namespace eval mypkg { ... }

# Usage from elsewhere:
tcl::tm::path add /opt/tcllibs
package require mypkg",,"tcl::tm::path, tcl::tm::add, tcl::tm::list, package require, pkgIndex.tcl","tm(n), package(n)"
auto_index,Bibliotheks- und Paket-System / Library and Package System,"A global array maintained by the `auto_load` mechanism that maps command names to the Tcl files providing them. Populated from `tclIndex` files generated by `auto_mkindex`. When the `unknown` handler intercepts an undefined command, it looks up `auto_index($cmd)` and sources the listed file on demand.","Ein globales Array, das vom `auto_load`-Mechanismus gepflegt wird und Kommando-Namen auf die Tcl-Dateien abbildet, die sie bereitstellen. Wird aus `tclIndex`-Dateien gefüllt, die mit `auto_mkindex` generiert werden. Wenn der `unknown`-Handler ein nicht definiertes Kommando abfängt, schlägt er in `auto_index($cmd)` nach und lädt die entsprechende Datei on-demand.","# Generate tclIndex in current dir from all *.tcl:
auto_mkindex . *.tcl

# Inspect what's known:
parray auto_index

# auto_index({myProc}) -> source path/to/myProc.tcl",,"unknown, auto_load, auto_mkindex, tclIndex","library(n), auto_mkindex(n)"
lib Directory,Bibliotheks- und Paket-System / Library and Package System,"Standard directory for libraries; typically `$prefix/lib` or `$prefix/lib/tcl8.6`; contains packages, modules, and shared libraries; searched via `auto_path` variable; platform-specific (lib vs lib64).","Standard-Verzeichnis für Bibliotheken; typischerweise `$prefix/lib` oder `$prefix/lib/tcl8.6`; enthält Pakete, Module und Shared Libraries; durchsucht über `auto_path`-Variable; plattformspezifisch (lib vs lib64).",,,,
package ifneeded,Bibliotheks- und Paket-System / Library and Package System,Register package loading script; defined in pkgIndex.tcl; executed when package first required; lazy loading mechanism; example: `package ifneeded mypackage 1.0 [list source [file join $dir mypackage.tcl]]`.,Paket-Lade-Skript registrieren; definiert in pkgIndex.tcl; ausgeführt wenn Paket erstmals benötigt; Lazy-Loading-Mechanismus; Beispiel: `package ifneeded mypackage 1.0 [list source [file join $dir mypackage.tcl]]`.,,,,
package provide,Bibliotheks- und Paket-System / Library and Package System,Command declaring package availability; specifies package name and version; called by package initialization code; example: `package provide mypackage 1.0`.,Befehl zur Deklaration von Paket-Verfügbarkeit; spezifiziert Paket-Namen und Version; aufgerufen von Paket-Initialisierungs-Code; Beispiel: `package provide mypackage 1.0`.,,,,
package require,Bibliotheks- und Paket-System / Library and Package System,Command loading package and its dependencies; searches `auto_path` directories; matches version requirements; loads pkgIndex.tcl or .tm file; example: `package require http 2.9`.,Befehl zum Laden von Paket und seinen Abhängigkeiten; durchsucht `auto_path`-Verzeichnisse; passt Versions-Anforderungen; lädt pkgIndex.tcl oder .tm-Datei; Beispiel: `package require http 2.9`.,,,,
package vcompare,Bibliotheks- und Paket-System / Library and Package System,"Compares two Tcl version strings according to Tcl's version-numbering rules. Returns -1 if the first is older, 0 if equal, 1 if newer. Aware of the major.minor.patch.alpha/beta convention (`1.2a3` < `1.2b1` < `1.2.0`).","Vergleicht zwei Tcl-Versions-Strings gemäß der Tcl-Versionsregeln. Liefert -1 wenn der erste älter ist, 0 bei Gleichheit, 1 wenn neuer. Berücksichtigt die major.minor.patch.alpha/beta-Konvention (`1.2a3` < `1.2b1` < `1.2.0`).","package vcompare 1.0 1.1        ;# -1 (older)
package vcompare 2.0 2.0        ;#  0 (equal)
package vcompare 2.1 2.0.5      ;#  1 (newer)
package vcompare 1.2a3 1.2b1    ;# -1 (alpha before beta)

# Conditional based on Tcl version
if {[package vcompare [info patchlevel] 8.6] >= 0} {
    # We're on 8.6 or later
}",,"package versions, package require, info patchlevel",package(n)
package versions,Bibliotheks- und Paket-System / Library and Package System,"Returns a list of all versions of a given package that are known to the interpreter (registered via `package ifneeded` or already loaded), without loading anything. Useful for build scripts that need to pick a specific version, or for diagnostics when `package require` fails.","Liefert eine Liste aller Versionen eines Pakets, die dem Interpreter bekannt sind (registriert via `package ifneeded` oder bereits geladen), ohne etwas zu laden. Nützlich für Build-Skripte, die eine bestimmte Version wählen müssen, oder zur Diagnose, wenn `package require` fehlschlägt.","# What Tcl extension versions are available?
foreach pkg {Tcl Tk sqlite3 tdbc::sqlite3} {
    puts ""$pkg: [package versions $pkg]""
}

# Pick the newest available
set versions [package versions sqlite3]
set newest [lindex [lsort -command [list package vcompare] $versions] end]
package require sqlite3 $newest",,"package vcompare, package require, package present, package ifneeded",package(n)
pkg_mkIndex,Bibliotheks- und Paket-System / Library and Package System,Command generating pkgIndex.tcl from Tcl files in directory; scans for `package provide` statements; creates index entries; usage: `pkg_mkIndex /path/to/dir *.tcl`.,Befehl zum Generieren von pkgIndex.tcl aus Tcl-Dateien im Verzeichnis; scannt nach `package provide`-Anweisungen; erstellt Index-Einträge; Verwendung: `pkg_mkIndex /path/to/dir *.tcl`.,,,,
tcl::tm,Bibliotheks- und Paket-System / Library and Package System,"Tcl's module system — namespace for the module-path management commands. `tcl::tm::path add /dir/with/tm-files` registers a directory; `tcl::tm::roots` lists all roots. A Tcl module is a `.tm` file named with version like `mypkg-1.0.tm`; placed under a path-registered directory, it becomes available via `package require mypkg`. Simpler than the `pkgIndex.tcl` system: no index file needed, version is in the filename. Standard for new Tcl code; coexists with old-style packages.","Tcls Modul-System — Namespace fuer die Modulpfad-Verwaltungs-Befehle. `tcl::tm::path add /dir/with/tm-files` registriert ein Verzeichnis; `tcl::tm::roots` listet alle Wurzeln. Ein Tcl-Modul ist eine `.tm`-Datei mit Version im Namen wie `meinpkg-1.0.tm`; unter einem registrierten Verzeichnis abgelegt, wird es ueber `package require meinpkg` verfuegbar. Einfacher als das `pkgIndex.tcl`-System: keine Index-Datei noetig, Version im Dateinamen. Standard fuer neuen Tcl-Code; koexistiert mit alten-Stil-Packages.",,,,
tcl::tm::add,Bibliotheks- und Paket-System / Library and Package System,Adds one or more directories to the front of the Tcl Module search path. Newly added directories take precedence over previously known ones. Equivalent to `tcl::tm::path add ...` (the `path` subcommand is implicit at this level since Tcl 8.5).,Fügt ein oder mehrere Verzeichnisse vorne in den Tcl-Module-Suchpfad ein. Neu hinzugefügte Verzeichnisse haben Vorrang vor zuvor bekannten. Äquivalent zu `tcl::tm::path add ...` (der `path`-Sub-Befehl ist auf dieser Ebene seit Tcl 8.5 implizit).,"# Add a project-local module directory
tcl::tm::path add [file join [file dirname [info script]] tm]

# Multiple at once
tcl::tm::path add /opt/tcllibs ~/lib/tcl/tm

# Verify
puts [tcl::tm::path list]",,"tcl::tm::path, tcl::tm::list, Tcl Module (.tm), auto_path",tm(n)
tcl::tm::list,Bibliotheks- und Paket-System / Library and Package System,"Returns the current list of Tcl Module search directories, in the order they will be probed. Useful for diagnostics (`why was my .tm not found?`) and for verifying that startup scripts have set up the path correctly. Same as `tcl::tm::path list`.","Liefert die aktuelle Liste der Tcl-Module-Suchverzeichnisse, in der Reihenfolge, in der sie durchsucht werden. Nützlich zur Diagnose (`warum wurde mein .tm nicht gefunden?`) und zur Verifikation, dass Startup-Skripte den Pfad korrekt gesetzt haben. Identisch mit `tcl::tm::path list`.","# Inspect the search path
foreach dir [tcl::tm::path list] {
    puts $dir
}

# Default paths typically include:
# /usr/local/lib/tcl9.0/tcl9
# /usr/local/share/tcl9.0/tcl9
# ~/.local/lib/tcl9/tcl9   (per Tcl version)",,"tcl::tm::path, tcl::tm::add, Tcl Module (.tm), auto_path",tm(n)
tcl::tm::path,Bibliotheks- und Paket-System / Library and Package System,Command managing Tcl Module paths; `tcl::tm::path add` adds directory; `tcl::tm::path list` shows current paths; modules in these directories auto-discovered; separate from `auto_path`.,Befehl zur Verwaltung von Tcl-Modul-Pfaden; `tcl::tm::path add` fügt Verzeichnis hinzu; `tcl::tm::path list` zeigt aktuelle Pfade; Module in diesen Verzeichnissen automatisch entdeckt; getrennt von `auto_path`.,,,,
%A,Bind-Spezifische Details / Bind-Specific Details,ASCII character corresponding to key press (empty for non-printable keys).,ASCII-Zeichen entsprechend dem Tastendruck (leer für nicht druckbare Tasten).,,,,
%K,Bind-Spezifische Details / Bind-Specific Details,Keysym (symbolic name) of pressed key in binding scripts.,Keysym (symbolischer Name) der gedrückten Taste in Binding-Skripten.,,,,
%W,Bind-Spezifische Details / Bind-Specific Details,Substitution for widget pathname in binding scripts.,Substitution für Widget-Pfadnamen in Binding-Skripten.,,,,
"%X, %Y",Bind-Spezifische Details / Bind-Specific Details,Mouse coordinates relative to screen in binding scripts.,Maus-Koordinaten relativ zum Bildschirm in Binding-Skripten.,,,,
%b,Bind-Spezifische Details / Bind-Specific Details,"Mouse button number (1=left, 2=middle, 3=right).","Mausbutton-Nummer (1=links, 2=mitte, 3=rechts).",,,,
%k,Bind-Spezifische Details / Bind-Specific Details,Numeric keycode of pressed key in binding scripts.,Numerischer Tastencode der gedrückten Taste in Binding-Skripten.,,,,
%s,Bind-Spezifische Details / Bind-Specific Details,"State of modifier keys (Control, Shift, Alt) as numeric bitmask.","Zustand der Modifikatortasten (Control, Shift, Alt) als numerische Bitmaske.",,,,
%t,Bind-Spezifische Details / Bind-Specific Details,Timestamp of event in milliseconds.,Zeitstempel des Ereignisses in Millisekunden.,,,,
"%x, %y",Bind-Spezifische Details / Bind-Specific Details,Mouse coordinates relative to widget in binding scripts.,Maus-Koordinaten relativ zum Widget in Binding-Skripten.,,,,
Bind,Bind-Spezifische Details / Bind-Specific Details,Command to associate event patterns with scripts for widgets or tags.,Befehl zum Verknüpfen von Ereignismustern mit Skripten für Widgets oder Tags.,,,,
Binding Class,Bind-Spezifische Details / Bind-Specific Details,"Group of widgets sharing common bindings (e.g., all Text widgets share Text class bindings).","Gruppe von Widgets, die gemeinsame Bindings teilen (z.B. alle Text-Widgets teilen Text-Klassen-Bindings).",,,,
Bindtags,Bind-Spezifische Details / Bind-Specific Details,List of tag names determining binding order for event processing.,"Liste von Tag-Namen, die Binding-Reihenfolge für Ereignisverarbeitung bestimmen.",,,,
Break,Bind-Spezifische Details / Bind-Specific Details,Command to stop event propagation in binding chain.,Befehl zum Stoppen der Ereignisweiterleitung in der Binding-Kette.,,,,
Continue,Bind-Spezifische Details / Bind-Specific Details,Skip remaining bindings at current level but continue to next level.,"Restliche Bindings auf aktueller Ebene überspringen, aber zur nächsten Ebene fortfahren.",,,,
Event Generate,Bind-Spezifische Details / Bind-Specific Details,Programmatically create and send events to widgets.,Programmatisch Ereignisse erstellen und an Widgets senden.,,,,
Event Pattern,Bind-Spezifische Details / Bind-Specific Details,"String describing event type and modifiers (e.g., `<Button-1>`, `<Control-Key-s>`).","Zeichenfolge, die Ereignistyp und Modifikatoren beschreibt (z.B. `<Button-1>`, `<Control-Key-s>`).",,,,
Event Sequence,Bind-Spezifische Details / Bind-Specific Details,"Multiple events that must occur in order (e.g., `<Double-Button-1>`, `<Control-x><Control-c>`).","Mehrere Ereignisse, die in Reihenfolge auftreten müssen (z.B. `<Double-Button-1>`, `<Control-x><Control-c>`).",,,,
Event Substitution,Bind-Spezifische Details / Bind-Specific Details,"Special characters in binding scripts replaced with event details (e.g., `%x`, `%y` for coordinates, `%W` for widget).","Spezielle Zeichen in Binding-Skripten werden durch Ereignisdetails ersetzt (z.B. `%x`, `%y` für Koordinaten, `%W` für Widget).",,,,
Virtual Event,Bind-Spezifische Details / Bind-Specific Details,"Named event that can be triggered by multiple physical events (e.g., `<<Copy>>`, `<<Paste>>`).","Benanntes Ereignis, das von mehreren physischen Ereignissen ausgelöst werden kann (z.B. `<<Copy>>`, `<<Paste>>`).",,,,
False,Boolesche Werte / Boolean Values,"Boolean value representing logical falsehood; can be expressed as `false`, `no`, `off`, or `0`.","Boolescher Wert, der logische Falschheit repräsentiert; kann als `false`, `no`, `off` oder `0` ausgedrückt werden.",,,,
No,Boolesche Werte / Boolean Values,Alternative representation of boolean false value.,Alternative Darstellung des booleschen Werts falsch.,,,,
Off,Boolesche Werte / Boolean Values,"Alternative representation of boolean false, often used for switches or toggles.","Alternative Darstellung von booleschen falsch, oft verwendet für Schalter oder Umschalter.",,,,
On,Boolesche Werte / Boolean Values,"Alternative representation of boolean true, often used for switches or toggles.","Alternative Darstellung von booleschen wahr, oft verwendet für Schalter oder Umschalter.",,,,
True,Boolesche Werte / Boolean Values,"Boolean value representing logical truth; can be expressed as `true`, `yes`, `on`, or `1`.","Boolescher Wert, der logische Wahrheit repräsentiert; kann als `true`, `yes`, `on` oder `1` ausgedrückt werden.",,,,
Yes,Boolesche Werte / Boolean Values,Alternative representation of boolean true value.,Alternative Darstellung des booleschen Werts wahr.,,,,
$(VAR) / ${VAR},Build-System und Toolchain / Build System and Toolchain,Variable substitution syntax in Makefile to reference variable value.,Variablen-Substitutions-Syntax in Makefile zum Referenzieren von Variablen-Wert.,,,,
-command,Build-System und Toolchain / Build System and Toolchain,Prefix in Makefile rule ignoring command errors and continuing build.,"Präfix in Makefile-Regel, das Befehls-Fehler ignoriert und Build fortsetzt.",,,,
@command,Build-System und Toolchain / Build System and Toolchain,Prefix in Makefile rule suppressing echo of command before execution.,"Präfix in Makefile-Regel, das Echo des Befehls vor Ausführung unterdrückt.",,,,
Dependency,Build-System und Toolchain / Build System and Toolchain,File or target that must exist/be built before another target can be built.,"Datei oder Ziel, das existieren/gebaut werden muss, bevor anderes Ziel gebaut werden kann.",,,,
Makefile,Build-System und Toolchain / Build System and Toolchain,"Configuration file for make containing build rules, targets, and dependencies.","Konfigurations-Datei für make mit Build-Regeln, Zielen und Abhängigkeiten.",,,,
PHONY Target,Build-System und Toolchain / Build System and Toolchain,"Makefile target that doesn't represent actual file (e.g., `.PHONY: clean all`).","Makefile-Ziel, das keine tatsächliche Datei repräsentiert (z.B. `.PHONY: clean all`).",,,,
Rule,Build-System und Toolchain / Build System and Toolchain,Makefile entry defining how to build target from dependencies with shell commands.,"Makefile-Eintrag, der definiert, wie Ziel aus Abhängigkeiten mit Shell-Befehlen gebaut wird.",,,,
Target,Build-System und Toolchain / Build System and Toolchain,"Named goal in Makefile (e.g., `all`, `install`, `clean`) that can be built.","Benanntes Ziel in Makefile (z.B. `all`, `install`, `clean`), das gebaut werden kann.",,,,
Variable (Makefile),Build-System und Toolchain / Build System and Toolchain,"Named value in Makefile (e.g., `CC=gcc`, `CFLAGS=-O2 -Wall`).","Benannter Wert in Makefile (z.B. `CC=gcc`, `CFLAGS=-O2 -Wall`).",,,,
gmake,Build-System und Toolchain / Build System and Toolchain,GNU Make; enhanced version of make with additional features and syntax.,GNU Make; erweiterte Version von make mit zusätzlichen Features und Syntax.,,,,
make,Build-System und Toolchain / Build System and Toolchain,Build automation tool that executes commands in Makefile based on file dependencies.,"Build-Automatisierungs-Tool, das Befehle in Makefile basierend auf Datei-Abhängigkeiten ausführt.",,,,
make all,Build-System und Toolchain / Build System and Toolchain,Default target building entire project; typically builds all executables and libraries.,"Standard-Ziel, das gesamtes Projekt baut; baut typischerweise alle ausführbaren Dateien und Bibliotheken.",,,,
make clean,Build-System und Toolchain / Build System and Toolchain,"Target that removes built files and intermediate objects, returning to clean state.","Ziel, das gebaute Dateien und Zwischen-Objekte entfernt, zurück zu sauberem Zustand.",,,,
make distclean,Build-System und Toolchain / Build System and Toolchain,"Target that removes all generated files including configure output, returning to distribution state.","Ziel, das alle generierten Dateien inklusive configure-Ausgabe entfernt, zurück zu Distributions-Zustand.",,,,
make install,Build-System und Toolchain / Build System and Toolchain,Target that installs built files to system directories (usually requires root/admin).,"Ziel, das gebaute Dateien in System-Verzeichnisse installiert (erfordert meist Root/Admin).",,,,
C (Programmiersprache),C-Erweiterungen und Toolchains / C Extensions and Toolchains,"The systems programming language Tcl and Tk are written in. Every Tcl extension that contains compiled code interacts with the Tcl interpreter through the Tcl C-API, which is itself a C-language interface. Knowing C is not required to use Tcl, but is essential for: writing Tcl extensions in C (via TEA or critcl), reading the Tcl source code, understanding error messages from the C layer, or debugging memory issues. Tcl's design — value-as-string with cached internal reps — was shaped by what's easy to express in C. The C standard versions: C89, C99, C11, C17, C23; Tcl 9 requires at least C99.","Die System-Programmiersprache, in der Tcl und Tk geschrieben sind. Jede Tcl-Erweiterung mit kompiliertem Code interagiert ueber die Tcl-C-API mit dem Tcl-Interpreter, die selbst eine C-Sprachen-Schnittstelle ist. C-Kenntnisse sind keine Voraussetzung um Tcl zu nutzen, aber essentiell fuer: Schreiben von Tcl-Erweiterungen in C (via TEA oder critcl), Lesen des Tcl-Quellcodes, Verstehen von Fehlermeldungen aus der C-Schicht, oder Debugging von Speicherproblemen. Tcls Design — Wert-als-String mit gecachten Internal-Reps — wurde davon gepraegt, was in C einfach auszudruecken ist. C-Standardversionen: C89, C99, C11, C17, C23; Tcl 9 erfordert mindestens C99.",,,,
C++,C-Erweiterungen und Toolchains / C Extensions and Toolchains,"Object-oriented evolution of C, with classes, templates, RAII, and a large standard library (STL). In the Tcl/Tk world, C++ appears in: (a) some compiled extensions (`tkmcairo`, parts of `twapi`, several BAWT-built extensions); (b) the build systems that produce them (MSVC links `.cpp` files routinely, GCC needs `-x c++`); (c) when wrapping a C++ library to expose to Tcl, where the wrapper code needs `extern ""C""` boundaries so the Tcl stubs see C-linkage symbols. The Tcl C-API itself is pure C, but C++ extensions interact with it through the same headers, just with `EXTERN` macros that handle the C/C++ linkage difference.","Objekt-orientierte Evolution von C, mit Klassen, Templates, RAII und einer grossen Standard-Bibliothek (STL). In der Tcl/Tk-Welt taucht C++ auf bei: (a) einigen kompilierten Erweiterungen (`tkmcairo`, Teilen von `twapi`, mehreren BAWT-gebauten Erweiterungen); (b) den Build-Systemen, die sie produzieren (MSVC linkt `.cpp`-Dateien routinemaessig, GCC braucht `-x c++`); (c) beim Wrappen einer C++-Bibliothek zur Bereitstellung fuer Tcl, wo der Wrapper-Code `extern ""C""`-Grenzen braucht, damit die Tcl-Stubs C-Linkage-Symbole sehen. Die Tcl-C-API selbst ist pures C, aber C++-Erweiterungen interagieren ueber dieselben Header, mit `EXTERN`-Makros die den C/C++-Linkage-Unterschied behandeln.",,,,
CFFI,C-Erweiterungen und Toolchains / C Extensions and Toolchains,"Tcl Foreign Function Interface, by Ashok Nadkarni — Tcl extension for calling C functions in pre-built shared libraries (`.so`/`.dll`/`.dylib`) without compiling anything Tcl-side. Declare function signatures with `cffi::Wrapper`, then call them. No need for a TEA build pipeline; ideal when an OS library exists and you just need Tcl access to it. Supports complex types (structs, pointers, callbacks). Successor in spirit to the older `ffidl`.","Tcl Foreign Function Interface, von Ashok Nadkarni — Tcl-Erweiterung zum Aufrufen von C-Funktionen in vorgebauten Shared Libraries (`.so`/`.dll`/`.dylib`) ohne Tcl-seitiges Kompilieren. Funktions-Signaturen mit `cffi::Wrapper` deklarieren, dann aufrufen. Keine TEA-Build-Pipeline noetig; ideal wenn eine OS-Bibliothek existiert und nur Tcl-Zugriff darauf gebraucht wird. Unterstuetzt komplexe Typen (Structs, Pointer, Callbacks). Spiritueller Nachfolger des aelteren `ffidl`.",,,,
CGO,C-Erweiterungen und Toolchains / C Extensions and Toolchains,"Go's mechanism for calling C functions and using C types from Go code, and vice versa. Activated by `import ""C""` in Go source plus C preamble in comments. Equivalent in role to Tcl's CFFI: bridges to existing C libraries. Notable in Tcl context because Go-based Tcl extensions (e.g. tclgo) use CGO to call into the Tcl C-API. CGO has its own memory-safety rules — Go GC must not move pointers that are visible to C, hence the pinning idioms.","Gos Mechanismus zum Aufrufen von C-Funktionen und Nutzen von C-Typen aus Go-Code, und umgekehrt. Aktiviert durch `import ""C""` im Go-Source plus C-Praeambel in Kommentaren. Rollengleich zu Tcls CFFI: Bruecke zu existierenden C-Bibliotheken. Im Tcl-Kontext bemerkenswert weil Go-basierte Tcl-Erweiterungen (z.B. tclgo) ueber CGO in die Tcl-C-API rufen. CGO hat eigene Memory-Safety-Regeln — Gos GC darf keine Pointer bewegen, die C sieht, daher die Pinning-Idiome.",,,,
Deployment Target,C-Erweiterungen und Toolchains / C Extensions and Toolchains,macOS-specific build option that declares the *minimum* macOS version a binary supports. Set via `-mmacosx-version-min=10.13` or `MACOSX_DEPLOYMENT_TARGET=10.13` environment variable. Build system uses this to choose which API symbols to allow. A binary built with deployment target 12.0 will not run on macOS 11; a binary built with target 10.13 runs on every macOS since 10.13. Critical for distributing universal Tcl/Tk apps.,"macOS-spezifische Build-Option, die die *Minimum*-macOS-Version deklariert, die eine Binary unterstuetzt. Gesetzt via `-mmacosx-version-min=10.13` oder `MACOSX_DEPLOYMENT_TARGET=10.13`-Umgebungsvariable. Build-System nutzt das um zu entscheiden, welche API-Symbole erlaubt sind. Eine Binary mit Deployment Target 12.0 laeuft nicht auf macOS 11; eine Binary mit Target 10.13 laeuft auf jedem macOS seit 10.13. Kritisch beim Verteilen universeller Tcl/Tk-Apps.",,,,
MSVC,C-Erweiterungen und Toolchains / C Extensions and Toolchains,Microsoft Visual C++ — Microsoft's C/C++ compiler suite. The default native compiler on Windows for any code that doesn't deliberately target Unix conventions. Used for the official Tcl/Tk Windows builds and for most binary Tcl extensions on Windows. Distributed with Visual Studio (Community Edition is free). Produces PE binaries; uses link.exe rather than ld; uses CL.EXE with `/`-prefixed flags rather than `-` flags.,"Microsoft Visual C++ — Microsofts C/C++-Compiler-Suite. Der Standard-Native-Compiler unter Windows fuer Code, der nicht bewusst Unix-Konventionen anvisiert. Genutzt fuer die offiziellen Tcl/Tk-Windows-Builds und die meisten Binaer-Tcl-Erweiterungen unter Windows. Mit Visual Studio ausgeliefert (Community Edition ist kostenlos). Produziert PE-Binaries; nutzt link.exe statt ld; nutzt CL.EXE mit `/`-praefigierten Flags statt `-`-Flags.",,,,
MinGW-w64,C-Erweiterungen und Toolchains / C Extensions and Toolchains,"Minimalist GNU for Windows (64-bit edition) — port of GCC and the GNU toolchain to Windows, producing native Windows binaries. Successor to the original MinGW (32-bit only). Lets developers use Unix-style build systems (configure, make, autotools) to produce Windows binaries. Common on Windows in MSYS2 or as a cross-compiler from Linux. Distinguishable from MSVC by the C runtime (msvcrt vs. UCRT options) and by ABI quirks for C++ name mangling.","Minimalist GNU for Windows (64-bit Ausgabe) — Portierung von GCC und der GNU-Toolchain auf Windows, die native Windows-Binaries produziert. Nachfolger des urspruenglichen MinGW (nur 32-bit). Erlaubt Entwicklern, Unix-Style-Build-Systeme (configure, make, autotools) fuer Windows-Binaries zu nutzen. Auf Windows ueblicherweise in MSYS2 oder als Cross-Compiler aus Linux. Unterscheidbar von MSVC durch die C-Runtime (msvcrt vs. UCRT-Optionen) und ABI-Eigenheiten bei C++-Name-Mangling.",,,,
Multiarch,C-Erweiterungen und Toolchains / C Extensions and Toolchains,"Debian/Ubuntu mechanism for installing libraries from multiple architectures side-by-side. Paths like `/usr/lib/x86_64-linux-gnu/` and `/usr/lib/aarch64-linux-gnu/` hold per-arch libraries. Lets you install 32-bit and 64-bit versions in parallel, or develop for ARM on x86_64 without a separate sysroot. Common in cross-compile setups where the build needs ARM headers and libraries available alongside the native ones.","Debian-/Ubuntu-Mechanismus zur Installation von Bibliotheken aus mehreren Architekturen nebeneinander. Pfade wie `/usr/lib/x86_64-linux-gnu/` und `/usr/lib/aarch64-linux-gnu/` halten architektur-spezifische Bibliotheken. Erlaubt das Installieren von 32-bit- und 64-bit-Versionen parallel, oder Entwickeln fuer ARM auf x86_64 ohne separates Sysroot. Ueblich in Cross-Compile-Setups, wo der Build ARM-Header und -Bibliotheken neben den nativen braucht.",,,,
NDK,C-Erweiterungen und Toolchains / C Extensions and Toolchains,"Android Native Development Kit — Google's toolchain for compiling C/C++ code to Android. Provides cross-compilers (clang/clang++ for ARM, x86, x86_64), Android-specific headers (Bionic libc instead of glibc), and system libraries. Used by AndroWish to compile Tcl/Tk and extensions for Android targets. Requires an Android API level decision (minSdk) — defines which OS versions the produced binaries support.","Android Native Development Kit — Googles Toolchain zum Kompilieren von C/C++-Code fuer Android. Liefert Cross-Compiler (clang/clang++ fuer ARM, x86, x86_64), Android-spezifische Header (Bionic libc statt glibc) und System-Bibliotheken. Wird von AndroWish genutzt um Tcl/Tk und Erweiterungen fuer Android-Ziele zu kompilieren. Erfordert eine Android-API-Level-Entscheidung (minSdk) — definiert welche OS-Versionen die produzierten Binaries unterstuetzen.",,,,
Pinned Memory,C-Erweiterungen und Toolchains / C Extensions and Toolchains,"Memory address that the language runtime/garbage-collector promises not to move. In Go-Tcl integration via CGO, Go pointers passed to C must be pinned — otherwise Go's GC may relocate them mid-call, leaving C with a dangling pointer. Modern Go (1.20+) provides `runtime.Pinner` for this. In Tcl extension code, the equivalent concern: a `Tcl_Obj` whose intrep holds a pointer to data allocated elsewhere needs lifetime management to keep that data alive as long as the Tcl_Obj exists.","Speicher-Adresse, die die Sprach-Runtime / der Garbage-Collector verspricht nicht zu verschieben. In Go-Tcl-Integration ueber CGO muessen an C uebergebene Go-Pointer gepinnt sein — sonst kann Gos GC sie mitten im Aufruf umlagern und C einen Dangling-Pointer hinterlassen. Modernes Go (1.20+) bietet `runtime.Pinner` dafuer. Im Tcl-Erweiterungs-Code: das Pendant — ein `Tcl_Obj`, dessen Intrep einen Pointer auf anderswo allokierte Daten haelt, braucht Lifetime-Management um diese Daten so lange am Leben zu halten wie der Tcl_Obj existiert.",,,,
Polyglot Programming,C-Erweiterungen und Toolchains / C Extensions and Toolchains,"Building one application from multiple programming languages, each chosen for what it does best. In Tcl context: Tcl as the orchestration and UI layer (fast iteration, Tk for GUI), with C/C++/Go for performance-critical components (parsing, encoding, computation). Tcl's strength here is its bridge-friendly C-API and modular extension model. Common architectures: pure Tcl + critcl-inlined C; Tcl + CGO-compiled Go extension; Tcl + Rust via CFFI.","Eine Anwendung aus mehreren Programmiersprachen bauen, jede gewaehlt fuer das was sie am besten kann. Im Tcl-Kontext: Tcl als Orchestrierungs- und UI-Schicht (schnelle Iteration, Tk fuer GUI), mit C/C++/Go fuer performance-kritische Komponenten (Parsing, Encoding, Berechnung). Tcls Staerke hier ist die bruecken-freundliche C-API und das modulare Erweiterungs-Modell. Uebliche Architekturen: pure Tcl + critcl-inlined C; Tcl + CGO-kompilierte Go-Erweiterung; Tcl + Rust ueber CFFI.",,,,
Python,C-Erweiterungen und Toolchains / C Extensions and Toolchains,"Dynamically-typed scripting language with extensive standard library. Relevant in the Tcl/Tk ecosystem in two ways: (1) **tkinter** — Python's standard Tk binding, the way most non-Tcl users encounter Tk; (2) as an alternative to Tcl for scripting tasks — Python's syntax is more familiar to most programmers, but Tcl's homoiconic (""everything is a list/string"") model is uniquely suited to GUI scripting and command-extension scenarios. The two communities have historically been parallel rather than competing — Python for general scripting, Tcl for embedded scripting and Tk-based GUIs.","Dynamisch typisierte Skriptsprache mit umfangreicher Standard-Bibliothek. Im Tcl/Tk-Oekosystem auf zwei Wegen relevant: (1) **tkinter** — Pythons Standard-Tk-Bindung, der Weg auf dem die meisten Nicht-Tcl-Nutzer Tk erleben; (2) als Alternative zu Tcl fuer Skript-Aufgaben — Pythons Syntax ist vielen Programmierern vertrauter, aber Tcls homoikonisches (""alles ist Liste/String"") Modell ist einzigartig fuer GUI-Skripting und Befehls-Erweiterungs-Szenarien geeignet. Die beiden Communities lagen historisch parallel statt konkurrierend — Python fuer generelles Skripting, Tcl fuer eingebettetes Skripting und Tk-basierte GUIs.",,,,
QEMU,C-Erweiterungen und Toolchains / C Extensions and Toolchains,"Open-source machine emulator and virtualizer. For cross-compilation workflows: lets you run binaries built for one architecture (e.g. ARM) on another (e.g. x86_64 Linux), via user-mode emulation (`qemu-arm`). Indispensable for testing cross-compiled Tcl extensions before deploying to actual hardware. Also full-system mode (boot a different-architecture OS in a VM) for deeper testing. Standard tool for embedded/cross development.","Open-Source-Maschinen-Emulator und -Virtualisierer. Fuer Cross-Kompilierungs-Workflows: laesst Binaries, die fuer eine Architektur (z.B. ARM) gebaut wurden, auf einer anderen (z.B. x86_64 Linux) laufen, via User-Mode-Emulation (`qemu-arm`). Unverzichtbar zum Testen cross-kompilierter Tcl-Erweiterungen bevor sie auf echte Hardware kommen. Auch Full-System-Modus (booten eines anderen-Architektur-OS in einer VM) fuer tieferes Testen. Standard-Werkzeug fuer Embedded-/Cross-Entwicklung.",,,,
Toolchain,C-Erweiterungen und Toolchains / C Extensions and Toolchains,"The full set of tools used to build software for a specific target — compiler, assembler, linker, libraries, headers, archiver. For native builds: the host's installed gcc/clang/msvc. For cross-compilation: a separate toolchain matching the target architecture and OS. Often packaged with a triplet identifier like `x86_64-linux-gnu` (host) or `aarch64-linux-gnu` (Raspberry Pi target). Setting `CC`, `LD`, `AR` to toolchain-specific binaries directs the build.","Der volle Satz an Werkzeugen zum Bauen von Software fuer ein bestimmtes Target — Compiler, Assembler, Linker, Bibliotheken, Header, Archiver. Fuer native Builds: das auf dem Host installierte gcc/clang/msvc. Fuer Cross-Kompilierung: eine separate Toolchain passend zur Ziel-Architektur und zum Ziel-OS. Oft verpackt mit einer Triplet-Kennung wie `x86_64-linux-gnu` (Host) oder `aarch64-linux-gnu` (Raspberry-Pi-Ziel). Das Setzen von `CC`, `LD`, `AR` auf Toolchain-spezifische Binaries lenkt den Build.",,,,
Triplet,C-Erweiterungen und Toolchains / C Extensions and Toolchains,"Build-system identifier for a compile target in the form `architecture-vendor-os-libc` (or shorter). Standard forms: `x86_64-linux-gnu`, `aarch64-linux-gnu`, `x86_64-w64-mingw32`, `arm-none-eabi`. Used by configure scripts (`--host=...`, `--build=...`, `--target=...`) and Rust's `--target` flag. Encodes the answer to ""what binary should this produce?"" succinctly.","Build-System-Kennung fuer ein Compile-Ziel in der Form `Architektur-Vendor-OS-Libc` (oder kuerzer). Standard-Formen: `x86_64-linux-gnu`, `aarch64-linux-gnu`, `x86_64-w64-mingw32`, `arm-none-eabi`. Verwendet von configure-Scripts (`--host=...`, `--build=...`, `--target=...`) und Rusts `--target`-Flag. Kodiert die Antwort auf ""was fuer eine Binary soll das werden?"" knapp.",,,,
clang-cl,C-Erweiterungen und Toolchains / C Extensions and Toolchains,"Clang configured as an MSVC-compatible drop-in compiler. Accepts MSVC's `/`-style flags, links against the MSVC C runtime, produces PE binaries that link with libraries built by MSVC. Used by projects that want LLVM's diagnostics and code-quality on Windows but cannot leave the MSVC ecosystem. ABI-compatible with MSVC for C; for C++, mostly compatible with caveats.","Clang, konfiguriert als MSVC-kompatibler Drop-in-Compiler. Akzeptiert MSVCs `/`-Style-Flags, linkt gegen die MSVC-C-Runtime, produziert PE-Binaries, die mit MSVC-gebauten Bibliotheken zusammenpassen. Genutzt von Projekten, die LLVMs Diagnostics und Code-Qualitaet unter Windows wollen, aber das MSVC-Oekosystem nicht verlassen koennen. ABI-kompatibel mit MSVC fuer C; fuer C++ weitgehend kompatibel mit Vorbehalten.",,,,
critcl,C-Erweiterungen und Toolchains / C Extensions and Toolchains,"Tcl extension by Andreas Kupries that lets you embed C code directly inside a Tcl script. critcl compiles the C inline at first run (caching the result) and registers it as a Tcl command. Eliminates the build-system boilerplate of TEA for small extensions — no `configure.ac`, no `Makefile.in`, no `pkgIndex.tcl` work. Typical use: tight inner loops, OS-level calls, performance-critical helpers. Example: `critcl::cproc fast_add {int a int b} int { return a + b; }`.","Tcl-Erweiterung von Andreas Kupries, die C-Code direkt im Tcl-Script einbetten laesst. critcl kompiliert das C beim ersten Lauf inline (mit Caching) und registriert es als Tcl-Befehl. Eliminiert den Build-System-Boilerplate von TEA fuer kleine Erweiterungen — kein `configure.ac`, kein `Makefile.in`, keine `pkgIndex.tcl`-Arbeit. Typischer Einsatz: enge innere Schleifen, OS-Level-Aufrufe, performance-kritische Hilfsfunktionen. Beispiel: `critcl::cproc fast_add {int a int b} int { return a + b; }`.",,,,
ffidl,C-Erweiterungen und Toolchains / C Extensions and Toolchains,"Older Foreign Function Interface for Tcl. Pre-CFFI, lighter weight, less complete in type support. Still used in legacy Tcl code. For new projects, CFFI is recommended over ffidl (better typed, better Tcl-9 support, actively maintained).","Aelteres Foreign Function Interface fuer Tcl. Vor CFFI, schlanker, weniger vollstaendig in der Typunterstuetzung. In Tcl-Legacy-Code weiter im Einsatz. Fuer neue Projekte ist CFFI gegenueber ffidl zu empfehlen (besser typisiert, besser Tcl-9-Support, aktiv gepflegt).",,,,
glibc,C-Erweiterungen und Toolchains / C Extensions and Toolchains,"GNU C Library — the standard C library on most Linux distributions (Debian, Ubuntu, Fedora, RHEL, ...). Provides POSIX APIs, threading, locale, dynamic linker. Each glibc version has a binary-incompatibility threshold: a binary built against glibc 2.34 will not run on a system with glibc 2.31 (forward-compatibility only). Critical when distributing Tcl-extension binaries — must target the *lowest* glibc you want to support.","GNU C Library — die Standard-C-Bibliothek auf den meisten Linux-Distributionen (Debian, Ubuntu, Fedora, RHEL, ...). Bietet POSIX-APIs, Threading, Locale, dynamischen Linker. Jede glibc-Version hat eine Binary-Inkompatibilitaets-Schwelle: eine gegen glibc 2.34 gebaute Binary laeuft nicht auf einem System mit glibc 2.31 (nur vorwaerts-kompatibel). Kritisch beim Verteilen von Tcl-Erweiterungs-Binaries — gegen die *niedrigste* glibc zielen, die unterstuetzt werden soll.",,,,
musl,C-Erweiterungen und Toolchains / C Extensions and Toolchains,"Alternative C library to glibc, designed for size and static linking. Used by Alpine Linux (the de-facto small-container Linux), embedded distributions, and Docker images that need tiny binaries. Differences from glibc: stricter standards conformance, smaller binaries, no `getrlimit`-stack-juggling. Tcl extensions built against glibc may not run on musl systems and vice versa — different DNS resolution, different threading internals, different locale handling.","Alternative C-Bibliothek zu glibc, ausgelegt auf Groesse und statisches Linken. Verwendet von Alpine Linux (das De-Facto-Klein-Container-Linux), eingebetteten Distributionen und Docker-Images, die winzige Binaries brauchen. Unterschiede zu glibc: strengere Standard-Konformitaet, kleinere Binaries, kein `getrlimit`-Stack-Jonglieren. Tcl-Erweiterungen, die gegen glibc gebaut wurden, laufen evtl. nicht auf musl-Systemen und umgekehrt — andere DNS-Aufloesung, andere Threading-Internas, anderes Locale-Handling.",,,,
Arc (Canvas),Canvas Item Details / Canvas Item Details,"Canvas item drawing portion of oval outline; specified by bounding rectangle and angles (start, extent); styles: `pieslice`, `chord`, `arc`.","Canvas-Element zum Zeichnen eines Teils einer Oval-Umrisslinie; angegeben durch begrenzende Rechteck und Winkel (start, extent); Stile: `pieslice`, `chord`, `arc`.",,,,
Bitmap (Canvas),Canvas Item Details / Canvas Item Details,"Canvas item displaying monochrome bitmap pattern; predefined: `error`, `gray75`, `gray50`, `gray25`, `gray12`, `hourglass`, `info`, `questhead`, `question`, `warning`.","Canvas-Element zur Anzeige monochromen Bitmap-Musters; vordefiniert: `error`, `gray75`, `gray50`, `gray25`, `gray12`, `hourglass`, `info`, `questhead`, `question`, `warning`.",,,,
Image (Canvas),Canvas Item Details / Canvas Item Details,Canvas item displaying photo or bitmap image; references image created with `image create`.,Canvas-Element zur Anzeige von Foto oder Bitmap-Bild; referenziert Bild erstellt mit `image create`.,,,,
Line (Canvas),Canvas Item Details / Canvas Item Details,"Canvas item drawing straight or curved lines through specified coordinates; options: `-width`, `-fill`, `-dash`, `-arrow`, `-smooth`.","Canvas-Element zum Zeichnen gerader oder gekrümmter Linien durch angegebene Koordinaten; Optionen: `-width`, `-fill`, `-dash`, `-arrow`, `-smooth`.",,,,
Oval (Canvas),Canvas Item Details / Canvas Item Details,"Canvas item drawing ellipse or circle; defined by bounding rectangle; options: `-fill`, `-outline`, `-width`, `-dash`.","Canvas-Element zum Zeichnen von Ellipse oder Kreis; definiert durch begrenzende Rechteck; Optionen: `-fill`, `-outline`, `-width`, `-dash`.",,,,
Polygon (Canvas),Canvas Item Details / Canvas Item Details,"Canvas item drawing closed shape with three or more vertices; first/last points automatically connected; options: `-fill`, `-outline`, `-smooth`.","Canvas-Element zum Zeichnen geschlossener Form mit drei oder mehr Eckpunkten; erster/letzter Punkt automatisch verbunden; Optionen: `-fill`, `-outline`, `-smooth`.",,,,
Rectangle (Canvas),Canvas Item Details / Canvas Item Details,"Canvas item drawing rectangular shape; defined by two opposite corners; options: `-fill`, `-outline`, `-width`, `-dash`.","Canvas-Element zum Zeichnen rechteckiger Form; definiert durch zwei gegenüberliegende Ecken; Optionen: `-fill`, `-outline`, `-width`, `-dash`.",,,,
Text (Canvas),Canvas Item Details / Canvas Item Details,"Canvas item displaying text string; options: `-text`, `-font`, `-fill`, `-anchor`, `-justify`, `-width`.","Canvas-Element zur Anzeige von Text-String; Optionen: `-text`, `-font`, `-fill`, `-anchor`, `-justify`, `-width`.",,,,
Window (Canvas),Canvas Item Details / Canvas Item Details,Canvas item embedding Tk widget at specified position; allows interactive widgets within canvas.,Canvas-Element zum Einbetten von Tk-Widget an angegebener Position; erlaubt interaktive Widgets innerhalb Canvas.,,,,
Activefill / Activeoutline,Canvas-Item-Typen / Canvas Item Types,Fill/outline color when canvas item is active (typically during mouse-over).,"Füll-/Umrissfarbe, wenn Canvas-Element aktiv ist (typischerweise während Mouse-Over).",,,,
Anchor (text/image anchor),Canvas-Item-Typen / Canvas Item Types,Positioning reference point for text and image items on canvas.,Positionierungsreferenzpunkt für Text- und Bild-Elemente auf Canvas.,,,,
Arc,Canvas-Item-Typen / Canvas Item Types,"Canvas item drawing portion of oval outline, specified by start and extent angles.","Canvas-Element zum Zeichnen eines Teils einer Oval-Umrisslinie, angegeben durch Start- und Erweiterungswinkel.",,,,
Bitmap,Canvas-Item-Typen / Canvas Item Types,Canvas item displaying monochrome bitmap pattern.,"Canvas-Element, das monochromes Bitmap-Muster anzeigt.",,,,
Disabledfill / Disabledoutline,Canvas-Item-Typen / Canvas Item Types,Fill/outline color when canvas item is in disabled state.,"Füll-/Umrissfarbe, wenn Canvas-Element im deaktivierten Zustand ist.",,,,
Extent,Canvas-Item-Typen / Canvas Item Types,"Angular range for arc items, measured in degrees from start angle.","Winkelbereich für Arc-Elemente, gemessen in Grad vom Startwinkel.",,,,
Image,Canvas-Item-Typen / Canvas Item Types,Canvas item displaying image (photo or bitmap) at specified position.,"Canvas-Element, das Bild (Foto oder Bitmap) an angegebener Position anzeigt.",,,,
Justify (text justify),Canvas-Item-Typen / Canvas Item Types,"Text alignment within its bounding box: `left`, `right`, `center`.","Textausrichtung innerhalb ihrer Begrenzungsbox: `left`, `right`, `center`.",,,,
Line,Canvas-Item-Typen / Canvas Item Types,Canvas item drawing straight or curved lines through specified coordinates.,Canvas-Element zum Zeichnen gerader oder gekrümmter Linien durch angegebene Koordinaten.,,,,
Offset,Canvas-Item-Typen / Canvas Item Types,Scroll offset for stipple pattern or dash pattern alignment.,Scroll-Versatz für Stipple-Muster oder Strich-Muster-Ausrichtung.,,,,
Oval,Canvas-Item-Typen / Canvas Item Types,Canvas item drawing ellipse or circle inscribed in bounding rectangle.,"Canvas-Element zum Zeichnen einer Ellipse oder eines Kreises, eingeschrieben in begrenzende Rechteck.",,,,
Polygon,Canvas-Item-Typen / Canvas Item Types,Canvas item drawing closed shape with three or more vertices.,Canvas-Element zum Zeichnen geschlossener Form mit drei oder mehr Eckpunkten.,,,,
Rectangle,Canvas-Item-Typen / Canvas Item Types,Canvas item drawing rectangular shape defined by opposite corners.,"Canvas-Element zum Zeichnen rechteckiger Form, definiert durch gegenüberliegende Ecken.",,,,
Start,Canvas-Item-Typen / Canvas Item Types,"Starting angle for arc items, measured in degrees (0 = 3 o'clock position).","Startwinkel für Arc-Elemente, gemessen in Grad (0 = 3-Uhr-Position).",,,,
State (canvas item state),Canvas-Item-Typen / Canvas Item Types,"Canvas item state: `normal`, `disabled`, or `hidden`.","Canvas-Element-Zustand: `normal`, `disabled` oder `hidden`.",,,,
Stipple (canvas stipple),Canvas-Item-Typen / Canvas Item Types,Bitmap pattern for creating textured fills in canvas items.,Bitmap-Muster zum Erstellen texturierter Füllungen in Canvas-Elementen.,,,,
Style (arc style),Canvas-Item-Typen / Canvas Item Types,"Arc drawing style: `pieslice` (filled wedge), `chord` (filled segment), `arc` (outline only).","Arc-Zeichnungsstil: `pieslice` (gefüllter Keil), `chord` (gefülltes Segment), `arc` (nur Umriss).",,,,
Arrow,Canvas-Spezifische Begriffe / Canvas-Specific Terms,"Arrowhead decoration for line items; options include `first`, `last`, `both`, `none`.","Pfeilspitzen-Dekoration für Linienelemente; Optionen umfassen `first`, `last`, `both`, `none`.",,,,
Bbox (Bounding Box),Canvas-Spezifische Begriffe / Canvas-Specific Terms,The rectangular area that encloses a canvas item or group of items.,"Der rechteckige Bereich, der ein Canvas-Element oder eine Gruppe von Elementen umschließt.",,,,
Canvas Item,Canvas-Spezifische Begriffe / Canvas-Specific Terms,"A graphical object on a canvas (line, rectangle, oval, text, image, etc.).","Ein grafisches Objekt auf einem Canvas (Linie, Rechteck, Oval, Text, Bild, etc.).",,,,
Coords,Canvas-Spezifische Begriffe / Canvas-Specific Terms,Get or set the coordinates of a canvas item.,Die Koordinaten eines Canvas-Elements abrufen oder setzen.,,,,
Create,Canvas-Spezifische Begriffe / Canvas-Specific Terms,"Command to add new items to a canvas (e.g., `.canvas create line`).",Befehl zum Hinzufügen neuer Elemente zu einem Canvas (z.B. `.canvas create line`).,,,,
Lower,Canvas-Spezifische Begriffe / Canvas-Specific Terms,Move canvas items down in the stacking order (behind other items).,Canvas-Elemente in der Stapelreihenfolge nach unten bewegen (hinter andere Elemente).,,,,
Move,Canvas-Spezifische Begriffe / Canvas-Specific Terms,Shift a canvas item by relative x and y offsets.,Ein Canvas-Element um relative x- und y-Verschiebungen bewegen.,,,,
Raise,Canvas-Spezifische Begriffe / Canvas-Specific Terms,Move canvas items up in the stacking order (in front of other items).,Canvas-Elemente in der Stapelreihenfolge nach oben bewegen (vor andere Elemente).,,,,
Rotate,Canvas-Spezifische Begriffe / Canvas-Specific Terms,Rotate canvas items around a center point (requires additional calculations).,Canvas-Elemente um einen Mittelpunkt drehen (erfordert zusätzliche Berechnungen).,,,,
Smooth,Canvas-Spezifische Begriffe / Canvas-Specific Terms,Create smoothed curves for line and polygon items on canvas.,Geglättete Kurven für Linien- und Polygon-Elemente auf Canvas erstellen.,,,,
Spline,Canvas-Spezifische Begriffe / Canvas-Specific Terms,"A smooth curve through specified points, used with canvas line items.","Eine glatte Kurve durch angegebene Punkte, verwendet mit Canvas-Linienelementen.",,,,
CF_BITMAP,Clipboard und Selection / Clipboard and Selection,"Windows clipboard format ID 2 — a device-dependent bitmap (HBITMAP handle). Together with `CF_DIB` (format 8, device-independent bitmap) the primary way images travel through the clipboard on Windows. TWAPI exposes raw access; for Tk's photo image, a small bridge is required to convert between HBITMAP and Tk's image format.","Windows-Clipboard-Format-ID 2 — eine gerätenabhängige Bitmap (HBITMAP-Handle). Zusammen mit `CF_DIB` (Format 8, geräteunabhängige Bitmap) der primäre Weg, Bilder über die Zwischenablage zu transportieren. TWAPI bietet rohen Zugriff; für Tks photo-image ist ein kleiner Adapter nötig, um zwischen HBITMAP und Tks Image-Format zu konvertieren.","package require twapi

# Is an image on the clipboard?
set hasBmp  [twapi::clipboard_format_available 2]
set hasDib  [twapi::clipboard_format_available 8]
puts ""Bitmap: $hasBmp   DIB: $hasDib""

# Available formats overall
foreach fmt [twapi::get_clipboard_formats] {
    puts ""format $fmt""
}",,"CF_TEXT, CF_UNICODETEXT, clipboard, CF_DIB, HBITMAP",twapi_clipboard(n)
CF_TEXT,Clipboard und Selection / Clipboard and Selection,"Windows clipboard format ID 1 — plain ANSI text (single-byte, system code page). The most basic clipboard format; almost every application offering text exposes this. Modern apps prefer `CF_UNICODETEXT` because it preserves characters outside the local code page. TWAPI: `twapi::clipboard_format_available 1` and `twapi::read_clipboard 1`.","Windows-Clipboard-Format-ID 1 — reiner ANSI-Text (Single-Byte, System-Code-Page). Das einfachste Clipboard-Format; nahezu jede Text-anbietende Anwendung stellt es bereit. Moderne Apps bevorzugen `CF_UNICODETEXT`, weil es Zeichen außerhalb der lokalen Code-Page bewahrt. TWAPI: `twapi::clipboard_format_available 1` und `twapi::read_clipboard 1`.","package require twapi

# Check whether plain text is on the clipboard
if {[twapi::clipboard_format_available 1]} {
    set text [twapi::read_clipboard 1]
    puts ""Got [string length $text] characters of ANSI text""
}",,"CF_UNICODETEXT, CF_BITMAP, clipboard, TWAPI, Windows Code Pages",twapi_clipboard(n)
CF_UNICODETEXT,Clipboard und Selection / Clipboard and Selection,Windows clipboard format ID 13 — UTF-16LE text. The preferred format for modern apps because it preserves all Unicode characters regardless of the system code page. Tcl's built-in `clipboard get` returns content that came in as `CF_UNICODETEXT` correctly; raw byte-level access is available via `twapi::read_clipboard 13`.,"Windows-Clipboard-Format-ID 13 — UTF-16LE-Text. Das bevorzugte Format für moderne Apps, weil es alle Unicode-Zeichen unabhängig von der System-Code-Page bewahrt. Tcls eingebauter `clipboard get` liefert als `CF_UNICODETEXT` eingegangenen Inhalt korrekt; rohen Byte-Zugriff bietet `twapi::read_clipboard 13`.","package require twapi

# Modern preferred format
if {[twapi::clipboard_format_available 13]} {
    set text [twapi::read_clipboard 13]
    # Already a Tcl string -- emoji and CJK work
    puts $text
}

# Equivalent via Tk's built-in (cross-platform):
if {![catch {clipboard get -type STRING} text]} {
    puts $text
}",,"CF_TEXT, CF_BITMAP, clipboard, UTF-16LE, TWAPI","twapi_clipboard(n), clipboard(n)"
CLIPBOARD,Clipboard und Selection / Clipboard and Selection,Standard system clipboard for copy/paste (Ctrl+C/V); different from PRIMARY selection.,Standard-System-Zwischenablage für Kopieren/Einfügen (Strg+C/V); unterschiedlich von PRIMARY-Auswahl.,,,,
clipboard append,Clipboard und Selection / Clipboard and Selection,"Append text to system clipboard (e.g., `clipboard append ""text""`).","Text an System-Zwischenablage anhängen (z.B. `clipboard append ""text""`).",,,,
clipboard clear,Clipboard und Selection / Clipboard and Selection,Clear system clipboard contents.,System-Zwischenablage-Inhalt löschen.,,,,
clipboard get,Clipboard und Selection / Clipboard and Selection,Retrieve current clipboard contents as string.,Aktuellen Zwischenablage-Inhalt als String abrufen.,,,,
-D (Define),Compiler und Linker / Compiler and Linker,"Define preprocessor macro (e.g., `-DUSE_TCL_STUBS` defines USE_TCL_STUBS).",Präprozessor-Makro definieren (z.B. `-DUSE_TCL_STUBS` definiert USE_TCL_STUBS).,,,,
-I (Include Path),Compiler und Linker / Compiler and Linker,Compiler flag specifying directory to search for header files.,Compiler-Flag zum Spezifizieren von Verzeichnis für Header-Datei-Suche.,,,,
-L (Library Path),Compiler und Linker / Compiler and Linker,Linker flag specifying directory to search for libraries.,Linker-Flag zum Spezifizieren von Verzeichnis für Bibliotheks-Suche.,,,,
-O0 -O1 -O2 -O3,Compiler und Linker / Compiler and Linker,"Optimization levels: O0 (none), O1 (basic), O2 (standard), O3 (aggressive).","Optimierungs-Stufen: O0 (keine), O1 (basis), O2 (standard), O3 (aggressiv).",,,,
-Wall / -Wextra,Compiler und Linker / Compiler and Linker,Enable all/extra compiler warnings for better code quality.,Alle/Extra Compiler-Warnungen aktivieren für bessere Code-Qualität.,,,,
-fPIC,Compiler und Linker / Compiler and Linker,Compiler flag generating position-independent code required for shared libraries.,Compiler-Flag zum Generieren positions-unabhängigen Codes erforderlich für Shared Libraries.,,,,
-g,Compiler und Linker / Compiler and Linker,Compiler flag including debug symbols for debugging with gdb/lldb.,Compiler-Flag zum Einschließen von Debug-Symbolen für Debugging mit gdb/lldb.,,,,
-l (Link Library),Compiler und Linker / Compiler and Linker,"Linker flag linking against specific library (e.g., `-ltcl` links libtcl.so).",Linker-Flag zum Linken gegen spezifische Bibliothek (z.B. `-ltcl` linkt libtcl.so).,,,,
-shared,Compiler und Linker / Compiler and Linker,Linker flag creating shared library (.so/.dll/.dylib) instead of executable.,Linker-Flag zum Erstellen von Shared Library (.so/.dll/.dylib) statt ausführbarer Datei.,,,,
CFLAGS,Compiler und Linker / Compiler and Linker,"Compiler flags for C code (e.g., `-O2 -Wall -I/usr/include/tcl8.6`).",Compiler-Flags für C-Code (z.B. `-O2 -Wall -I/usr/include/tcl8.6`).,,,,
CPPFLAGS,Compiler und Linker / Compiler and Linker,"C preprocessor flags (e.g., `-DUSE_TCL_STUBS -D_GNU_SOURCE`).",C-Präprozessor-Flags (z.B. `-DUSE_TCL_STUBS -D_GNU_SOURCE`).,,,,
LDFLAGS,Compiler und Linker / Compiler and Linker,"Linker flags specifying library search paths (e.g., `-L/usr/lib64`).",Linker-Flags zum Spezifizieren von Bibliotheks-Suchpfaden (z.B. `-L/usr/lib64`).,,,,
LIBS,Compiler und Linker / Compiler and Linker,"Libraries to link against (e.g., `-ltcl8.6 -lpthread`).",Bibliotheken zum Linken (z.B. `-ltcl8.6 -lpthread`).,,,,
Object File (.o),Compiler und Linker / Compiler and Linker,Compiled but not linked intermediate file from source code.,Kompilierte aber nicht gelinkte Zwischen-Datei aus Quellcode.,,,,
Shared Library (.so/.dll/.dylib),Compiler und Linker / Compiler and Linker,Dynamically loaded library shared between multiple programs.,"Dynamisch geladene Bibliothek, geteilt zwischen mehreren Programmen.",,,,
Static Library (.a),Compiler und Linker / Compiler and Linker,Archive of compiled object files linked directly into executable.,Archiv kompilierter Objekt-Dateien direkt in ausführbare Datei gelinkt.,,,,
ar,Compiler und Linker / Compiler and Linker,Tool creating static library archives from object files.,Tool zum Erstellen statischer Bibliotheks-Archive aus Objekt-Dateien.,,,,
clang / clang++,Compiler und Linker / Compiler and Linker,"LLVM C/C++ compilers, alternative to gcc with better diagnostics.","LLVM C/C++-Compiler, Alternative zu gcc mit besserer Diagnostik.",,,,
gcc / g++,Compiler und Linker / Compiler and Linker,GNU C/C++ compilers commonly used for building Tcl extensions.,GNU C/C++-Compiler häufig verwendet für Bau von Tcl-Extensions.,,,,
ldd,Compiler und Linker / Compiler and Linker,Tool showing shared library dependencies of executable (Linux/Unix).,Tool zum Anzeigen von Shared-Library-Abhängigkeiten ausführbarer Datei (Linux/Unix).,,,,
nm,Compiler und Linker / Compiler and Linker,Tool listing symbols in object files or libraries.,Tool zum Auflisten von Symbolen in Objekt-Dateien oder Bibliotheken.,,,,
ranlib,Compiler und Linker / Compiler and Linker,Tool generating index for static library archive for faster linking.,Tool zum Generieren von Index für statisches Bibliotheks-Archiv für schnelleres Linken.,,,,
strip,Compiler und Linker / Compiler and Linker,Tool removing debug symbols from binary to reduce size.,Tool zum Entfernen von Debug-Symbolen aus Binary um Größe zu reduzieren.,,,,
MenTestBegriff,Core Tcl Commands,This is my test entry for testing the edit dialog,Dies ist mein Test-Betrag zum Testen des Edit-Dialog,,,,
dict,Core Tcl Commands,"Ordered key/value dictionary in Tcl 8.5+. Subcommands: dict create, get, set, unset, exists, keys, values, size, for, map, with, update, merge, replace, append, lappend, incr, filter, info. Stable iteration order. Internally a hash table; pure Tcl values, no special syntax.","Geordnetes Key/Value-Dictionary in Tcl 8.5+. Subkommandos: dict create, get, set, unset, exists, keys, values, size, for, map, with, update, merge, replace, append, lappend, incr, filter, info. Stabile Iterations-Reihenfolge. Intern Hash-Tabelle; reine Tcl-Werte, keine spezielle Syntax.",,,,
info,Core Tcl Commands,"Tcl introspection ensemble. Subcommands: info commands, procs, args, body, default, exists, vars, globals, locals, level, frame, script, library, patchlevel, tclversion, complete, hostname, nameofexecutable, sharedlibextension, functions, exists, object, class, namespace. Used for runtime reflection: list defined procs, get arg lists, check completeness of a script string.","Tcl-Introspektions-Ensemble. Subkommandos: info commands, procs, args, body, default, exists, vars, globals, locals, level, frame, script, library, patchlevel, tclversion, complete, hostname, nameofexecutable, sharedlibextension, functions, exists, object, class, namespace. Verwendet fuer Laufzeit-Reflexion: definierte Prozeduren auflisten, Arg-Listen lesen, Vollstaendigkeit eines Skripts pruefen.",,,,
proc,Core Tcl Commands,"Define a Tcl procedure. Syntax: proc name {arg1 ?arg2 default? ...args} body. Special args: args (collects rest), {arg default} (optional with default value). Return value is the body's return value (or last expression value). Local variables are scoped to the proc.","Definiert eine Tcl-Prozedur. Syntax: proc name {arg1 ?arg2 default? ...args} body. Spezielle Argumente: args (sammelt Rest), {arg default} (optional mit Default-Wert). Rueckgabe ist der return-Wert (oder Wert des letzten Ausdrucks). Lokale Variablen sind auf die Prozedur beschraenkt.",,,,
string,Core Tcl Commands,"Tcl ensemble command for string operations. Subcommands: string length, index, range, compare, equal, first, last, match, map, repeat, replace, reverse, tolower, toupper, totitle, trim, trimleft, trimright, cat, is, wordstart, wordend. Tcl's strings are Unicode-aware (UTF-8 internally in 8.x, UTF-32 in some places in 9.x).","Tcl-Ensemble-Kommando fuer Stringoperationen. Subkommandos: string length, index, range, compare, equal, first, last, match, map, repeat, replace, reverse, tolower, toupper, totitle, trim, trimleft, trimright, cat, is, wordstart, wordend. Tcl-Strings sind Unicode-faehig (UTF-8 intern in 8.x, UTF-32 stellenweise in 9.x).",,,,
Cursor,Cursor-Typen / Cursor Types,Mouse pointer appearance; can be customized with predefined cursor types.,Aussehen des Mauszeigers; kann mit vordefinierten Cursor-Typen angepasst werden.,,,,
X_cursor,Cursor-Typen / Cursor Types,"Large X cursor, often used as default on some systems.","Großer X-Cursor, oft als Standard auf einigen Systemen verwendet.",,,,
arrow,Cursor-Typen / Cursor Types,Standard arrow pointer (default cursor).,Standard-Pfeilzeiger (Standard-Cursor).,,,,
bottom_left_corner / bottom_right_corner / top_left_corner / top_right_corner,Cursor-Typen / Cursor Types,Corner resize cursors for diagonal resizing.,Ecken-Größenänderungs-Cursor für diagonale Größenänderung.,,,,
circle,Cursor-Typen / Cursor Types,"Circle cursor, often used for selection or targeting.","Kreis-Cursor, oft verwendet für Auswahl oder Zielen.",,,,
crosshair / cross,Cursor-Typen / Cursor Types,Crosshair cursor for precise positioning or drawing.,Fadenkreuz-Cursor für präzise Positionierung oder Zeichnen.,,,,
fleur,Cursor-Typen / Cursor Types,Four-way arrow cursor for moving objects in any direction.,Vier-Wege-Pfeil-Cursor zum Bewegen von Objekten in jede Richtung.,,,,
hand / hand1 / hand2,Cursor-Typen / Cursor Types,"Pointing hand cursor, typically used for clickable items or links.","Zeigender Hand-Cursor, typischerweise verwendet für klickbare Elemente oder Links.",,,,
ibeam / xterm,Cursor-Typen / Cursor Types,I-beam cursor for text selection and editing.,I-Strahl-Cursor für Textauswahl und -bearbeitung.,,,,
none,Cursor-Typen / Cursor Types,Invisible cursor (hides mouse pointer).,Unsichtbarer Cursor (verbirgt Mauszeiger).,,,,
pencil,Cursor-Typen / Cursor Types,Pencil cursor for drawing or writing operations.,Stift-Cursor für Zeichen- oder Schreiboperationen.,,,,
pirate,Cursor-Typen / Cursor Types,Skull and crossbones cursor (decorative/special purpose).,Totenkopf-Cursor (dekorativ/Spezialzweck).,,,,
plus,Cursor-Typen / Cursor Types,Plus sign cursor for adding or creating operations.,Plus-Zeichen-Cursor für Hinzufüge- oder Erstellungsoperationen.,,,,
question_arrow,Cursor-Typen / Cursor Types,Arrow with question mark for help or information mode.,Pfeil mit Fragezeichen für Hilfe- oder Informationsmodus.,,,,
sb_h_double_arrow,Cursor-Typen / Cursor Types,Horizontal double-headed arrow for horizontal resizing.,Horizontaler Doppelpfeil für horizontale Größenänderung.,,,,
sb_v_double_arrow,Cursor-Typen / Cursor Types,Vertical double-headed arrow for vertical resizing.,Vertikaler Doppelpfeil für vertikale Größenänderung.,,,,
size / sizing,Cursor-Typen / Cursor Types,Cursor indicating resizable area.,"Cursor, der größenänderbaren Bereich anzeigt.",,,,
target,Cursor-Typen / Cursor Types,Target or bullseye cursor.,Ziel- oder Bullseye-Cursor.,,,,
umbrella,Cursor-Typen / Cursor Types,Umbrella cursor (decorative/special purpose).,Regenschirm-Cursor (dekorativ/Spezialzweck).,,,,
watch / clock,Cursor-Typen / Cursor Types,Clock or watch cursor indicating waiting or processing.,"Uhr- oder Watch-Cursor, der Warten oder Verarbeitung anzeigt.",,,,
Hard Link,Dateisystem-Links / Filesystem Links,"Direct reference to file's inode; multiple names for same data; file persists until all hard links deleted; cannot cross filesystem boundaries; Tcl: `file link -hard target linkname`; Unix: `ln`, Windows: mklink /H; shares same inode number.","Direkte Referenz auf Datei-Inode; mehrere Namen für gleiche Daten; Datei bleibt bis alle Hard-Links gelöscht; kann nicht über Dateisystem-Grenzen; Tcl: `file link -hard target linkname`; Unix: `ln`, Windows: mklink /H; teilt gleiche Inode-Nummer.",,,,
Inode,Dateisystem-Links / Filesystem Links,"Unix filesystem data structure storing file metadata; contains permissions, timestamps, disk locations; not filename; hard links share inode; Tcl: `file stat` returns inode in `ino` field; fundamental Unix filesystem concept.","Unix-Dateisystem-Datenstruktur speichernd Datei-Metadaten; enthält Berechtigungen, Zeitstempel, Disk-Positionen; nicht Dateinamen; Hard-Links teilen Inode; Tcl: `file stat` gibt Inode in `ino`-Feld zurück; fundamentales Unix-Dateisystem-Konzept.",,,,
Junction (Windows),Dateisystem-Links / Filesystem Links,Windows directory symbolic link; similar to Unix symlink but for directories only; NTFS feature; created with mklink /J; Tcl: `file link -symbolic` may create junction on Windows; differs from shortcut (.lnk file).,Windows-Verzeichnis-symbolischer-Link; ähnlich Unix-Symlink aber nur für Verzeichnisse; NTFS-Feature; erstellt mit mklink /J; Tcl: `file link -symbolic` kann Junction auf Windows erstellen; unterscheidet sich von Shortcut (.lnk-Datei).,,,,
Link,Dateisystem-Links / Filesystem Links,"Reference to file or directory; two types: hard link (direct reference to inode), symbolic/soft link (path reference); Tcl: `file link -symbolic target linkname` or `file link -hard`; Unix/Windows support; behavior differs by type.","Referenz auf Datei oder Verzeichnis; zwei Typen: Hard-Link (direkte Referenz auf Inode), symbolischer/Soft-Link (Pfad-Referenz); Tcl: `file link -symbolic target linkname` oder `file link -hard`; Unix/Windows-Unterstützung; Verhalten unterscheidet sich nach Typ.",,,,
Symbolic Link (Symlink/Soft Link),Dateisystem-Links / Filesystem Links,"File containing path to another file; points to pathname; breaks if target moved/deleted; cross filesystem boundaries; Tcl: `file link -symbolic target linkname`; Unix: `ln -s`, Windows: mklink; most flexible link type.","Datei mit Pfad zu anderer Datei; zeigt auf Pfadnamen; bricht wenn Ziel bewegt/gelöscht; über Dateisystem-Grenzen; Tcl: `file link -symbolic target linkname`; Unix: `ln -s`, Windows: mklink; flexibelster Link-Typ.",,,,
Append,Daten-Befehle / Data Commands,Add content to the end of a variable or widget.,Inhalt am Ende einer Variablen oder eines Widgets hinzufügen.,,,,
Clear,Daten-Befehle / Data Commands,Remove all content from a widget or data structure.,Allen Inhalt aus einem Widget oder einer Datenstruktur entfernen.,,,,
Delete,Daten-Befehle / Data Commands,"Remove text, items, or widgets from a specified range or position.","Text, Elemente oder Widgets aus einem angegebenen Bereich oder Position entfernen.",,,,
Index,Daten-Befehle / Data Commands,Position or identifier for accessing elements in widgets like text or listbox.,Position oder Identifikator für den Zugriff auf Elemente in Widgets wie text oder listbox.,,,,
Insert,Daten-Befehle / Data Commands,"Add text or items at a specific position in a widget (e.g., text or listbox).",Text oder Elemente an einer bestimmten Position in einem Widget hinzufügen (z.B. text oder listbox).,,,,
Put,Daten-Befehle / Data Commands,Place or insert data into a widget or data structure.,Daten in ein Widget oder eine Datenstruktur einfügen.,,,,
Search,Daten-Befehle / Data Commands,Find text or patterns within text widgets or data structures.,Text oder Muster innerhalb von Text-Widgets oder Datenstrukturen finden.,,,,
Unset,Daten-Befehle / Data Commands,Remove a variable or array element from memory.,Eine Variable oder ein Array-Element aus dem Speicher entfernen.,,,,
Auto-Commit,Datenbank-Begriffe / Database Terms,Mode in which every successfully executed SQL statement is automatically committed without an explicit COMMIT. SQLite and PostgreSQL behave differently here — SQLite is auto-commit by default unless a transaction is opened explicitly; PostgreSQL follows the same default but isolation semantics differ. Important to know before writing transaction code that has to work cross-database.,"Modus, in dem jedes erfolgreich ausgefuehrte SQL-Statement automatisch commit-tet wird, ohne dass ein expliziter COMMIT gerufen werden muss. SQLite und Postgres verhalten sich hier unterschiedlich — SQLite ist per Default Auto-Commit ausser bei expliziter Transaktion; Postgres folgt dem gleichen Default, aber die Isolations-Semantik unterscheidet sich. Wichtig zu wissen bevor man cross-database Transaktions-Code schreibt.",,,,
BLOB,Datenbank-Begriffe / Database Terms,"Binary Large Object — a SQL column type for binary data of arbitrary size. In Oratcl addressable as a separate LOB class. In SQLite handled via type affinity `BLOB`. Used for storing files, images, encoded data inside the database.","Binary Large Object — eine SQL-Spalten-Form fuer binaere Daten beliebiger Groesse. In Oratcl als eigene LOB-Klasse ansprechbar. In SQLite ueber Type Affinity `BLOB`. Verwendet fuer das Speichern von Dateien, Bildern, kodierten Daten innerhalb der Datenbank.",,,,
BM25,Datenbank-Begriffe / Database Terms,"Ranking function for full-text search, built into FTS5. Returns smaller values for more relevant matches (negative scores by convention). Used in `SELECT ... ORDER BY rank` queries against an FTS5 virtual table.","Ranking-Funktion fuer Volltext-Suche, in FTS5 eingebaut. Liefert kleinere Werte fuer relevantere Treffer (per Konvention negative Scores). Verwendet in `SELECT ... ORDER BY rank`-Queries gegen FTS5 Virtual Tables.",,,,
Bind-Parameter,Datenbank-Begriffe / Database Terms,"Placeholder in a SQL statement that is filled with a value at execution time. In TDBC, bind parameters are introduced with a colon (`:name`) and filled at `execute` via a Tcl dict. Prevents SQL injection and enables prepared-statement reuse. Standard for all production database code.","Platzhalter in einer SQL-Anweisung, der zur Laufzeit mit einem Wert ersetzt wird. In TDBC werden Bind-Parameter mit Doppelpunkt eingeleitet (`:name`) und beim `execute` ueber ein Tcl-Dict gefuellt. Verhindert SQL-Injection und ermoeglicht Prepared-Statement-Wiederverwendung. Standard fuer Produktiv-Datenbank-Code.",,,,
CLOB,Datenbank-Begriffe / Database Terms,Character Large Object — PostgreSQL and Oracle column type for large text fields. SQLite has no separate CLOB type; large strings live in regular `TEXT` columns (which are arbitrary length).,Character Large Object — Postgres- und Oracle-Form fuer grosse Text-Felder. SQLite kennt das nicht; grosse Strings werden in `TEXT`-Spalten gehalten (die ohnehin beliebig lang sind).,,,,
Connection,Datenbank-Begriffe / Database Terms,The primary TDBC object representing an open connection to the database. Typically created once per application and held. Source of `prepare` calls and the host for transactions.,"Das primaere TDBC-Objekt, das eine geoeffnete Verbindung zur Datenbank repraesentiert. Wird typischerweise einmal pro Anwendung angelegt und gehalten. Ursprung der `prepare`-Aufrufe und Traeger der Transaktionen.",,,,
Connection-String,Datenbank-Begriffe / Database Terms,"ODBC notation for connection parameters, in the form `key=value;key=value;...`. The exact format is driver-specific. Used to bypass DSN configuration when supplying credentials inline. See connectionstrings.com for driver-specific examples.","ODBC-Notation fuer Verbindungs-Parameter, in Form `Schluessel=Wert;Schluessel=Wert;...`. Genaues Format ist treiber-spezifisch. Verwendet um DSN-Konfiguration zu umgehen und Credentials inline zu liefern. Siehe connectionstrings.com fuer treiber-spezifische Beispiele.",,,,
Cursor,Datenbank-Begriffe / Database Terms,"Database-internal concept of a pointer to a position in a result set. ODBC knows several cursor types (Forward-only, Static, Keyset, Dynamic). TDBC typically uses forward-only via `nextlist`/`nextdict`. Most application code does not deal with cursors directly.","Datenbank-internes Konzept eines Zeigers auf eine Position im Result-Set. ODBC kennt mehrere Cursor-Typen (Forward-only, Static, Keyset, Dynamic). TDBC verwendet typischerweise Forward-only via `nextlist`/`nextdict`. Anwendungs-Code kommt selten direkt mit Cursors in Beruehrung.",,,,
DDL,Datenbank-Begriffe / Database Terms,"Data Definition Language — SQL commands that change the schema: `CREATE`, `ALTER`, `DROP`. Counterpart to DML.","Data Definition Language — SQL-Befehle, die das Schema veraendern: `CREATE`, `ALTER`, `DROP`. Gegenstueck zu DML.",,,,
DML,Datenbank-Begriffe / Database Terms,"Data Manipulation Language — SQL commands that change or read data: `INSERT`, `UPDATE`, `DELETE`, `SELECT`. Counterpart to DDL.","Data Manipulation Language — SQL-Befehle, die Daten veraendern oder lesen: `INSERT`, `UPDATE`, `DELETE`, `SELECT`. Gegenstueck zu DDL.",,,,
DSN,Datenbank-Begriffe / Database Terms,"Data Source Name — a pre-configured connection string under a short alias. Stored platform-dependent: `/etc/odbc.ini` on Linux, ODBC Data Source Administrator on Windows, `/Library/ODBC/odbc.ini` on macOS. Allows separating credentials from application code.","Data Source Name — vorkonfigurierter Connection-String unter einem kurzen Alias. Plattform-abhaengig gespeichert: `/etc/odbc.ini` auf Linux, ODBC-Datenquellen-Verwaltung auf Windows, `/Library/ODBC/odbc.ini` auf macOS. Erlaubt die Trennung von Credentials und Anwendungs-Code.",,,,
Default-Schema,Datenbank-Begriffe / Database Terms,The schema used by a database connection when no explicit prefix is given. PostgreSQL: queryable via `current_schema()`. Oracle: the schema of the connection user. SQLite: only `main` and `temp` plus `ATTACH`-mounted secondary databases.,"Das Schema, das bei einer DB-Connection ohne explizites Praefix benutzt wird. Postgres: ueber `current_schema()` abrufbar. Oracle: das Schema des Connection-Users. SQLite: nur `main` und `temp` plus per `ATTACH` zugeschaltete Sekundaer-DBs.",,,,
Driver Manager,Datenbank-Begriffe / Database Terms,ODBC component that mediates between application code and the concrete driver. Built into Windows; usually `unixODBC` on Linux; often `iODBC` on macOS. The application calls ODBC API functions; the manager routes them to the appropriate driver based on DSN or connection string.,"ODBC-Komponente, die zwischen Anwendungs-Code und konkretem Treiber vermittelt. Auf Windows eingebaut; auf Linux meist `unixODBC`; auf macOS oft `iODBC`. Die Anwendung ruft ODBC-API-Funktionen; der Manager leitet sie zum passenden Treiber basierend auf DSN oder Connection-String.",,,,
Empty-String,Datenbank-Begriffe / Database Terms,"In Tcl the value `""""`. Because Tcl has no NULL concept of its own, empty string is conventionally used as the Tcl representation of SQL NULL. This convention has consequences: a legitimately empty SQL TEXT value is indistinguishable from NULL when fetched via TDBC defaults.","In Tcl der Wert `""""`. Weil Tcl kein eigenes NULL-Konzept hat, wird Empty-String konventionell als Tcl-Repraesentation fuer SQL NULL verwendet. Diese Konvention hat Konsequenzen: ein legitim leerer SQL TEXT-Wert ist von NULL nicht mehr unterscheidbar wenn er ueber TDBC-Defaults geholt wird.",,,,
FK (Foreign Key),Datenbank-Begriffe / Database Terms,"Foreign key — column that references the primary key of another table, establishing a relationship. In SQLite *declared but not enforced* by default; enforcement is switched on via `PRAGMA foreign_keys = ON` (must be set on each new connection). PostgreSQL and Oracle enforce by default.","Fremdschluessel — Spalte, die auf den Primaerschluessel einer anderen Tabelle verweist und damit eine Beziehung herstellt. In SQLite per Default *deklariert aber nicht erzwungen*; Erzwingung ueber `PRAGMA foreign_keys = ON` (muss bei jeder neuen Connection gesetzt werden). Postgres und Oracle erzwingen per Default.",,,,
FTS5,Datenbank-Begriffe / Database Terms,"Full-Text Search module, version 5, of SQLite. A virtual-table extension providing full-text indexing and `MATCH` queries. Standard since SQLite 3.9. Supports tokenization, prefix matching, BM25 ranking, phrase queries. The earlier FTS3/FTS4 modules are deprecated.","Full-Text Search Modul, Version 5, von SQLite. Eine Virtual-Table-Erweiterung, die Volltext-Indizierung und `MATCH`-Queries bereitstellt. Standard seit SQLite 3.9. Unterstuetzt Tokenisierung, Prefix-Matching, BM25-Ranking, Phrasen-Queries. Die frueheren FTS3/FTS4-Module sind veraltet.",,,,
Glue-Code,Datenbank-Begriffe / Database Terms,"Tcl term for code that brings multiple underlying libraries or tools together — Tcl was originally designed as a glue language. In the database context, the typical Tcl application is glue between TDBC drivers, Tk GUI code, and external tools. Compared to writing the whole application in C or Java, Tcl glue is concise and fast to evolve.","Tcl-Begriff fuer Code, der mehrere darunter liegende Bibliotheken oder Tools zusammenfuehrt — Tcl wurde urspruenglich als Glue-Sprache entworfen. Im Datenbank-Kontext ist die typische Tcl-Anwendung Glue zwischen TDBC-Treibern, Tk-GUI-Code und externen Tools. Gegenueber kompletter Implementierung in C oder Java ist Tcl-Glue kompakt und schnell weiterzuentwickeln.",,,,
Information Schema,Datenbank-Begriffe / Database Terms,"SQL standard collection of views that expose schema metadata (tables, columns, constraints). Implemented in PostgreSQL and Oracle, not in SQLite — SQLite uses `sqlite_master` and `PRAGMA` commands instead. Used in cross-database schema introspection code.","SQL-Standard-Sammlung von Views, die Schema-Metadaten zugaenglich machen (Tabellen, Spalten, Constraints). In PostgreSQL und Oracle implementiert, in SQLite nicht — dort gibt es stattdessen `sqlite_master` und `PRAGMA`. Verwendet in cross-database Schema-Introspection-Code.",,,,
Instant Client,Datenbank-Begriffe / Database Terms,"Slim distribution of the Oracle client libraries, without a full Oracle installation. Used by Oratcl when `ORACLE_HOME` or `ORACLE_LIBRARY` points to it. Standard way to package Oracle connectivity without shipping the full server-side Oracle stack.","Schmale Distribution der Oracle-Client-Bibliotheken, ohne vollstaendige Oracle-Installation. Wird von Oratcl genutzt, sofern `ORACLE_HOME` oder `ORACLE_LIBRARY` darauf zeigt. Standard-Weg um Oracle-Konnektivitaet zu paketieren ohne den ganzen Server-Stack mitzuliefern.",,,,
JDBC,Datenbank-Begriffe / Database Terms,Java Database Connectivity — the Java standard layer for database access. Structural model for TDBC: connection / statement / result set. Most concepts in TDBC have a direct JDBC analogue.,Java Database Connectivity — die Java-Standardschicht fuer Datenbank-Zugriff. Strukturelles Vorbild fuer TDBC: Connection / Statement / Result Set. Die meisten Konzepte in TDBC haben ein direktes JDBC-Pendant.,,,,
JSON1,Datenbank-Begriffe / Database Terms,"JSON function family in SQLite. Provides `json_extract`, `json_each`, `json_object`, `json_array`, `json_set`, `json_remove`, and more. Available as extension since SQLite 3.9; in the core since 3.38.0 (February 2022). Enables hybrid relational/document storage.","JSON-Funktions-Familie in SQLite. Bietet `json_extract`, `json_each`, `json_object`, `json_array`, `json_set`, `json_remove` und mehr. Seit SQLite 3.9 als Erweiterung, seit 3.38.0 (Februar 2022) im Core. Ermoeglicht hybride relationale/Dokument-Speicherung.",,,,
LOB,Datenbank-Begriffe / Database Terms,"Large Object — umbrella term for BLOB and CLOB. In Oratcl addressable as its own object class with the `oralob` command. Operations include reading in chunks (for memory efficiency), writing, length-querying.","Large Object — Sammelbegriff fuer BLOB und CLOB. In Oratcl als eigene Objekt-Klasse mit `oralob`-Befehl ansprechbar. Operationen umfassen Chunk-weises Lesen (fuer Speicher-Effizienz), Schreiben, Laengen-Abfrage.",,,,
Lazy-Loading,Datenbank-Begriffe / Database Terms,"Loading strategy where a library is loaded only when actually needed, not at startup. In Tcl, typically implemented with `package require` inside a function rather than at top level. Reduces startup time and memory footprint for features that are rarely used (e.g. PDF export).","Lade-Strategie, bei der eine Bibliothek erst dann geladen wird, wenn sie tatsaechlich gebraucht wird, nicht beim Start. In Tcl typisch implementiert mit `package require` innerhalb einer Funktion statt auf Top-Level. Reduziert Startzeit und Memory-Footprint fuer selten genutzte Features (z.B. PDF-Export).",,,,
MariaDB,Datenbank-Begriffe / Database Terms,"Community-driven fork of MySQL, started in 2009 by MySQL's original developers in response to Oracle's acquisition. Wire-protocol-compatible with MySQL (the same TDBC driver works), but with divergent feature development: MariaDB adds storage engines (Aria, ColumnStore, S3), query optimizer improvements, and JSON functions independent of MySQL's path. Default choice in many modern Linux distributions (Debian, Fedora, Arch) where it shipped as the `mysql` package. Tcl access via `tdbc::mysql` — works against either server.","Community-getriebener Fork von MySQL, 2009 von MySQLs urspruenglichen Entwicklern als Reaktion auf Oracles Uebernahme gestartet. Wire-Protokoll-kompatibel mit MySQL (derselbe TDBC-Treiber funktioniert), aber mit auseinandergehender Feature-Entwicklung: MariaDB ergaenzt Storage-Engines (Aria, ColumnStore, S3), Query-Optimizer-Verbesserungen und JSON-Funktionen unabhaengig von MySQLs Pfad. Standardwahl in vielen modernen Linux-Distributionen (Debian, Fedora, Arch), wo es als `mysql`-Paket ausgeliefert wurde. Tcl-Zugriff via `tdbc::mysql` — funktioniert gegen beide Server.",,,,
Mock-Connection,Datenbank-Begriffe / Database Terms,Test pattern in which a TDBC connection is replaced by a TclOO object that records all method calls. Allows testing application code without a real database. Standard technique for unit tests of database wrapper code.,"Test-Pattern, bei dem eine TDBC-Connection durch ein TclOO-Objekt ersetzt wird, das alle Methoden-Aufrufe aufzeichnet. Erlaubt Tests ohne echte DB. Standard-Technik fuer Unit-Tests von Datenbank-Wrapper-Code.",,,,
Multi-Statement-SQL,Datenbank-Begriffe / Database Terms,"A sequence of multiple SQL statements separated by semicolons, executed in a single call. TDBC does *not* process this — only one statement per call. The older `sqlite3` Tcl package can. Avoid in code intended to be portable across TDBC drivers.","Eine Folge mehrerer SQL-Statements, mit Semikolons getrennt, in einem einzigen Aufruf ausgefuehrt. TDBC verarbeitet das *nicht* — pro Aufruf nur ein Statement. Das alte `sqlite3`-Tcl-Paket kann es. In Code der portabel ueber TDBC-Treiber sein soll vermeiden.",,,,
MySQL,Datenbank-Begriffe / Database Terms,"Widely-deployed open-source relational database — historically the ""M"" in LAMP stack (Linux, Apache, MySQL, PHP). Owned by Oracle since 2010, which prompted the MariaDB fork. Strengths: huge installation base, good replication, mature tooling. Weaknesses (versus PostgreSQL): historically looser standards compliance, fewer advanced query features. Tcl access via TDBC driver `tdbc::mysql`. The wire protocol is shared between MySQL and MariaDB, so the same driver works for both — though feature-level compatibility may differ for newer constructs.","Weit verbreitete Open-Source-Relationale-Datenbank — historisch das ""M"" im LAMP-Stack (Linux, Apache, MySQL, PHP). Seit 2010 im Besitz von Oracle, was den MariaDB-Fork ausgeloest hat. Staerken: riesige Installations-Basis, gute Replikation, reife Werkzeuge. Schwaechen (gegenueber PostgreSQL): historisch laxere Standard-Konformitaet, weniger fortgeschrittene Query-Features. Tcl-Zugriff via TDBC-Treiber `tdbc::mysql`. Das Wire-Protokoll wird zwischen MySQL und MariaDB geteilt, daher funktioniert derselbe Treiber fuer beide — auf Feature-Ebene kann die Kompatibilitaet fuer neuere Konstrukte allerdings differieren.",,,,
NLS_LANG,Datenbank-Begriffe / Database Terms,Environment variable for Oracle clients that sets language and encoding (e.g. `GERMAN_GERMANY.AL32UTF8`). Honoured by Oratcl. Critical for correct character handling between application and Oracle server.,"Umgebungsvariable fuer Oracle-Clients, die die Sprach- und Encoding-Einstellungen festlegt (z.B. `GERMAN_GERMANY.AL32UTF8`). Wird von Oratcl beachtet. Kritisch fuer korrekte Zeichenbehandlung zwischen Anwendung und Oracle-Server.",,,,
OCI (Oracle Call Interface),Datenbank-Begriffe / Database Terms,Oracle's C-API for database access. Oratcl is a thin layer on top of OCI. The de-facto low-level interface for any Oracle integration in C or wrapper languages.,Die C-API von Oracle fuer Datenbank-Zugriff. Oratcl ist eine duenne Schicht darueber. Die De-Facto-Low-Level-Schnittstelle fuer jede Oracle-Integration in C oder Wrapper-Sprachen.,,,,
ODBC (Open Database Connectivity),Datenbank-Begriffe / Database Terms,"Industry standard API for database access, specified language- and database-independent. In Tcl accessed via the `tdbc::odbc` package. Bridge architecture with Driver Manager and DB-specific driver. The standard fallback when no native TDBC driver exists for a given database.","Industrie-Standard-API fuer Datenbank-Zugriff, sprache- und datenbank-unabhaengig spezifiziert. In Tcl ueber das `tdbc::odbc`-Paket angesprochen. Bruecken-Architektur mit Driver Manager und DB-spezifischem Treiber. Standard-Fallback wenn kein nativer TDBC-Treiber existiert.",,,,
ORM (Object-Relational Mapper),Datenbank-Begriffe / Database Terms,"Library that maps table rows to language objects (e.g. SQLAlchemy in Python, Hibernate in Java). In Tcl there is no dominant ORM. Trade-off: ORMs reduce boilerplate but add overhead and abstraction leaks. For Tcl, a lightweight middle path with TclOO + explicit SQL is common.","Bibliothek, die Tabellen-Zeilen in Sprach-Objekte abbildet (z.B. SQLAlchemy in Python, Hibernate in Java). In Tcl gibt es kein dominantes ORM. Trade-Off: ORMs reduzieren Boilerplate, fuegen aber Overhead und Abstraktions-Lecks hinzu. Fuer Tcl ist ein leichtgewichtiger Mittelweg mit TclOO + expliziten SQL ueblich.",,,,
Oratcl,Datenbank-Begriffe / Database Terms,Tcl extension for Oracle database access. Does not follow the TDBC convention; offers its own API closer to OCI. Pre-dates TDBC. Used when TDBC's Oracle driver is unavailable or when fine-grained OCI control is needed.,"Tcl-Erweiterung fuer Oracle-Datenbank-Zugriff. Folgt nicht der TDBC-Konvention, sondern bietet eine eigene API, die enger an OCI verzahnt ist. Aelter als TDBC. Verwendet wenn TDBC-Oracle-Treiber nicht verfuegbar oder feingranulare OCI-Kontrolle gebraucht wird.",,,,
PDO,Datenbank-Begriffe / Database Terms,PHP Data Objects — the PHP standard layer for database access. Conceptual cousin of TDBC and JDBC: connection / prepared-statement / result set. Mentioned here as comparison.,PHP Data Objects — die PHP-Standardschicht fuer Datenbank-Zugriff. Konzeptueller Verwandter von TDBC und JDBC: Connection / Prepared-Statement / Result Set. Hier als Vergleich erwaehnt.,,,,
PRAGMA,Datenbank-Begriffe / Database Terms,"SQLite-specific SQL command that configures the connection or schema. Important pragmas: `PRAGMA foreign_keys = ON` (FK enforcement), `PRAGMA journal_mode = WAL` (write-ahead logging), `PRAGMA table_info(t)` (schema introspection), `PRAGMA integrity_check` (sanity check). Not portable to other databases.","SQLite-spezifischer SQL-Befehl, der die Connection oder das Schema konfiguriert. Wichtige Pragmas: `PRAGMA foreign_keys = ON` (FK-Erzwingung), `PRAGMA journal_mode = WAL` (Write-Ahead Logging), `PRAGMA table_info(t)` (Schema-Introspektion), `PRAGMA integrity_check` (Sanity-Check). Nicht portabel zu anderen Datenbanken.",,,,
PostgreSQL,Datenbank-Begriffe / Database Terms,"Open-source relational database — the most feature-complete open-source SQL system. Distinguished by strong standards compliance (PL/pgSQL stored procedures, advanced query features), rich type system (JSON, JSONB, arrays, ranges, custom types), and extensibility (PostGIS for geo-data, full-text search, foreign data wrappers). Tcl accesses PostgreSQL via the TDBC driver `tdbc::postgres` (`package require tdbc::postgres; tdbc::postgres::connection create db -host ...`). The non-TDBC `Pgtcl` extension also exists, older but with direct access to PostgreSQL-specific features. Often abbreviated ""Postgres"".","Open-Source-Relationale-Datenbank — das funktional umfangreichste open-source SQL-System. Zeichnet sich aus durch starke Standard-Konformitaet (PL/pgSQL-Stored-Procedures, fortgeschrittene Query-Features), reichhaltiges Typ-System (JSON, JSONB, Arrays, Ranges, eigene Typen) und Erweiterbarkeit (PostGIS fuer Geo-Daten, Volltext-Suche, Foreign-Data-Wrapper). Tcl greift via TDBC-Treiber `tdbc::postgres` auf PostgreSQL zu (`package require tdbc::postgres; tdbc::postgres::connection create db -host ...`). Die Nicht-TDBC-Erweiterung `Pgtcl` existiert auch, aelter aber mit direktem Zugriff auf PostgreSQL-spezifische Features. Oft als ""Postgres"" abgekuerzt.",,,,
Prepared Statement,Datenbank-Begriffe / Database Terms,"A SQL statement prepared by the database, then executed multiple times with different bind parameters. In TDBC created via `$conn prepare`. Benefits: prevents SQL injection, allows the database to cache the execution plan, faster for repeated execution.","Ein zur Datenbank vorbereitetes SQL-Statement, das mehrfach mit verschiedenen Bind-Parametern ausgefuehrt werden kann. In TDBC durch `$conn prepare` erzeugt. Vorteile: verhindert SQL-Injection, erlaubt der DB den Execution-Plan zu cachen, schneller bei wiederholter Ausfuehrung.",,,,
ResultSet,Datenbank-Begriffe / Database Terms,"TDBC object representing the result of a SQL query, iterated over with `nextlist`/`nextdict` or processed in bulk with `allrows`. Created by `$stmt execute`. Must be closed (or fully consumed) to free database resources.","TDBC-Objekt, das das Ergebnis einer SQL-Abfrage repraesentiert. Wird mit `nextlist`/`nextdict` iteriert oder mit `allrows` in einem Rutsch verarbeitet. Erzeugt durch `$stmt execute`. Muss geschlossen (oder vollstaendig konsumiert) werden um DB-Ressourcen freizugeben.",,,,
Round-Trip-Verifizierung,Datenbank-Begriffe / Database Terms,"Testing discipline: after each code-snapshot, the complete application cycle is manually walked through (init → diagnose → run → cleanup). Catches GUI bugs and integration issues that automated unit tests cannot reach. Complements unit testing rather than replacing it.","Test-Disziplin: nach jedem Code-Snapshot wird der komplette Anwendungs-Zyklus manuell durchgespielt (init → diagnose → run → cleanup). Findet GUI-Bugs und Integrations-Probleme, die automatisierte Unit-Tests nicht greifen. Ergaenzt Unit-Testing, ersetzt es nicht.",,,,
SQLState,Datenbank-Begriffe / Database Terms,Standardized error code that is DB-portable (e.g. `23505` for unique-constraint violation). Defined by the SQL standard. In TDBC accessible via the error info; the TDBC method `tdbc::mapSqlState` converts to a Tcl-friendly name. Use SQLState for cross-database error handling instead of vendor-specific error numbers.,"Standardisierter Fehlercode, der DB-uebergreifend gilt (z.B. `23505` fuer Unique-Constraint-Verletzung). Vom SQL-Standard definiert. In TDBC ueber das Error-Info zugaenglich; die TDBC-Methode `tdbc::mapSqlState` konvertiert zu einem Tcl-freundlichen Namen. Verwende SQLState fuer cross-database Fehlerbehandlung statt vendor-spezifischer Fehlernummern.",,,,
Savepoint,Datenbank-Begriffe / Database Terms,"SQL construct for nested transaction points. Allows partial rollback without aborting the entire transaction. Syntax: `SAVEPOINT name`, `ROLLBACK TO SAVEPOINT name`, `RELEASE SAVEPOINT name`. Supported by PostgreSQL, Oracle, SQLite (since 3.6.8). Useful for try/catch-style error handling in long transactions.","SQL-Konstrukt fuer verschachtelte Transaktions-Punkte. Erlaubt partielles Zurueckrollen ohne die ganze Transaktion abzubrechen. Syntax: `SAVEPOINT name`, `ROLLBACK TO SAVEPOINT name`, `RELEASE SAVEPOINT name`. Unterstuetzt von Postgres, Oracle, SQLite (ab 3.6.8). Nuetzlich fuer try/catch-Fehlerbehandlung in langen Transaktionen.",,,,
Schema-Migration,Datenbank-Begriffe / Database Terms,"Structured change of a schema (new columns, new tables) across versions of an application. TDBC offers no migration tools; typically implemented as a version-tracking pattern: store the schema version in a metadata table, run migrations in order, update the version on success.","Strukturierte Veraenderung eines Schemas (neue Spalten, neue Tabellen) ueber die Versionen einer Anwendung hinweg. TDBC bietet keine Migrations-Werkzeuge; typisch implementiert als Versions-basiertes Pattern: Schema-Version in einer Metadata-Tabelle, Migrationen in Reihenfolge, bei Erfolg Version updaten.",,,,
Statement,Datenbank-Begriffe / Database Terms,TDBC object holding a prepared SQL statement. Created by `$conn prepare` and executed with `$stmt execute`. Can be re-executed multiple times with different bind parameters. Must be `close`d when no longer needed (or the connection close will cascade).,"TDBC-Objekt, das ein vorbereitetes SQL-Statement haelt. Wird von `$conn prepare` erzeugt und mit `$stmt execute` ausgefuehrt. Kann mehrfach mit unterschiedlichen Bind-Parametern ausgefuehrt werden. Muss `close`d werden wenn nicht mehr gebraucht (oder das Connection-Close cascadet).",,,,
TDBC,Datenbank-Begriffe / Database Terms,"Tcl Database Connectivity — standard API for database access in Tcl. Shipped since Tcl 8.6 (2012). Provides connection / statement / result-set abstraction with vendor-specific drivers (`tdbc::sqlite3`, `tdbc::postgres`, `tdbc::mysql`, `tdbc::odbc`). Models after JDBC.","Tcl Database Connectivity — Standard-API fuer Datenbank-Zugriff in Tcl. Seit Tcl 8.6 (2012) ausgeliefert. Bietet Connection / Statement / Result-Set Abstraktion mit treiber-spezifischen Drivern (`tdbc::sqlite3`, `tdbc::postgres`, `tdbc::mysql`, `tdbc::odbc`). Vorbild ist JDBC.",,,,
TclOO,Datenbank-Begriffe / Database Terms,"Standard class mechanism in Tcl since version 8.6. Used by TDBC for connection-, statement-, and result-set objects. Lightweight: classes, methods, inheritance, mixins, filters. Predecessor systems (Snit, [incr Tcl]) still exist; TclOO is the modern standard.","Standard-Klassen-Mechanik in Tcl seit Version 8.6. Wird von TDBC fuer Connection-, Statement- und ResultSet-Objekte verwendet. Leichtgewichtig: Klassen, Methoden, Vererbung, Mixins, Filter. Vorgaenger-Systeme (Snit, [incr Tcl]) existieren weiter; TclOO ist der moderne Standard.",,,,
Tk,Datenbank-Begriffe / Database Terms,"GUI toolkit shipped with Tcl. Provides standard widgets (Button, Entry, Treeview, Canvas, Text) for Linux, Windows, and macOS. Native look-and-feel via ttk widget set (Themed Tk). The original GUI toolkit before Qt, GTK; still maintained and shipped with every Tcl distribution.","GUI-Toolkit, das mit Tcl mitgeliefert wird. Bietet Standard-Widgets (Button, Entry, Treeview, Canvas, Text) fuer Linux, Windows und macOS. Natives Look-and-Feel ueber ttk-Widget-Set (Themed Tk). Das urspruengliche GUI-Toolkit vor Qt, GTK; weiterhin gepflegt und mit jeder Tcl-Distribution ausgeliefert.",,,,
Type Affinity,Datenbank-Begriffe / Database Terms,"SQLite concept: column types are recommendations, not contracts. SQLite tries to convert values according to the column's declared affinity but accepts deviating types without error. Affinities: TEXT, NUMERIC, INTEGER, REAL, BLOB. The cause behind SQLite's surprising flexibility (and occasional surprises).","SQLite-Konzept: Spalten-Typen sind Empfehlungen, keine Vertraege. SQLite versucht Werte gemaess der deklarierten Affinitaet zu konvertieren, akzeptiert aber abweichende Typen ohne Fehler. Affinitaeten: TEXT, NUMERIC, INTEGER, REAL, BLOB. Der Grund fuer SQLites ueberraschende Flexibilitaet (und gelegentliche Ueberraschungen).",,,,
Upsert,Datenbank-Begriffe / Database Terms,"Combined INSERT-or-UPDATE in one statement. In SQLite since 3.24 (2018) via `INSERT ... ON CONFLICT(column) DO UPDATE SET ... = excluded....`. PostgreSQL has had `INSERT ... ON CONFLICT` since 9.5 (2016). MySQL uses `INSERT ... ON DUPLICATE KEY UPDATE`. Avoids the explicit ""exists, then update or insert"" pattern that has race conditions.","Kombiniertes INSERT-or-UPDATE in einem Statement. In SQLite seit 3.24 (2018) ueber `INSERT ... ON CONFLICT(spalte) DO UPDATE SET ... = excluded....`. PostgreSQL hat `INSERT ... ON CONFLICT` seit 9.5 (2016). MySQL nutzt `INSERT ... ON DUPLICATE KEY UPDATE`. Vermeidet das explizite ""Existiert, dann Update oder Insert""-Muster mit Race-Conditions.",,,,
Vendoring,Datenbank-Begriffe / Database Terms,"Practice of keeping external libraries (e.g. `pdf4tcl`) directly inside the application directory, instead of relying on system packages. Makes the application self-contained and independently distributable. Trade-off: increases repo size, requires manual update tracking; eliminates ""works on my machine"" problems.","Praxis, externe Bibliotheken (z.B. `pdf4tcl`) direkt im Anwendungs-Verzeichnis zu halten, statt sich auf System-Pakete zu verlassen. Macht die Anwendung selbst-staendig und unabhaengig verteilbar. Trade-Off: erhoeht Repo-Groesse, erfordert manuelles Update-Tracking; eliminiert ""laeuft auf meiner Maschine""-Probleme.",,,,
Virtual Table,Datenbank-Begriffe / Database Terms,SQLite concept: a table whose content does not live in the DB file but is dynamically provided by a module. FTS5 tables are virtual tables; `json_each` and `json_tree` are table-valued functions that work similarly. Modules can be written in C and registered with SQLite to expose any data source as a SQL-queryable table.,"SQLite-Konzept: eine Tabelle, deren Inhalt nicht in der DB-Datei liegt, sondern dynamisch von einem Modul geliefert wird. FTS5-Tabellen sind Virtual Tables; `json_each` und `json_tree` sind Tabellen-Funktionen, die aehnlich funktionieren. Module koennen in C geschrieben und bei SQLite registriert werden um beliebige Datenquellen als SQL-abfragbare Tabelle bereitzustellen.",,,,
WAL (Write-Ahead Logging),Datenbank-Begriffe / Database Terms,"SQLite journal mode with much better concurrent-read performance than the default. Enabled via `PRAGMA journal_mode = WAL`. Writers don't block readers; the WAL file is separate from the main DB. Trade-off: WAL file needs occasional checkpoint (auto by default), backup needs the WAL file too.","SQLite-Journal-Modus mit deutlich besserer parallel-Lese-Performance als der Default. Eingeschaltet durch `PRAGMA journal_mode = WAL`. Schreiber blockieren Leser nicht; die WAL-Datei ist separat von der Haupt-DB. Trade-Off: WAL-Datei braucht gelegentliche Checkpoints (per Default automatisch), Backup braucht die WAL-Datei mit.",,,,
Wrapper,Datenbank-Begriffe / Database Terms,"Tcl layer over TDBC (or Oratcl) that enforces application-specific conventions: NULL handling, schema introspection, transaction lifecycle, error mapping. Typical in mid-size applications to centralize cross-cutting concerns. Distinguished from generic ""database abstraction"": a Wrapper encodes the specific application's policies, not a generic ORM.","Tcl-Schicht ueber TDBC (oder Oratcl), die anwendungs-spezifische Konventionen erzwingt: NULL-Behandlung, Schema-Introspektion, Transaktions-Lifecycle, Error-Mapping. Typisch in mittelgrossen Anwendungen um Cross-Cutting-Concerns zu zentralisieren. Unterschied zur generischen ""Datenbank-Abstraktion"": ein Wrapper kodiert die Policies der spezifischen Anwendung, kein generisches ORM.",,,,
Zero-Latency-Read,Datenbank-Begriffe / Database Terms,"Property of in-memory databases — no disk I/O, no network latency. SQLite with `:memory:` connection achieves this. Primarily relevant for tests (replacement for slow fixture loading) and for caching layers. Trade-off: data is lost when the process exits.","Eigenschaft von In-Memory-Datenbanken — keine Disk-I/O, keine Netzwerk-Latenz. SQLite mit `:memory:`-Connection erreicht das. Primaer relevant fuer Tests (Ersatz fuer langsames Fixture-Laden) und fuer Cache-Schichten. Trade-Off: Daten gehen beim Prozess-Ende verloren.",,,,
current_schema(),Datenbank-Begriffe / Database Terms,PostgreSQL function that returns the current default schema of the connection user. Used in schema-introspection queries as a filter (e.g. `WHERE table_schema = current_schema()`). The Oracle equivalent is `USER`; SQLite has no equivalent (uses `main`/`temp`/attached).,"Postgres-Funktion, die das aktuelle Default-Schema des Connection-Users zurueckgibt. Wird in Schema-Introspection-Queries als Filter verwendet (z.B. `WHERE table_schema = current_schema()`). Oracle-Pendant: `USER`; SQLite hat kein Pendant (verwendet `main`/`temp`/attached).",,,,
iODBC,Datenbank-Begriffe / Database Terms,"Open-source ODBC driver manager, traditionally used on macOS. Alternative to unixODBC. Both provide the same ODBC API; differences are in command-line tooling and minor config details.","Open-Source-ODBC-Driver-Manager, traditionell auf macOS verbreitet. Alternative zu unixODBC. Beide liefern die gleiche ODBC-API; Unterschiede liegen in Kommandozeilen-Tools und kleinen Config-Details.",,,,
parent_id-Pattern,Datenbank-Begriffe / Database Terms,Modelling pattern for hierarchical data: each row has an optional `parent_id` column that references the primary key of the same table. Allows arbitrarily deep trees. Simpler than nested-set or materialized-path models; sufficient for navigation-style trees of moderate depth.,"Modellierungs-Pattern fuer hierarchische Daten: jede Zeile hat eine optionale Spalte `parent_id`, die auf den Primaerschluessel der eigenen Tabelle verweist. Erlaubt beliebig tiefe Baeume. Einfacher als Nested-Set oder Materialized-Path; ausreichend fuer Navigations-Baeume moderater Tiefe.",,,,
pdf4tcl,Datenbank-Begriffe / Database Terms,"Tcl library for PDF generation. Pure-Tcl implementation. Used for reports, invoices, glossary PDFs, etc. Often vendored into applications (kept in the application's own directory) to avoid system-package dependency.","Tcl-Bibliothek fuer PDF-Erzeugung. Pure-Tcl-Implementierung. Verwendet fuer Reports, Rechnungen, Glossar-PDFs etc. Oft vendored (im Anwendungs-Verzeichnis gehalten) um System-Paket-Abhaengigkeit zu vermeiden.",,,,
pgtcl,Datenbank-Begriffe / Database Terms,"Older PostgreSQL-specific Tcl driver, predating TDBC. In current code typically replaced by `tdbc::postgres`. Still used in legacy applications.","Aelterer Postgres-spezifischer Tcl-Treiber, vor TDBC entstanden. In aktuellem Code typischerweise durch `tdbc::postgres` ersetzt. Noch in Legacy-Anwendungen im Einsatz.",,,,
rl_json,Datenbank-Begriffe / Database Terms,"Tcl library for robust JSON handling on the application side. Recommended for code that manipulates JSON beyond simple strings. Operations: get/set by JSON pointer, type-aware extraction, building documents incrementally. Faster than `tcllib::json` for non-trivial workloads.","Tcl-Bibliothek fuer robustes JSON-Handling auf Anwendungs-Seite. Empfohlen fuer Code, der JSON jenseits einfacher Strings manipuliert. Operationen: get/set per JSON-Pointer, typsichere Extraktion, inkrementelles Dokument-Bauen. Schneller als `tcllib::json` bei nicht-trivialen Workloads.",,,,
scott-Schema,Datenbank-Begriffe / Database Terms,Classic Oracle example schema with two tables: `dept` (4 departments) and `emp` (14 employees). Used since Oracle's earliest documentation for tutorials and tests. Still a useful demo profile for any DB connectivity tooling.,Klassisches Oracle-Beispiel-Schema mit zwei Tabellen: `dept` (4 Abteilungen) und `emp` (14 Mitarbeiter). Seit Oracles fruehester Dokumentation fuer Tutorials und Tests verwendet. Weiterhin ein nuetzliches Demo-Profil fuer jede DB-Konnektivitaets-Toolchain.,,,,
sqlite3 (Tcl-Paket),Datenbank-Begriffe / Database Terms,"The classic Tcl binding to SQLite, predating TDBC and offering a direct API to SQLite-specific features. Standard call: `sqlite3 db mydatabase.db; db eval ""SELECT ...""`. Supports collations, custom functions, transactions, BLOB I/O, hooks (commit, update, rollback). Used heavily in Tcl code older than ~2012; new code is split between this and `tdbc::sqlite3` (the TDBC wrapper). Direct API is closer to the SQLite C library, often faster than TDBC for SQLite-only code.","Die klassische Tcl-Bindung an SQLite, aelter als TDBC und mit direkter API zu SQLite-spezifischen Features. Standard-Aufruf: `sqlite3 db meinedatenbank.db; db eval ""SELECT ...""`. Unterstuetzt Collations, eigene Funktionen, Transaktionen, BLOB-I/O, Hooks (commit, update, rollback). In Tcl-Code aelter als ~2012 stark verbreitet; neuer Code verteilt sich zwischen dieser API und `tdbc::sqlite3` (dem TDBC-Wrapper). Direkte API ist naeher an der SQLite-C-Bibliothek, oft schneller als TDBC fuer SQLite-only-Code.",,,,
tablelist,Datenbank-Begriffe / Database Terms,"Tk extension widget for tabular and tree display. Provides more functionality than the standard `ttk::treeview` (column sorting, editable cells, cell-level coloring, embedded widgets in cells). Part of the BWidget/Tklib ecosystem. Standard tool in many production Tcl/Tk applications.","Tk-Erweiterungs-Widget fuer tabellarische und Tree-Darstellung. Bietet mehr Funktionen als das Standard-`ttk::treeview` (Spalten-Sortierung, editierbare Zellen, Zell-Faerbung, eingebettete Widgets in Zellen). Teil des BWidget/Tklib-Oekosystems. Standardwerkzeug in vielen produktiven Tcl/Tk-Anwendungen.",,,,
unixODBC,Datenbank-Begriffe / Database Terms,"Open-source ODBC driver manager, standard on most Linux distributions. Ships the `isql` CLI for DSN testing. Manages the per-user (`~/.odbc.ini`) and system (`/etc/odbc.ini`) DSN configurations.","Open-Source-ODBC-Driver-Manager, Standard auf den meisten Linux-Distributionen. Liefert die `isql`-CLI zum Test von DSNs. Verwaltet die per-User (`~/.odbc.ini`) und System (`/etc/odbc.ini`) DSN-Konfigurationen.",,,,
CRUD,Datenbank-Operationen und Patterns / Database Operations and Patterns,"Acronym for four basic database operations: **C**reate (insert new records), **R**ead (query/retrieve records), **U**pdate (modify existing records), **D**elete (remove records); fundamental pattern in database applications; in TDBC: Create=`$db execute ""INSERT...""`, Read=`$db allrows ""SELECT...""`, Update=`$db execute ""UPDATE...""`, Delete=`$db execute ""DELETE...""`; basis for most data-driven applications; REST APIs often map to CRUD (POST=Create, GET=Read, PUT/PATCH=Update, DELETE=Delete).","Akronym für vier grundlegende Datenbank-Operationen: **C**reate (neue Datensätze einfügen), **R**ead (Datensätze abfragen/abrufen), **U**pdate (existierende Datensätze ändern), **D**elete (Datensätze entfernen); fundamentales Muster in Datenbank-Anwendungen; in TDBC: Create=`$db execute ""INSERT...""`, Read=`$db allrows ""SELECT...""`, Update=`$db execute ""UPDATE...""`, Delete=`$db execute ""DELETE...""`; Basis für meiste datengetriebene Anwendungen; REST-APIs bilden oft auf CRUD ab (POST=Create, GET=Read, PUT/PATCH=Update, DELETE=Delete).",,,,
Create (CRUD),Datenbank-Operationen und Patterns / Database Operations and Patterns,"Insert new record into database; SQL: `INSERT INTO table (columns) VALUES (values)`; TDBC: `$db execute ""INSERT INTO users (name, email) VALUES (:name, :email)"" -name $name -email $email`; assigns primary key; first operation in CRUD.","Neuen Datensatz in Datenbank einfügen; SQL: `INSERT INTO table (columns) VALUES (values)`; TDBC: `$db execute ""INSERT INTO users (name, email) VALUES (:name, :email)"" -name $name -email $email`; weist Primärschlüssel zu; erste Operation in CRUD.",,,,
DELETE (SQL),Datenbank-Operationen und Patterns / Database Operations and Patterns,SQL statement removing records; syntax: `DELETE FROM table WHERE condition`; ⚠️ WARNING: without WHERE clause deletes ALL records; use transactions; CASCADE can delete related records; some prefer soft delete (marking inactive) over hard delete.,SQL-Anweisung zum Entfernen von Datensätzen; Syntax: `DELETE FROM table WHERE condition`; ⚠️ WARNUNG: ohne WHERE-Klausel werden ALLE Datensätze gelöscht; Transaktionen verwenden; CASCADE kann verwandte Datensätze löschen; einige bevorzugen Soft-Delete (als inaktiv markieren) über Hard-Delete.,,,,
Delete (CRUD),Datenbank-Operationen und Patterns / Database Operations and Patterns,"Remove records from database; SQL: `DELETE FROM table WHERE condition`; TDBC: `$db execute ""DELETE FROM users WHERE id = :id"" -id $id`; permanent operation (unless in transaction); should include WHERE clause; CASCADE deletes can affect related records.","Datensätze aus Datenbank entfernen; SQL: `DELETE FROM table WHERE condition`; TDBC: `$db execute ""DELETE FROM users WHERE id = :id"" -id $id`; permanente Operation (außer in Transaktion); sollte WHERE-Klausel enthalten; CASCADE-Löschungen können verwandte Datensätze beeinflussen.",,,,
Foreign Key,Datenbank-Operationen und Patterns / Database Operations and Patterns,Column referencing primary key in another table; establishes relationships between tables; enforces referential integrity; CASCADE options affect related records on delete/update; SQL: `FOREIGN KEY (user_id) REFERENCES users(id)`; fundamental for relational databases.,Spalte referenzierend Primärschlüssel in anderer Tabelle; etabliert Beziehungen zwischen Tabellen; erzwingt referentielle Integrität; CASCADE-Optionen beeinflussen verwandte Datensätze bei Löschen/Aktualisieren; SQL: `FOREIGN KEY (user_id) REFERENCES users(id)`; fundamental für relationale Datenbanken.,,,,
INSERT (SQL),Datenbank-Operationen und Patterns / Database Operations and Patterns,"SQL statement creating new record; syntax: `INSERT INTO table (col1, col2) VALUES (val1, val2)` or `INSERT INTO table SELECT...`; TDBC: use bind variables with `:name` syntax for safety; returns last insert ID in some databases.","SQL-Anweisung zum Erstellen neuen Datensatzes; Syntax: `INSERT INTO table (col1, col2) VALUES (val1, val2)` oder `INSERT INTO table SELECT...`; TDBC: Bind-Variablen mit `:name`-Syntax für Sicherheit verwenden; gibt letzte Insert-ID in einigen Datenbanken zurück.",,,,
ORM (Object-Relational Mapping),Datenbank-Operationen und Patterns / Database Operations and Patterns,"Technique mapping database tables to objects/classes; abstracts SQL; examples: SQLAlchemy (Python), Hibernate (Java); Tcl: TclOO objects can map to tables; simplifies CRUD operations but may sacrifice performance; automates common database tasks.","Technik zum Abbilden von Datenbank-Tabellen auf Objekte/Klassen; abstrahiert SQL; Beispiele: SQLAlchemy (Python), Hibernate (Java); Tcl: TclOO-Objekte können auf Tabellen abbilden; vereinfacht CRUD-Operationen aber kann Performance opfern; automatisiert häufige Datenbank-Aufgaben.",,,,
Primary Key,Datenbank-Operationen und Patterns / Database Operations and Patterns,"Unique identifier for database record; typically auto-incrementing integer; ensures each row uniquely identifiable; used in joins, references; SQL: `id INTEGER PRIMARY KEY`; essential for CRUD operations, especially Update and Delete.","Eindeutige Kennung für Datenbank-Datensatz; typischerweise auto-inkrementierender Integer; gewährleistet eindeutige Identifizierung jeder Zeile; verwendet in Joins, Referenzen; SQL: `id INTEGER PRIMARY KEY`; essentiell für CRUD-Operationen, besonders Update und Delete.",,,,
Read (CRUD),Datenbank-Operationen und Patterns / Database Operations and Patterns,"Retrieve records from database; SQL: `SELECT columns FROM table WHERE condition`; TDBC: `$db allrows ""SELECT * FROM users WHERE active = 1""`; most frequent operation; can include filtering, sorting, joining; returns result set.","Datensätze aus Datenbank abrufen; SQL: `SELECT columns FROM table WHERE condition`; TDBC: `$db allrows ""SELECT * FROM users WHERE active = 1""`; häufigste Operation; kann Filterung, Sortierung, Joins enthalten; gibt Ergebnismenge zurück.",,,,
SELECT (SQL),Datenbank-Operationen und Patterns / Database Operations and Patterns,"SQL statement querying data; syntax: `SELECT columns FROM table WHERE condition ORDER BY column`; supports joins, subqueries, aggregation; TDBC: `$db foreach` or `$db allrows`; most versatile SQL command.","SQL-Anweisung zum Abfragen von Daten; Syntax: `SELECT columns FROM table WHERE condition ORDER BY column`; unterstützt Joins, Subqueries, Aggregation; TDBC: `$db foreach` oder `$db allrows`; vielseitigster SQL-Befehl.",,,,
SQL Injection,Datenbank-Operationen und Patterns / Database Operations and Patterns,"Security vulnerability where malicious SQL code inserted via user input; prevented by: prepared statements, bind variables, parameterized queries; NEVER concatenate user input into SQL strings; TDBC bind variables (`:name`) prevent injection; major security risk.","Sicherheitslücke, wo bösartiger SQL-Code über Benutzereingabe eingefügt wird; verhindert durch: Prepared Statements, Bind-Variablen, parametrisierte Queries; NIEMALS Benutzereingabe in SQL-Strings konkatenieren; TDBC-Bind-Variablen (`:name`) verhindern Injection; großes Sicherheitsrisiko.",,,,
UPDATE (SQL),Datenbank-Operationen und Patterns / Database Operations and Patterns,"SQL statement modifying records; syntax: `UPDATE table SET col1=val1, col2=val2 WHERE condition`; ⚠️ WARNING: without WHERE clause updates ALL records; use transactions for safety; TDBC: prepared statements with bind variables.","SQL-Anweisung zum Ändern von Datensätzen; Syntax: `UPDATE table SET col1=val1, col2=val2 WHERE condition`; ⚠️ WARNUNG: ohne WHERE-Klausel werden ALLE Datensätze aktualisiert; Transaktionen für Sicherheit verwenden; TDBC: Prepared Statements mit Bind-Variablen.",,,,
Update (CRUD),Datenbank-Operationen und Patterns / Database Operations and Patterns,"Modify existing records; SQL: `UPDATE table SET column=value WHERE condition`; TDBC: `$db execute ""UPDATE users SET email = :email WHERE id = :id"" -email $email -id $id`; should include WHERE clause to avoid updating all records; returns number of affected rows.","Existierende Datensätze ändern; SQL: `UPDATE table SET column=value WHERE condition`; TDBC: `$db execute ""UPDATE users SET email = :email WHERE id = :id"" -email $email -id $id`; sollte WHERE-Klausel enthalten um Aktualisierung aller Datensätze zu vermeiden; gibt Anzahl betroffener Zeilen zurück.",,,,
WHERE Clause,Datenbank-Operationen und Patterns / Database Operations and Patterns,"SQL filter condition; specifies which records to select/update/delete; syntax: `WHERE column = value`; operators: =, !=, <, >, <=, >=, LIKE, IN, BETWEEN; combine with AND, OR, NOT; ⚠️ CRITICAL: always use in UPDATE/DELETE to avoid affecting all records.","SQL-Filter-Bedingung; spezifiziert welche Datensätze zu selektieren/aktualisieren/löschen; Syntax: `WHERE column = value`; Operatoren: =, !=, <, >, <=, >=, LIKE, IN, BETWEEN; kombinieren mit AND, OR, NOT; ⚠️ KRITISCH: immer in UPDATE/DELETE verwenden um Beeinflussen aller Datensätze zu vermeiden.",,,,
Buffer,Datenstrukturen / Data Structures,Temporary storage for data in transit; used in I/O operations for efficiency.,Temporärer Speicher für Daten in Übertragung; verwendet in E/A-Operationen für Effizienz.,,,,
Dequeue,Datenstrukturen / Data Structures,"Remove and return front element from queue (e.g., `lindex $queue 0; set queue [lrange $queue 1 end]`).",Vorderstes Element aus Queue entfernen und zurückgeben (z.B. `lindex $queue 0; set queue [lrange $queue 1 end]`).,,,,
Dictionary (dict),Datenstrukturen / Data Structures,"Key-value data structure (Tcl 8.5+); more efficient than arrays for large datasets (e.g., `dict set mydict key value`).",Schlüssel-Wert-Datenstruktur (Tcl 8.5+); effizienter als Arrays für große Datensätze (z.B. `dict set mydict key value`).,,,,
Enqueue,Datenstrukturen / Data Structures,"Add element to rear of queue (e.g., `lappend queue $item`).",Element hinten an Queue hinzufügen (z.B. `lappend queue $item`).,,,,
Graph,Datenstrukturen / Data Structures,Data structure of nodes and edges; available via struct::graph package.,Datenstruktur aus Knoten und Kanten; verfügbar über struct::graph-Paket.,,,,
Hash Table,Datenstrukturen / Data Structures,Data structure for fast key-based lookup; Tcl arrays and dicts implement hash tables.,Datenstruktur für schnelle schlüsselbasierte Suche; Tcl-Arrays und Dicts implementieren Hash-Tabellen.,,,,
Linked List,Datenstrukturen / Data Structures,Data structure where each element points to next; can be implemented using Tcl lists or structs.,"Datenstruktur, bei der jedes Element auf das nächste zeigt; kann mit Tcl-Listen oder Strukturen implementiert werden.",,,,
Matrix,Datenstrukturen / Data Structures,Two-dimensional array data structure; available via struct::matrix package.,Zweidimensionale Array-Datenstruktur; verfügbar über struct::matrix-Paket.,,,,
Pipe,Datenstrukturen / Data Structures,"Unidirectional data channel between processes; created with `open ""|command""` for process communication.","Unidirektionaler Datenkanal zwischen Prozessen; erstellt mit `open ""|command""` für Prozesskommunikation.",,,,
Pop,Datenstrukturen / Data Structures,"Remove and return top element from stack (e.g., using struct::stack or list operations).",Oberstes Element von Stack entfernen und zurückgeben (z.B. mit struct::stack oder Listenoperationen).,,,,
Push,Datenstrukturen / Data Structures,"Add element to top of stack (e.g., `lappend stack $item` or using struct::stack).",Element oben auf Stack hinzufügen (z.B. `lappend stack $item` oder mit struct::stack).,,,,
Queue,Datenstrukturen / Data Structures,"First-In-First-Out (FIFO) data structure; elements added at rear, removed from front.","First-In-First-Out (FIFO) Datenstruktur; Elemente hinten hinzugefügt, vorne entfernt.",,,,
Record,Datenstrukturen / Data Structures,Structured data type with named fields; available via struct::record package.,Strukturierter Datentyp mit benannten Feldern; verfügbar über struct::record-Paket.,,,,
Stack,Datenstrukturen / Data Structures,Last-In-First-Out (LIFO) data structure; elements added/removed from top.,Last-In-First-Out (LIFO) Datenstruktur; Elemente werden oben hinzugefügt/entfernt.,,,,
Stream,Datenstrukturen / Data Structures,Continuous flow of data through channel; general term for I/O channels.,Kontinuierlicher Datenfluss durch Kanal; allgemeiner Begriff für E/A-Kanäle.,,,,
Tree,Datenstrukturen / Data Structures,Hierarchical data structure with parent-child relationships; available via struct::tree package.,Hierarchische Datenstruktur mit Eltern-Kind-Beziehungen; verfügbar über struct::tree-Paket.,,,,
Assertion,Debugging und Testing / Debugging and Testing,"Statement checking expected condition; fails if condition false; in tcltest: `-result` option checks return value, `-returnCodes` checks error status; custom assertions possible.","Anweisung, die erwartete Bedingung prüft; schlägt fehl wenn Bedingung falsch; in tcltest: `-result`-Option prüft Rückgabewert, `-returnCodes` prüft Fehler-Status; eigene Assertions möglich.",,,,
Breakpoint,Debugging und Testing / Debugging and Testing,Marker in code where debugger pauses execution; allows inspection of state at specific point; set in debugger or with debug library; execution continues when resumed.,"Markierung im Code, wo Debugger Ausführung pausiert; erlaubt Inspektion des Zustands an spezifischem Punkt; gesetzt im Debugger oder mit Debug-Bibliothek; Ausführung fährt fort wenn fortgesetzt.",,,,
Debug,Debugging und Testing / Debugging and Testing,"Process of finding and fixing errors; Tcl debugging techniques: `puts` statements, `catch` for errors, trace variables/commands, Tcl debuggers (TclPro Debugger, Komodo, Eclipse DLTK); interactive debugging in tclsh/wish.","Prozess des Findens und Behebens von Fehlern; Tcl-Debug-Techniken: `puts`-Anweisungen, `catch` für Fehler, trace Variablen/Befehle, Tcl-Debugger (TclPro Debugger, Komodo, Eclipse DLTK); interaktives Debugging in tclsh/wish.",,,,
Debugger,Debugging und Testing / Debugging and Testing,"Tool for interactive debugging; allows breakpoints, stepping, variable inspection; Tcl debuggers: TclPro Debugger (commercial, discontinued), Komodo IDE, Eclipse DLTK, tcldb (command-line); some IDEs have integrated Tcl debugging.","Tool für interaktives Debugging; erlaubt Breakpoints, Stepping, Variablen-Inspektion; Tcl-Debugger: TclPro Debugger (kommerziell, eingestellt), Komodo IDE, Eclipse DLTK, tcldb (Kommandozeile); einige IDEs haben integriertes Tcl-Debugging.",,,,
Mock Object,Debugging und Testing / Debugging and Testing,Test object simulating real object; provides controlled behavior for testing; useful for testing interactions; implemented in Tcl with procedures or TclOO objects; isolates unit under test.,"Test-Objekt, das echtes Objekt simuliert; bietet kontrolliertes Verhalten für Tests; nützlich für Test von Interaktionen; implementiert in Tcl mit Prozeduren oder TclOO-Objekten; isoliert zu testende Einheit.",,,,
Stack Trace,Debugging und Testing / Debugging and Testing,List of procedure calls leading to current execution point; shows call hierarchy; generated on error; accessed via `$errorInfo` variable; useful for debugging; also via `info level` command.,"Liste von Prozedur-Aufrufen, die zu aktuellem Ausführungspunkt führen; zeigt Aufruf-Hierarchie; generiert bei Fehler; zugreifbar über `$errorInfo`-Variable; nützlich für Debugging; auch über `info level`-Befehl.",,,,
Test Coverage,Debugging und Testing / Debugging and Testing,Measure of code tested; percentage of code executed by tests; Tcl coverage tools available via extensions; goal: high coverage for reliability; identify untested code paths.,Maß für getesteten Code; Prozentsatz von Code ausgeführt durch Tests; Tcl-Coverage-Tools verfügbar über Extensions; Ziel: hohe Abdeckung für Zuverlässigkeit; ungetestete Code-Pfade identifizieren.,,,,
Test Suite,Debugging und Testing / Debugging and Testing,Collection of related tests; typically in .test file; run with tcltest::runAllTests; organizes tests by feature or module; provides comprehensive coverage.,Sammlung verwandter Tests; typischerweise in .test-Datei; ausgeführt mit tcltest::runAllTests; organisiert Tests nach Feature oder Modul; bietet umfassende Abdeckung.,,,,
Unit Test,Debugging und Testing / Debugging and Testing,Test of individual procedure or code unit; verifies correctness in isolation; written with tcltest; example: `test add-1.0 {test addition} -body {expr {2 + 2}} -result 4`.,Test einer einzelnen Prozedur oder Code-Einheit; verifiziert Korrektheit isoliert; geschrieben mit tcltest; Beispiel: `test add-1.0 {test addition} -body {expr {2 + 2}} -result 4`.,,,,
tcltest,Debugging und Testing / Debugging and Testing,"Standard Tcl testing framework; package for writing and running unit tests; provides test command, assertions, test harness; usage: `package require tcltest; tcltest::test testName {...}`; supports test constraints, cleanup, setup.","Standard-Tcl-Testing-Framework; Paket zum Schreiben und Ausführen von Unit-Tests; bietet test-Befehl, Assertions, Test-Harness; Verwendung: `package require tcltest; tcltest::test testName {...}`; unterstützt Test-Constraints, Cleanup, Setup.",,,,
Button Types,Dialog-Typen / Dialog Types,"Dialog button configurations: `ok`, `okcancel`, `yesno`, `yesnocancel`, `retrycancel`, `abortretryignore`.","Dialog-Button-Konfigurationen: `ok`, `okcancel`, `yesno`, `yesnocancel`, `retrycancel`, `abortretryignore`.",,,,
Color Chooser (tk_chooseColor),Dialog-Typen / Dialog Types,Dialog for selecting color from color picker interface.,Dialog zur Auswahl einer Farbe aus einer Farbauswahl-Oberfläche.,,,,
Default Button,Dialog-Typen / Dialog Types,"Button automatically selected in dialog, activated by pressing Enter.","Button automatisch ausgewählt im Dialog, aktiviert durch Drücken von Enter.",,,,
Dialog,Dialog-Typen / Dialog Types,Temporary window requesting user input or displaying information.,"Temporäres Fenster, das Benutzereingabe anfordert oder Informationen anzeigt.",,,,
"File Dialog (tk_chooseDirectory, tk_getOpenFile, tk_getSaveFile)",Dialog-Typen / Dialog Types,Dialog for selecting files or directories from file system.,Dialog zur Auswahl von Dateien oder Verzeichnissen aus dem Dateisystem.,,,,
Message Box (tk_messageBox),Dialog-Typen / Dialog Types,"Standard dialog displaying message with buttons like OK, Cancel, Yes, No.","Standarddialog, der Nachricht mit Buttons wie OK, Abbrechen, Ja, Nein anzeigt.",,,,
Message Types,Dialog-Typen / Dialog Types,"Dialog icon types: `info`, `warning`, `error`, `question`.","Dialog-Icon-Typen: `info`, `warning`, `error`, `question`.",,,,
Parent Window,Dialog-Typen / Dialog Types,Window that dialog is associated with and typically stays on top of.,"Fenster, mit dem Dialog verknüpft ist und über dem er typischerweise bleibt.",,,,
Return Value,Dialog-Typen / Dialog Types,"Value returned by dialog indicating user's choice (e.g., `ok`, `cancel`, `yes`, `no`).","Wert, der von Dialog zurückgegeben wird und Benutzerauswahl anzeigt (z.B. `ok`, `cancel`, `yes`, `no`).",,,,
Top Level,Dialog-Typen / Dialog Types,"Independent window separate from main application window, created with `toplevel` command.","Unabhängiges Fenster getrennt vom Hauptanwendungsfenster, erstellt mit `toplevel`-Befehl.",,,,
tk_chooseColor,Dialog-Typen / Dialog Types,"Standard color picker dialog. Syntax: tk_chooseColor ?-initialcolor #RRGGBB? ?-parent .w? ?-title ""...""?. Returns a hex color string like ""#a0b0c0"" or empty on cancel.","Standard-Farbauswahl-Dialog. Syntax: tk_chooseColor ?-initialcolor #RRGGBB? ?-parent .w? ?-title ""...""?. Liefert einen Hex-Farbstring wie ""#a0b0c0"" oder leer bei Abbruch.",,,,
tk_chooseDirectory,Dialog-Typen / Dialog Types,"Standard ""choose directory"" dialog. Syntax: tk_chooseDirectory ?-initialdir D? ?-mustexist 0|1? ?-parent .w? ?-title ""...""?. Returns the selected directory path or empty on cancel.","Standard-Dialog ""Verzeichnis waehlen"". Syntax: tk_chooseDirectory ?-initialdir D? ?-mustexist 0|1? ?-parent .w? ?-title ""...""?. Liefert den gewaehlten Pfad oder leer bei Abbruch.",,,,
tk_getOpenFile,Dialog-Typen / Dialog Types,"Standard ""open file"" dialog. Syntax: tk_getOpenFile ?-initialdir D? ?-initialfile F? ?-defaultextension .ext? ?-filetypes {{name patterns} ...}? ?-multiple 0|1? ?-parent .w? ?-title ""...""?. Returns the selected file path (or list with -multiple 1), or empty on cancel.","Standard-Dialog ""Datei oeffnen"". Syntax: tk_getOpenFile ?-initialdir D? ?-initialfile F? ?-defaultextension .ext? ?-filetypes {{Name Patterns} ...}? ?-multiple 0|1? ?-parent .w? ?-title ""...""?. Liefert den gewaehlten Pfad (oder Liste bei -multiple 1), oder leer bei Abbruch.",,,,
tk_getSaveFile,Dialog-Typen / Dialog Types,"Standard ""save file"" dialog. Same options as tk_getOpenFile (without -multiple). Returns the path to save to, or empty on cancel. Does not actually create the file — only the dialog; the script must do the writing.","Standard-Dialog ""Datei speichern"". Gleiche Optionen wie tk_getOpenFile (ohne -multiple). Liefert den Speicher-Pfad oder leer bei Abbruch. Erzeugt die Datei NICHT — nur den Dialog; das Skript muss schreiben.",,,,
tk_messageBox,Dialog-Typen / Dialog Types,"Standard modal message dialog. Syntax: tk_messageBox -message ""..."" -type ok|okcancel|yesno|yesnocancel|abortretryignore|retrycancel -icon info|warning|error|question -title ""..."" -parent .w. Returns the chosen button name (ok, cancel, yes, no, ...). Native look-and-feel on each platform.","Standardisierter modaler Nachrichten-Dialog. Syntax: tk_messageBox -message ""..."" -type ok|okcancel|yesno|yesnocancel|abortretryignore|retrycancel -icon info|warning|error|question -title ""..."" -parent .w. Liefert den Namen des gewaehlten Buttons (ok, cancel, yes, no, ...). Native Optik je Plattform.",,,,
tk_optionMenu,Dialog-Typen / Dialog Types,Convenience constructor for an old-style option menu (button + popup). Syntax: tk_optionMenu .w varName value1 value2 ...; varName is bound to the selected value. Returns the menu widget path. For ttk applications use ttk::combobox instead.,Komfort-Konstruktor fuer ein klassisches Option-Menue (Button + Popup). Syntax: tk_optionMenu .w varName value1 value2 ...; varName ist an den gewaehlten Wert gebunden. Liefert den Menue-Widget-Pfad. Bei ttk-Anwendungen ttk::combobox bevorzugen.,,,,
tk_popup,Dialog-Typen / Dialog Types,"Display a menu as a context menu at a screen location. Syntax: tk_popup .menu x y ?initialIndex?. Used in <Button-3> bindings: bind .w <Button-3> ""tk_popup .ctxmenu %X %Y"". Native popup behavior per platform.","Zeigt ein Menue als Kontext-Menue an einer Bildschirmposition. Syntax: tk_popup .menu x y ?initialIndex?. Verwendet in <Button-3>-Bindings: bind .w <Button-3> ""tk_popup .ctxmenu %X %Y"". Plattform-natives Popup-Verhalten.",,,,
dict append,Dictionary-Subcommands / Dictionary Subcommands,Append value to existing dictionary key's value.,Wert an vorhandenen Dictionary-Schlüssel-Wert anhängen.,,,,
dict create,Dictionary-Subcommands / Dictionary Subcommands,"Create dictionary from key-value pairs (e.g., `dict create key1 val1 key2 val2`).",Dictionary aus Schlüssel-Wert-Paaren erstellen (z.B. `dict create key1 val1 key2 val2`).,,,,
dict exists,Dictionary-Subcommands / Dictionary Subcommands,Test if key exists in dictionary; returns boolean.,"Testen, ob Schlüssel im Dictionary existiert; gibt Boolean zurück.",,,,
dict filter,Dictionary-Subcommands / Dictionary Subcommands,"Filter dictionary entries by key, value, or script (e.g., `dict filter $d key a*`).","Dictionary-Einträge nach Schlüssel, Wert oder Skript filtern (z.B. `dict filter $d key a*`).",,,,
dict for,Dictionary-Subcommands / Dictionary Subcommands,"Iterate over dictionary key-value pairs (e.g., `dict for {k v} $mydict {...}`).",Über Dictionary-Schlüssel-Wert-Paare iterieren (z.B. `dict for {k v} $mydict {...}`).,,,,
dict get,Dictionary-Subcommands / Dictionary Subcommands,"Retrieve value for key from dictionary (e.g., `dict get $mydict key1`).",Wert für Schlüssel aus Dictionary abrufen (z.B. `dict get $mydict key1`).,,,,
dict keys,Dictionary-Subcommands / Dictionary Subcommands,"Return list of all keys in dictionary (e.g., `dict keys $mydict`).",Liste aller Schlüssel im Dictionary zurückgeben (z.B. `dict keys $mydict`).,,,,
dict map,Dictionary-Subcommands / Dictionary Subcommands,Iterate over a dictionary and produce a new dictionary by transforming each key/value pair. Syntax: dict map {keyVar valVar} dictionary body. Body's return value is the new value for that key. Like lmap but for dicts. Tcl 8.6+. Example: dict map {k v} $config {string toupper $v}.,Iteriert ueber ein Dictionary und erzeugt ein neues Dictionary durch Transformation jedes Key/Value-Paars. Syntax: dict map {keyVar valVar} dictionary body. Rueckgabewert des Bodys ist der neue Wert fuer diesen Key. Wie lmap fuer Dicts. Tcl 8.6+. Beispiel: dict map {k v} $config {string toupper $v}.,,,,
dict merge,Dictionary-Subcommands / Dictionary Subcommands,"Merge multiple dictionaries, later values override earlier ones.","Mehrere Dictionaries zusammenführen, spätere Werte überschreiben frühere.",,,,
dict set,Dictionary-Subcommands / Dictionary Subcommands,"Set key-value pair in dictionary (e.g., `dict set mydict key1 value1`).",Schlüssel-Wert-Paar in Dictionary setzen (z.B. `dict set mydict key1 value1`).,,,,
dict size,Dictionary-Subcommands / Dictionary Subcommands,Return number of key-value pairs in dictionary.,Anzahl der Schlüssel-Wert-Paare im Dictionary zurückgeben.,,,,
dict update,Dictionary-Subcommands / Dictionary Subcommands,"Map dictionary keys to variables, execute script, update dictionary from variables.","Dictionary-Schlüssel auf Variablen abbilden, Skript ausführen, Dictionary aus Variablen aktualisieren.",,,,
dict values,Dictionary-Subcommands / Dictionary Subcommands,"Return list of all values in dictionary (e.g., `dict values $mydict`).",Liste aller Werte im Dictionary zurückgeben (z.B. `dict values $mydict`).,,,,
dict with,Dictionary-Subcommands / Dictionary Subcommands,"Import dictionary keys as variables in scope (e.g., `dict with mydict {puts $key1}`).",Dictionary-Schlüssel als Variablen im Gültigkeitsbereich importieren (z.B. `dict with mydict {puts $key1}`).,,,,
DMA-BUF,Display-Backends und Plattformen / Display Backends and Platforms,"Linux kernel API for zero-copy buffer sharing between different subsystems (GPU, video decoder, camera, display). A file-descriptor handle that multiple components can map without copying the underlying memory. The key plumbing for efficient Wayland (compositor and client share GPU buffers), hardware-accelerated video, camera capture. Mostly invisible to application code but explains why modern Linux graphics is fast.","Linux-Kernel-API fuer Zero-Copy-Buffer-Sharing zwischen verschiedenen Subsystemen (GPU, Video-Decoder, Kamera, Display). Ein Filedeskriptor-Handle, das mehrere Komponenten ohne Kopieren des darunter liegenden Speichers mappen koennen. Das Schluessel-Plumbing fuer effizientes Wayland (Compositor und Client teilen GPU-Buffer), Hardware-beschleunigtes Video, Kamera-Capture. Fuer Anwendungscode meist unsichtbar, erklaert aber warum moderne Linux-Grafik schnell ist.",,,,
DRM / KMS,Display-Backends und Plattformen / Display Backends and Platforms,"Direct Rendering Manager (DRM) and Kernel Mode Setting (KMS) — Linux kernel subsystems for direct GPU access and display configuration. DRM handles GPU memory and command submission; KMS configures display modes (resolution, refresh rate), framebuffers, plane composition. Wayland compositors use DRM/KMS directly; X11 historically went through deeper userspace layers. Relevant for Tcl when bridging to low-level graphics (rare in standard apps).","Direct Rendering Manager (DRM) und Kernel Mode Setting (KMS) — Linux-Kernel-Subsysteme fuer direkten GPU-Zugriff und Display-Konfiguration. DRM verwaltet GPU-Speicher und Command-Submission; KMS konfiguriert Display-Modi (Aufloesung, Refresh-Rate), Framebuffer, Plane-Composition. Wayland-Compositoren nutzen DRM/KMS direkt; X11 ging historisch ueber tiefere Userspace-Schichten. Relevant fuer Tcl wenn auf Low-Level-Grafik gebrueckt wird (in Standard-Apps selten).",,,,
EGL,Display-Backends und Plattformen / Display Backends and Platforms,"Khronos-standard API that connects rendering APIs (OpenGL ES, OpenVG) to native window systems (X11, Wayland, Android, GBM). The ""glue layer"" between drawing and display. Required for GPU-accelerated rendering on Linux outside of GLX (the X11-only legacy). Tcl extensions that want hardware-accelerated 3D usually go through EGL.","Khronos-Standard-API, die Render-APIs (OpenGL ES, OpenVG) mit nativen Fenster-Systemen (X11, Wayland, Android, GBM) verbindet. Die ""Klebeschicht"" zwischen Zeichnen und Display. Erforderlich fuer GPU-beschleunigtes Rendering auf Linux ausserhalb von GLX (dem X11-only Legacy). Tcl-Erweiterungen, die Hardware-beschleunigte 3D wollen, gehen meist ueber EGL.",,,,
Hyprland,Display-Backends und Plattformen / Display Backends and Platforms,"Tiling Wayland compositor known for its visual polish (smooth animations, rounded corners, blur effects) and configurability. Written in C++ on top of wlroots. Popular in the rice-the-Linux-desktop community. Hosts tiling layouts plus floating windows, supports xdg-shell standards. Tk applications run on Hyprland via XWayland.","Tiling-Wayland-Compositor, bekannt fuer visuellen Schliff (sanfte Animationen, abgerundete Ecken, Blur-Effekte) und Konfigurierbarkeit. Geschrieben in C++ auf Basis von wlroots. Beliebt in der ""Rice-the-Linux-Desktop""-Community. Bietet Tiling-Layouts plus Floating-Fenster, unterstuetzt xdg-shell-Standards. Tk-Anwendungen laufen auf Hyprland ueber XWayland.",,,,
KWin,Display-Backends und Plattformen / Display Backends and Platforms,"KDE's window manager and Wayland compositor. Long history as an X11 window manager; has full Wayland-compositor implementation since KDE Plasma 5. Highly themable, supports KDE's effects framework. The standard compositor under KDE Plasma sessions.","KDEs Window-Manager und Wayland-Compositor. Lange Historie als X11-Window-Manager; hat seit KDE Plasma 5 eine vollwertige Wayland-Compositor-Implementierung. Stark themebar, unterstuetzt KDEs Effekt-Framework. Standard-Compositor in KDE-Plasma-Sitzungen.",,,,
Mutter,Display-Backends und Plattformen / Display Backends and Platforms,"GNOME's compositor and window manager — handles both X11 mode (gnome-shell-on-X11) and Wayland mode (gnome-shell-on-wayland). Built on top of Clutter (now in-tree). The dominant Linux desktop compositor by user count, since GNOME ships on Ubuntu, Fedora Workstation, etc.","GNOMEs Compositor und Window-Manager — behandelt sowohl X11-Modus (gnome-shell-on-X11) als auch Wayland-Modus (gnome-shell-on-wayland). Aufbauend auf Clutter (jetzt in-tree). Der dominante Linux-Desktop-Compositor nach Nutzerzahl, da GNOME auf Ubuntu, Fedora Workstation usw. mitgeliefert wird.",,,,
Quartz,Display-Backends und Plattformen / Display Backends and Platforms,"Apple's graphics layer on macOS (and iOS). Combines window server (Quartz Compositor), 2D drawing engine (Core Graphics / Quartz 2D), and event dispatch. Tk on macOS targets the Aqua interface via Quartz; the `wish` binary is a Cocoa application. Resolution-independent rendering with PDF as its native graphics model.","Apples Grafik-Schicht auf macOS (und iOS). Vereint Window-Server (Quartz Compositor), 2D-Zeichen-Engine (Core Graphics / Quartz 2D) und Event-Verteilung. Tk auf macOS spricht das Aqua-Interface ueber Quartz an; die `wish`-Binary ist eine Cocoa-Anwendung. Aufloesungsunabhaengiges Rendering mit PDF als nativem Grafik-Modell.",,,,
Wayland,Display-Backends und Plattformen / Display Backends and Platforms,"Modern Linux display protocol, designed as a successor to X11. Simpler core, security-oriented (clients can't snoop on each other), GPU-friendly. Each Wayland session is governed by a compositor that combines window manager, display server, and compositing into one. Tk does not yet natively support Wayland — on Wayland sessions, Tk runs through XWayland (X11 compatibility layer). Native Tk-Wayland support is being explored.","Modernes Linux-Display-Protokoll, entworfen als Nachfolger von X11. Schlankerer Kern, sicherheits-orientiert (Clients koennen sich nicht gegenseitig ausspionieren), GPU-freundlich. Jede Wayland-Sitzung wird von einem Compositor verwaltet, der Window-Manager, Display-Server und Compositing in einem vereint. Tk unterstuetzt Wayland noch nicht nativ — in Wayland-Sitzungen laeuft Tk ueber XWayland (X11-Kompatibilitaetsschicht). Nativer Tk-Wayland-Support wird erkundet.",,,,
Wayland-Compositor,Display-Backends und Plattformen / Display Backends and Platforms,"A program that fulfils the Wayland-protocol server role: receives buffers from client applications, composites them into the final screen output, dispatches input events. Unlike X11 where window manager, server, and compositor were separate, Wayland fuses them. Major implementations: Mutter (GNOME), KWin (KDE), Hyprland (tiling), wlroots-based compositors (Sway, river, etc.).","Programm, das die Wayland-Protokoll-Server-Rolle erfuellt: empfaengt Buffer von Client-Anwendungen, komponiert sie zur finalen Bildschirmausgabe, verteilt Eingabe-Ereignisse. Anders als bei X11, wo Window-Manager, Server und Compositor getrennt waren, vereint Wayland sie. Wichtige Implementierungen: Mutter (GNOME), KWin (KDE), Hyprland (Tiling), wlroots-basierte Compositoren (Sway, river, usw.).",,,,
Win32,Display-Backends und Plattformen / Display Backends and Platforms,"Microsoft's C API for Windows (NT-family and later) — the layer that all Windows desktop applications target directly or indirectly. Tk on Windows binds to Win32 for window creation, GDI for drawing, message-pump integration. The `twapi` Tcl extension exposes large parts of Win32 to Tcl scripts. Coexists with newer Microsoft APIs (WinRT, .NET) but remains the foundation.","Microsofts C-API fuer Windows (NT-Familie und spaeter) — die Schicht, die alle Windows-Desktop-Anwendungen direkt oder indirekt ansprechen. Tk auf Windows bindet an Win32 fuer Fenster-Erzeugung, GDI fuer Zeichnen, Message-Pump-Integration. Die `twapi`-Tcl-Erweiterung macht grosse Teile von Win32 fuer Tcl-Scripts zugaenglich. Koexistiert mit neueren Microsoft-APIs (WinRT, .NET), bleibt aber das Fundament.",,,,
X11,Display-Backends und Plattformen / Display Backends and Platforms,"The X Window System, version 11 — the traditional Unix/Linux display protocol since 1987. Network-transparent (clients connect to a display server over a socket), modular, extension-heavy. Tk on Linux historically uses X11 via Xlib; ttk themes render through X11. Slowly being replaced by Wayland on modern Linux desktops but still the default on many distributions and the only option on macOS via XQuartz.","Das X Window System, Version 11 — das traditionelle Unix/Linux-Display-Protokoll seit 1987. Netzwerk-transparent (Clients verbinden sich ueber Socket mit einem Display-Server), modular, erweiterungsreich. Tk auf Linux nutzt historisch X11 via Xlib; ttk-Themes rendern ueber X11. Wird auf modernen Linux-Desktops langsam durch Wayland ersetzt, ist aber auf vielen Distributionen weiter Default und auf macOS via XQuartz die einzige Option.",,,,
XWayland,Display-Backends und Plattformen / Display Backends and Platforms,"X11 server that runs as a Wayland client — provides X11 compatibility for applications that have not been ported to native Wayland. Tk applications run on Wayland sessions through XWayland: the Tk binary speaks X11 protocol, XWayland translates it to Wayland and forwards to the compositor. Slightly higher overhead than native Wayland, but lets every X11 application work unchanged on Wayland. Native Tk-Wayland support is being explored but is not yet shipped (the `TK_USE_WAYLAND` build flag is experimental).","X11-Server, der als Wayland-Client laeuft — bietet X11-Kompatibilitaet fuer Anwendungen, die nicht auf natives Wayland portiert sind. Tk-Anwendungen laufen auf Wayland-Sitzungen ueber XWayland: die Tk-Binary spricht X11-Protokoll, XWayland uebersetzt es nach Wayland und reicht es an den Compositor weiter. Etwas hoeherer Overhead als natives Wayland, aber jede X11-Anwendung funktioniert unveraendert auf Wayland. Nativer Tk-Wayland-Support wird erkundet, ist aber noch nicht ausgeliefert (das `TK_USE_WAYLAND`-Build-Flag ist experimentell).",,,,
wlroots,Display-Backends und Plattformen / Display Backends and Platforms,"Modular library providing the building blocks for Wayland compositors: surface management, input handling, output configuration, xdg-shell implementation, screencopy. Used by Sway, Hyprland, river, dwl, and others. Lets compositor authors focus on policy (layouts, animations, keybindings) without re-implementing the protocol plumbing.","Modulare Bibliothek, die die Bausteine fuer Wayland-Compositoren bereitstellt: Surface-Management, Input-Handling, Output-Konfiguration, xdg-shell-Implementierung, Screencopy. Wird von Sway, Hyprland, river, dwl und anderen genutzt. Erlaubt Compositor-Autoren sich auf Policy (Layouts, Animationen, Tastenkuerzel) zu konzentrieren, ohne die Protokoll-Plumbing neu zu implementieren.",,,,
xdg-shell,Display-Backends und Plattformen / Display Backends and Platforms,"Standard Wayland-protocol extension for window management — defines top-level windows, popups, dialog roles, resize/move operations, focus model. Implemented by all modern Wayland compositors. The conceptual analog of ""WM_PROTOCOLS"" + window-manager hints in X11, but cleaner and protocol-level.","Standard-Wayland-Protokoll-Erweiterung fuer Fenster-Management — definiert Top-Level-Fenster, Popups, Dialog-Rollen, Resize/Move-Operationen, Fokus-Modell. Implementiert von allen modernen Wayland-Compositoren. Das konzeptionelle Pendant zu ""WM_PROTOCOLS"" + Window-Manager-Hints unter X11, aber sauberer und auf Protokoll-Ebene.",,,,
xkbcommon,Display-Backends und Plattformen / Display Backends and Platforms,"Library that handles keyboard mappings — converts low-level keycodes to keysyms based on the active layout (US, German, Dvorak, etc.). Honours the XKB (X Keyboard) configuration format. Used by Wayland compositors (X11 keyboard logic lived inside X server; Wayland delegates to clients via xkbcommon). Independent of any display protocol — can be used standalone.","Bibliothek fuer Tastatur-Zuordnungen — konvertiert Low-Level-Keycodes zu Keysyms basierend auf dem aktiven Layout (US, Deutsch, Dvorak usw.). Befolgt das XKB- (X Keyboard) Konfigurationsformat. Wird von Wayland-Compositoren genutzt (X11-Tastatur-Logik lag im X-Server; Wayland delegiert ueber xkbcommon an Clients). Unabhaengig von einem Display-Protokoll — kann standalone genutzt werden.",,,,
--host / --build / --target,Distribution und Installation / Distribution and Installation,"Configure options specifying host, build, and target systems for cross-compilation.","Configure-Optionen zum Spezifizieren von Host-, Build- und Ziel-Systemen für Cross-Kompilierung.",,,,
Cross-compilation,Distribution und Installation / Distribution and Installation,Compiling for different platform/architecture than build machine.,Kompilieren für andere Plattform/Architektur als Build-Maschine.,,,,
DESTDIR,Distribution und Installation / Distribution and Installation,Staging directory for installation; final paths become $DESTDIR/$prefix/...,Staging-Verzeichnis für Installation; finale Pfade werden $DESTDIR/$prefix/...,,,,
VPATH Build,Distribution und Installation / Distribution and Installation,Building in separate directory from source (out-of-tree build).,Bauen in separatem Verzeichnis vom Quellcode (Out-of-Tree-Build).,,,,
bindir,Distribution und Installation / Distribution and Installation,Directory for executable programs (default $prefix/bin).,Verzeichnis für ausführbare Programme (Standard $prefix/bin).,,,,
datadir,Distribution und Installation / Distribution and Installation,Directory for read-only data files (default $prefix/share).,Verzeichnis für Nur-Lese-Daten-Dateien (Standard $prefix/share).,,,,
includedir,Distribution und Installation / Distribution and Installation,Directory for header files (default $prefix/include).,Verzeichnis für Header-Dateien (Standard $prefix/include).,,,,
libdir,Distribution und Installation / Distribution and Installation,Directory for libraries (default $prefix/lib or $prefix/lib64).,Verzeichnis für Bibliotheken (Standard $prefix/lib oder $prefix/lib64).,,,,
make dist,Distribution und Installation / Distribution and Installation,Create distribution tarball with all necessary source files.,Distributions-Tarball mit allen notwendigen Quell-Dateien erstellen.,,,,
make distcheck,Distribution und Installation / Distribution and Installation,Create distribution and verify it can be built and installed correctly.,"Distribution erstellen und verifizieren, dass sie korrekt gebaut und installiert werden kann.",,,,
make install-strip,Distribution und Installation / Distribution and Installation,Install and strip binaries to remove debug symbols.,Installieren und Binaries strippen um Debug-Symbole zu entfernen.,,,,
make uninstall,Distribution und Installation / Distribution and Installation,Remove installed files (if supported by Makefile).,Installierte Dateien entfernen (falls von Makefile unterstützt).,,,,
mandir,Distribution und Installation / Distribution and Installation,Directory for man pages (default $prefix/share/man).,Verzeichnis für Man-Pages (Standard $prefix/share/man).,,,,
prefix,Distribution und Installation / Distribution and Installation,Base directory for installation (default /usr/local); affects all installation paths.,Basis-Verzeichnis für Installation (Standard /usr/local); beeinflusst alle Installations-Pfade.,,,,
tarball,Distribution und Installation / Distribution and Installation,"Compressed archive (.tar.gz, .tar.bz2) containing source code distribution.","Komprimiertes Archiv (.tar.gz, .tar.bz2) mit Quellcode-Distribution.",,,,
HTML (HyperText Markup Language),Dokumentformate / Document Formats,"Standard web document format; markup language for web pages; Tcl can generate HTML (string operations, htmlparse in tcllib); parse HTML: htmlparse package; common for documentation, reports; Tk's html widget can display basic HTML.","Standard-Web-Dokumentformat; Markup-Sprache für Webseiten; Tcl kann HTML generieren (String-Operationen, htmlparse in tcllib); HTML parsen: htmlparse-Paket; üblich für Dokumentation, Berichte; Tks html-Widget kann einfaches HTML anzeigen.",,,,
LaTeX,Dokumentformate / Document Formats,"Document preparation system; high-quality typesetting for technical documents; Tcl can generate LaTeX source; compile with pdflatex: `exec pdflatex document.tex`; excellent for scientific papers, books; steep learning curve but powerful.","Dokumenten-Erstellungs-System; hochwertiger Schriftsatz für technische Dokumente; Tcl kann LaTeX-Quelle generieren; kompilieren mit pdflatex: `exec pdflatex document.tex`; exzellent für wissenschaftliche Arbeiten, Bücher; steile Lernkurve aber mächtig.",,,,
Markdown,Dokumentformate / Document Formats,"Lightweight markup language; plain text with formatting syntax; easy to read/write; converts to HTML, PDF; very popular for documentation; Tcl packages: markdown (tcllib) converts to HTML; GitHub, documentation sites use markdown; file extensions: .md, .markdown.","Leichtgewichtige Markup-Sprache; Klartext mit Formatierungs-Syntax; einfach zu lesen/schreiben; konvertiert zu HTML, PDF; sehr beliebt für Dokumentation; Tcl-Pakete: markdown (tcllib) konvertiert zu HTML; GitHub, Dokumentations-Sites verwenden Markdown; Dateiendungen: .md, .markdown.",,,,
PDF (Portable Document Format),Dokumentformate / Document Formats,"Adobe document format preserving layout; platform-independent; widely used for final documents; Tcl can generate PDF via packages (pdf4tcl), or tools (Ghostscript, wkhtmltopdf); read/extract: exec pdftotext or packages; industry standard for documents.","Adobe-Dokumentformat mit Layout-Erhaltung; plattformunabhängig; weit verbreitet für finale Dokumente; Tcl kann PDF generieren via Pakete (pdf4tcl) oder Tools (Ghostscript, wkhtmltopdf); lesen/extrahieren: exec pdftotext oder Pakete; Industrie-Standard für Dokumente.",,,,
PostScript,Dokumentformate / Document Formats,Page description language; predecessor to PDF; describes graphics and text; used by printers; Tcl can generate PostScript (canvas postscript command); file extension: .ps; convert to PDF with Ghostscript; less common now but still used in printing.,Seitenbeschreibungs-Sprache; Vorgänger von PDF; beschreibt Grafiken und Text; verwendet von Druckern; Tcl kann PostScript generieren (canvas postscript-Befehl); Dateiendung: .ps; konvertieren zu PDF mit Ghostscript; weniger üblich jetzt aber noch in Druck verwendet.,,,,
RTF (Rich Text Format),Dokumentformate / Document Formats,"Microsoft rich text format; supports formatting (bold, colors, fonts); readable by many word processors; Tcl can generate/parse RTF with string operations or packages; format: text with control codes; cross-platform but dated; file extension: .rtf.","Microsoft Rich-Text-Format; unterstützt Formatierung (fett, Farben, Schriften); lesbar von vielen Textverarbeitungen; Tcl kann RTF generieren/parsen mit String-Operationen oder Paketen; Format: Text mit Steuer-Codes; plattformübergreifend aber veraltet; Dateiendung: .rtf.",,,,
XML (eXtensible Markup Language),Dokumentformate / Document Formats,"Structured document format; hierarchical data representation; widely used for data exchange; Tcl packages: tdom (fast parser), xml (tcllib); namespaces, validation support; more verbose than JSON but powerful; file extension: .xml.","Strukturiertes Dokumentformat; hierarchische Daten-Darstellung; weit verbreitet für Datenaustausch; Tcl-Pakete: tdom (schneller Parser), xml (tcllib); Namespaces, Validierungs-Unterstützung; ausführlicher als JSON aber mächtig; Dateiendung: .xml.",,,,
Editor,Entwicklungsumgebung / Development Environment,"Text editor for writing code; Tcl-friendly editors: Vim, Emacs, VS Code, Sublime Text, Notepad++; IDEs: Komodo, Eclipse DLTK; features: syntax highlighting, auto-completion, debugging; Tcl's text widget can be basis for custom editor.","Text-Editor zum Schreiben von Code; Tcl-freundliche Editoren: Vim, Emacs, VS Code, Sublime Text, Notepad++; IDEs: Komodo, Eclipse DLTK; Features: Syntax-Hervorhebung, Auto-Vervollständigung, Debugging; Tcls Text-Widget kann Basis für eigenen Editor sein.",,,,
Git,Entwicklungsumgebung / Development Environment,"Distributed version control system; most popular VCS; Tcl can call via exec: `exec git commit -m ""message""`; Tcl packages: tclgit (bindings); tracks file changes, supports branching; essential modern tool.","Verteiltes Versionskontroll-System; beliebtestes VCS; Tcl kann aufrufen via exec: `exec git commit -m ""message""`; Tcl-Pakete: tclgit (Bindings); verfolgt Datei-Änderungen, unterstützt Branching; essentielles modernes Tool.",,,,
IDE (Integrated Development Environment),Entwicklungsumgebung / Development Environment,"Comprehensive development tool combining editor, debugger, build tools; Tcl IDEs: Komodo IDE (commercial), Eclipse DLTK (free), ActiveState Komodo; features: project management, debugging, version control integration; enhances productivity.","Umfassendes Entwicklungs-Tool kombinierend Editor, Debugger, Build-Tools; Tcl-IDEs: Komodo IDE (kommerziell), Eclipse DLTK (kostenlos), ActiveState Komodo; Features: Projekt-Verwaltung, Debugging, Versionskontroll-Integration; steigert Produktivität.",,,,
Project,Entwicklungsumgebung / Development Environment,"Collection of related source files, resources, and configuration; organizational unit in IDEs; typically in directory with subdirectories (src/, lib/, doc/, test/); version controlled (Git, SVN); may include build scripts, documentation; Tcl projects: .tcl files, packages, modules.","Sammlung verwandter Quell-Dateien, Ressourcen und Konfiguration; organisatorische Einheit in IDEs; typischerweise in Verzeichnis mit Unterverzeichnissen (src/, lib/, doc/, test/); versionskontrolliert (Git, SVN); kann Build-Skripte, Dokumentation enthalten; Tcl-Projekte: .tcl-Dateien, Pakete, Module.",,,,
Source Control,Entwicklungsumgebung / Development Environment,"Version control system tracking code changes; popular: Git, SVN, Mercurial; Tcl integration via exec or packages; essential for team development; tracks history, enables branching, merging; Tcl scripts for automation.","Versionskontroll-System zur Verfolgung von Code-Änderungen; beliebt: Git, SVN, Mercurial; Tcl-Integration via exec oder Pakete; essentiell für Team-Entwicklung; verfolgt Historie, ermöglicht Branching, Merging; Tcl-Skripte für Automatisierung.",,,,
Binding,Ereignisbehandlung / Event Handling,An association between an event pattern and a script to execute when that event occurs.,"Eine Zuordnung zwischen einem Ereignismuster und einem Skript, das ausgeführt wird, wenn dieses Ereignis eintritt.",,,,
Callback,Ereignisbehandlung / Event Handling,A script or procedure that is executed in response to an event or action.,"Ein Skript oder eine Prozedur, die als Reaktion auf ein Ereignis oder eine Aktion ausgeführt wird.",,,,
Event,Ereignisbehandlung / Event Handling,"An occurrence such as a mouse click, key press, or window action that triggers code execution.","Ein Vorkommnis wie ein Mausklick, Tastendruck oder eine Fensteraktion, das die Codeausführung auslöst.",,,,
Event Loop,Ereignisbehandlung / Event Handling,"The main loop that processes events (mouse, keyboard, timers, file I/O, idle callbacks) and updates the GUI. In Tk applications, the event loop starts automatically at script end as long as at least one window exists — explicit start is not normally needed. Explicit entry via `vwait varName` (block until variable changes) or `update` (process pending events once) is used in: non-GUI scripts that need event processing, scripts that block on a specific condition, and modal dialog patterns. Beware reentrancy: events nested inside `update`/`vwait` can fire while the calling code is still on the stack.","Die Hauptschleife, die Events (Maus, Tastatur, Timer, File-I/O, Idle-Callbacks) verarbeitet und die GUI aktualisiert. In Tk-Anwendungen startet die Event-Schleife automatisch am Script-Ende, sofern mindestens ein Fenster existiert — expliziter Start ist normalerweise nicht noetig. Expliziter Einstieg via `vwait varName` (blockiert bis Variable sich aendert) oder `update` (verarbeitet anstehende Events einmal) wird verwendet in: Nicht-GUI-Scripts, die Event-Verarbeitung brauchen, Scripts die auf eine bestimmte Bedingung blockieren, und Modal-Dialog-Patterns. Achtung Reentrancy: Events innerhalb von `update`/`vwait` koennen feuern, waehrend der aufrufende Code noch auf dem Stack ist.",,,,
Tk event loop (automatic startup),Ereignisbehandlung / Event Handling,"When a Tk script runs a GUI, the toolkit normally enters an event loop automatically; explicit `mainloop` or `vwait` is mainly needed for non-GUI Tcl scripts or for waiting on a variable—avoid redundant loop setup in typical Tk apps.",Beim Start einer Tk-Oberfläche läuft die Ereignisschleife typischerweise automatisch; `mainloop` oder `vwait` sind vor allem für reines Tcl ohne Tk oder zum Warten auf eine Variable nötig—in üblichen Tk-Programmen keine doppelte Schleifeninitialisierung.,,,,
fileevent,Ereignisbehandlung / Event Handling,"Tcl command registering a script to run when a channel becomes readable or writable; basis for non-blocking, event-driven I/O (e.g., `fileevent $sock readable [list handle_data $sock]`); requires channel to be in non-blocking mode via `fconfigure -blocking 0`.","Tcl-Befehl, der ein Skript registriert das ausgeführt wird wenn ein Channel les- oder schreibbar wird; Basis für non-blocking, ereignisgesteuerte I/O (z.B. `fileevent $sock readable [list handle_data $sock]`); erfordert Channel im non-blocking Modus via `fconfigure -blocking 0`.",,,,
ANSI Escape Codes,Escape-Sequenzen / Escape Sequences,"Terminal control sequences for text formatting and cursor control; format: ESC[...m for colors, ESC[...H for cursor position; example: `\033[31m` = red text, `\033[0m` = reset; Tcl: `puts ""\033[1;31mRed Bold\033[0m""`.","Terminal-Steuersequenzen für Text-Formatierung und Cursor-Kontrolle; Format: ESC[...m für Farben, ESC[...H für Cursor-Position; Beispiel: `\033[31m` = roter Text, `\033[0m` = zurücksetzen; Tcl: `puts ""\033[1;31mRed Bold\033[0m""`.",,,,
Escape Sequence,Escape-Sequenzen / Escape Sequences,"Special character combination starting with backslash (\) or escape character; represents non-printable characters or special formatting; Tcl supports: \n, \t, \r, \\, \xHH, \uHHHH, etc.","Spezielle Zeichen-Kombination beginnend mit Backslash (\) oder Escape-Zeichen; repräsentiert nicht-druckbare Zeichen oder spezielle Formatierung; Tcl unterstützt: \n, \t, \r, \\, \xHH, \uHHHH, etc.",,,,
\UHHHHHHHH,Escape-Sequenzen / Escape Sequences,Extended Unicode escape in Tcl (8.6+); HHHHHHHH = eight hex digits; for code points above U+FFFF; example: `\U0001F600` = 😀.,Erweitertes Unicode-Escape in Tcl (8.6+); HHHHHHHH = acht Hex-Ziffern; für Code-Punkte über U+FFFF; Beispiel: `\U0001F600` = 😀.,,,,
\a (Alert/Bell),Escape-Sequenzen / Escape Sequences,"Alert/bell character (ASCII 7); triggers audible or visual alert; Tcl: `puts ""\a""` may beep (depends on terminal settings).","Alarm/Glocken-Zeichen (ASCII 7); löst hörbares oder visuelles Signal aus; Tcl: `puts ""\a""` kann piepen (hängt von Terminal-Einstellungen ab).",,,,
\b (Backspace),Escape-Sequenzen / Escape Sequences,Backspace character (ASCII 8); moves cursor back one position; may or may not delete character depending on terminal.,Rücktaste-Zeichen (ASCII 8); bewegt Cursor eine Position zurück; kann Zeichen löschen oder nicht je nach Terminal.,,,,
\f (Form Feed),Escape-Sequenzen / Escape Sequences,Form feed character (ASCII 12); advances to next page; rarely used in modern systems; historically for printer page breaks.,Seitenvorschub-Zeichen (ASCII 12); rückt zur nächsten Seite vor; selten verwendet in modernen Systemen; historisch für Drucker-Seitenumbrüche.,,,,
\uHHHH,Escape-Sequenzen / Escape Sequences,"Unicode escape in Tcl; HHHH = four hex digits; example: `\u0041` = 'A', `\u20AC` = '€'; for code points U+0000 to U+FFFF.","Unicode-Escape in Tcl; HHHH = vier Hex-Ziffern; Beispiel: `\u0041` = 'A', `\u20AC` = '€'; für Code-Punkte U+0000 bis U+FFFF.",,,,
\xHH,Escape-Sequenzen / Escape Sequences,"Hexadecimal byte escape in Tcl; HH = two hex digits; example: `\x41` = 'A', `\xFF` = byte 255; max \xFF (255).","Hexadezimales Byte-Escape in Tcl; HH = zwei Hex-Ziffern; Beispiel: `\x41` = 'A', `\xFF` = Byte 255; max \xFF (255).",,,,
Alt (Modifier),Event Modifiers - Vollständig / Event Modifiers - Complete,"Alt key modifier for events; also called Meta or Mod1 on some systems; specified as `<Alt-Key-f>`, `<Alt-F4>`.","Alt-Tasten-Modifikator für Ereignisse; auch Meta oder Mod1 auf einigen Systemen genannt; angegeben als `<Alt-Key-f>`, `<Alt-F4>`.",,,,
Button1-Button5 (Modifiers),Event Modifiers - Vollständig / Event Modifiers - Complete,"Mouse button modifiers Button1 through Button5; Button1=left, Button2=middle, Button3=right, Button4/5=additional buttons.","Mausbutton-Modifikatoren Button1 bis Button5; Button1=links, Button2=mitte, Button3=rechts, Button4/5=zusätzliche Buttons.",,,,
Control (Modifier),Event Modifiers - Vollständig / Event Modifiers - Complete,"Control/Ctrl key modifier for events; specified as `<Control-Key-c>`, `<Control-Button-1>`, etc.","Control/Strg-Tasten-Modifikator für Ereignisse; angegeben als `<Control-Key-c>`, `<Control-Button-1>`, etc.",,,,
Double (Modifier),Event Modifiers - Vollständig / Event Modifiers - Complete,"Double-click event modifier; specified as `<Double-Button-1>`, `<Double-1>` (shorthand).","Doppelklick-Ereignis-Modifikator; angegeben als `<Double-Button-1>`, `<Double-1>` (Kurzform).",,,,
Meta (Modifier),Event Modifiers - Vollständig / Event Modifiers - Complete,Meta key modifier (same as Alt on many systems); specified as `<Meta-Key>`.,Meta-Tasten-Modifikator (gleich wie Alt auf vielen Systemen); angegeben als `<Meta-Key>`.,,,,
Mod1-Mod5 (Modifiers),Event Modifiers - Vollständig / Event Modifiers - Complete,"Generic modifier keys Mod1 through Mod5; mapping system-dependent (Mod1 often Alt, Mod4 often Windows/Super key).","Generische Modifikatortasten Mod1 bis Mod5; Zuordnung system-abhängig (Mod1 oft Alt, Mod4 oft Windows/Super-Taste).",,,,
Shift (Modifier),Event Modifiers - Vollständig / Event Modifiers - Complete,"Shift key modifier for events; specified as `<Shift-Button-1>`, `<Shift-Key-a>`, etc.","Umschalttasten-Modifikator für Ereignisse; angegeben als `<Shift-Button-1>`, `<Shift-Key-a>`, etc.",,,,
Triple (Modifier),Event Modifiers - Vollständig / Event Modifiers - Complete,"Triple-click event modifier; specified as `<Triple-Button-1>`, `<Triple-1>` (shorthand).","Dreifachklick-Ereignis-Modifikator; angegeben als `<Triple-Button-1>`, `<Triple-1>` (Kurzform).",,,,
<<ComboboxSelected>>,Event-Befehle / Event Commands,Virtual event triggered when ttk::combobox selection changes.,"Virtuelles Ereignis, ausgelöst wenn ttk::combobox-Auswahl sich ändert.",,,,
<<Cut>> <<Copy>> <<Paste>>,Event-Befehle / Event Commands,Standard virtual events for clipboard operations; platform-independent.,Standard-virtuelle Ereignisse für Zwischenablage-Operationen; plattformunabhängig.,,,,
<<ListboxSelect>>,Event-Befehle / Event Commands,Virtual event triggered when listbox selection changes.,"Virtuelles Ereignis, ausgelöst wenn Listbox-Auswahl sich ändert.",,,,
<<MenuSelect>>,Event-Befehle / Event Commands,Virtual event triggered when menu item is highlighted.,"Virtuelles Ereignis, ausgelöst wenn Menüelement hervorgehoben wird.",,,,
<<Modified>>,Event-Befehle / Event Commands,Virtual event triggered when text widget content is modified.,"Virtuelles Ereignis, ausgelöst wenn Text-Widget-Inhalt geändert wird.",,,,
<<Selection>>,Event-Befehle / Event Commands,Virtual event triggered when text selection changes.,"Virtuelles Ereignis, ausgelöst wenn Textauswahl sich ändert.",,,,
event add,Event-Befehle / Event Commands,"Define virtual event and associate with physical event patterns (e.g., `event add <<Undo>> <Control-z>`).",Virtuelles Ereignis definieren und mit physischen Ereignis-Mustern verknüpfen (z.B. `event add <<Undo>> <Control-z>`).,,,,
event delete,Event-Befehle / Event Commands,Remove virtual event definition or specific binding.,Virtuelles Ereignis-Definition oder spezifisches Binding entfernen.,,,,
event generate,Event-Befehle / Event Commands,"Programmatically create and send event to widget (e.g., `event generate .widget <<Custom>>`).",Programmatisch Ereignis erstellen und an Widget senden (z.B. `event generate .widget <<Custom>>`).,,,,
event info,Event-Befehle / Event Commands,Query information about virtual events or physical event sequences.,Informationen über virtuelle Ereignisse oder physische Ereignis-Sequenzen abfragen.,,,,
Alt,Event-Modifikatoren / Event Modifiers,Alt key modifier for events (also called Meta or Option on some systems).,Alt-Tasten-Modifikator für Ereignisse (auch Meta oder Option auf einigen Systemen genannt).,,,,
Control,Event-Modifikatoren / Event Modifiers,Modifier key for events; specified as `<Control-Key>` or `<Control-Button-1>`.,Modifikatortaste für Ereignisse; angegeben als `<Control-Key>` oder `<Control-Button-1>`.,,,,
Double,Event-Modifikatoren / Event Modifiers,Double-click event modifier; specified as `<Double-Button-1>`.,Doppelklick-Ereignis-Modifikator; angegeben als `<Double-Button-1>`.,,,,
Lock,Event-Modifikatoren / Event Modifiers,Caps Lock modifier for keyboard events.,Feststelltasten-Modifikator für Tastatur-Ereignisse.,,,,
Shift,Event-Modifikatoren / Event Modifiers,Shift key modifier for events.,Umschalttaste-Modifikator für Ereignisse.,,,,
Triple,Event-Modifikatoren / Event Modifiers,Triple-click event modifier; specified as `<Triple-Button-1>`.,Dreifachklick-Ereignis-Modifikator; angegeben als `<Triple-Button-1>`.,,,,
ButtonPress (Button),Event-Typen / Event Types,"Mouse button click event; specified as `<Button-1>` for left click, `<Button-2>` for middle, `<Button-3>` for right.","Mausklick-Ereignis; angegeben als `<Button-1>` für Linksklick, `<Button-2>` für Mitte, `<Button-3>` für Rechts.",,,,
ButtonRelease,Event-Typen / Event Types,Event triggered when a mouse button is released.,"Ereignis, das ausgelöst wird, wenn eine Maustaste losgelassen wird.",,,,
Destroy,Event-Typen / Event Types,Event triggered when a widget is destroyed.,"Ereignis, das ausgelöst wird, wenn ein Widget zerstört wird.",,,,
Enter,Event-Typen / Event Types,Event triggered when the mouse pointer enters a widget's area.,"Ereignis, das ausgelöst wird, wenn der Mauszeiger den Bereich eines Widgets betritt.",,,,
Expose,Event-Typen / Event Types,Event triggered when part of a window becomes visible and needs redrawing.,"Ereignis, das ausgelöst wird, wenn ein Teil eines Fensters sichtbar wird und neu gezeichnet werden muss.",,,,
FocusIn,Event-Typen / Event Types,Event triggered when a widget receives keyboard focus.,"Ereignis, das ausgelöst wird, wenn ein Widget den Tastaturfokus erhält.",,,,
FocusOut,Event-Typen / Event Types,Event triggered when a widget loses keyboard focus.,"Ereignis, das ausgelöst wird, wenn ein Widget den Tastaturfokus verliert.",,,,
KeyPress (Key),Event-Typen / Event Types,Keyboard key press event; specified as `<Key>` or `<KeyPress>`.,Tastatur-Tastendruck-Ereignis; angegeben als `<Key>` oder `<KeyPress>`.,,,,
KeyRelease,Event-Typen / Event Types,Event triggered when a keyboard key is released.,"Ereignis, das ausgelöst wird, wenn eine Tastaturtaste losgelassen wird.",,,,
Leave,Event-Typen / Event Types,Event triggered when the mouse pointer leaves a widget's area.,"Ereignis, das ausgelöst wird, wenn der Mauszeiger den Bereich eines Widgets verlässt.",,,,
Map,Event-Typen / Event Types,Event triggered when a widget becomes visible on screen.,"Ereignis, das ausgelöst wird, wenn ein Widget auf dem Bildschirm sichtbar wird.",,,,
Motion,Event-Typen / Event Types,Event triggered when the mouse moves.,"Ereignis, das ausgelöst wird, wenn die Maus bewegt wird.",,,,
Unmap,Event-Typen / Event Types,Event triggered when a widget is removed from the screen.,"Ereignis, das ausgelöst wird, wenn ein Widget vom Bildschirm entfernt wird.",,,,
#000000,Farben / Colors,"Hex code for black color (minimum values for all RGB components: 0, 0, 0).","Hex-Code für die Farbe Schwarz (Minimalwerte für alle RGB-Komponenten: 0, 0, 0).",,,,
#0000FF,Farben / Colors,"Hex code for pure blue (red=0, green=0, blue=255).","Hex-Code für reines Blau (Rot=0, Grün=0, Blau=255).",,,,
#00FF00,Farben / Colors,"Hex code for pure green (red=0, green=255, blue=0).","Hex-Code für reines Grün (Rot=0, Grün=255, Blau=0).",,,,
#FF0000,Farben / Colors,"Hex code for pure red (red=255, green=0, blue=0).","Hex-Code für reines Rot (Rot=255, Grün=0, Blau=0).",,,,
#FFFFFF,Farben / Colors,"Hex code for white color (maximum values for all RGB components: 255, 255, 255).","Hex-Code für die Farbe Weiß (Maximalwerte für alle RGB-Komponenten: 255, 255, 255).",,,,
#RGB Format,Farben / Colors,"Three-digit shorthand hex format (e.g., `#F00` = `#FF0000`); each digit is doubled.",Dreistelliges Kurzformat in Hex (z.B. `#F00` = `#FF0000`); jede Ziffer wird verdoppelt.,,,,
#RRGGBB Format,Farben / Colors,"Six-digit hex format where each pair represents intensity (00-FF) for red, green, and blue.","Sechsstelliges Hex-Format, wobei jedes Paar die Intensität (00-FF) für Rot, Grün und Blau darstellt.",,,,
Active Background (activebackground),Farben / Colors,The background color when a widget is active or being interacted with.,"Die Hintergrundfarbe, wenn ein Widget aktiv ist oder mit ihm interagiert wird.",,,,
Active Foreground (activeforeground),Farben / Colors,The foreground color when a widget is active or being interacted with.,"Die Vordergrundfarbe, wenn ein Widget aktiv ist oder mit ihm interagiert wird.",,,,
Background (bg),Farben / Colors,The background color of a widget or window.,Die Hintergrundfarbe eines Widgets oder Fensters.,,,,
Color,Farben / Colors,"Specification of color using names (e.g., `red`, `blue`) or hex codes (e.g., `#FF0000`).","Spezifikation von Farbe mit Namen (z.B. `red`, `blue`) oder Hex-Codes (z.B. `#FF0000`).",,,,
Disabled Foreground (disabledforeground),Farben / Colors,The foreground color when a widget is in disabled state.,"Die Vordergrundfarbe, wenn ein Widget im deaktivierten Zustand ist.",,,,
Foreground (fg),Farben / Colors,The color of text or the main content of a widget.,Die Farbe von Text oder dem Hauptinhalt eines Widgets.,,,,
Gray Levels,Farben / Colors,"Shades of gray specified as `gray0` (black) through `gray100` (white), or hex codes with equal RGB values.","Graustufen angegeben als `gray0` (schwarz) bis `gray100` (weiß), oder Hex-Codes mit gleichen RGB-Werten.",,,,
Hex Color Code,Farben / Colors,"Color specified with hexadecimal notation; format `#RRGGBB` where RR=red, GG=green, BB=blue (e.g., `#FF0000` for red, `#00FF00` for green, `#0000FF` for blue).","Farbe mit Hexadezimalnotation angegeben; Format `#RRGGBB` wobei RR=Rot, GG=Grün, BB=Blau (z.B. `#FF0000` für Rot, `#00FF00` für Grün, `#0000FF` für Blau).",,,,
Highlight Color (highlightcolor),Farben / Colors,The color of the focus highlight border when a widget has keyboard focus.,"Die Farbe des Fokus-Hervorhebungsrahmens, wenn ein Widget den Tastaturfokus hat.",,,,
Named Colors,Farben / Colors,"Predefined color names like `red`, `blue`, `green`, `yellow`, `cyan`, `magenta`, `white`, `black`, `gray`.","Vordefinierte Farbnamen wie `red`, `blue`, `green`, `yellow`, `cyan`, `magenta`, `white`, `black`, `gray`.",,,,
RGB,Farben / Colors,"Color specification using Red, Green, Blue components (e.g., `rgb(255, 0, 0)` or `#FF0000`).","Farbspezifikation mit Rot-, Grün-, Blau-Komponenten (z.B. `rgb(255, 0, 0)` oder `#FF0000`).",,,,
Select Background (selectbackground),Farben / Colors,The background color of selected text or items.,Die Hintergrundfarbe von markiertem Text oder Elementen.,,,,
Select Foreground (selectforeground),Farben / Colors,The foreground color of selected text or items.,Die Vordergrundfarbe von markiertem Text oder Elementen.,,,,
Frame,Fenster und Layout / Windows and Layout,A container widget used to group and organize other widgets within a window.,Ein Container-Widget zum Gruppieren und Organisieren anderer Widgets innerhalb eines Fensters.,,,,
Geometry Manager,Fenster und Layout / Windows and Layout,"A system for arranging widgets in a window (pack, grid, or place).","Ein System zur Anordnung von Widgets in einem Fenster (pack, grid oder place).",,,,
Grid,Fenster und Layout / Windows and Layout,A geometry manager that arranges widgets in a two-dimensional table structure.,"Ein Geometry-Manager, der Widgets in einer zweidimensionalen Tabellenstruktur anordnet.",,,,
Pack,Fenster und Layout / Windows and Layout,A geometry manager that arranges widgets in blocks along the sides of their container.,"Ein Geometry-Manager, der Widgets in Blöcken entlang der Seiten ihres Containers anordnet.",,,,
Place,Fenster und Layout / Windows and Layout,A geometry manager that positions widgets at absolute or relative coordinates.,"Ein Geometry-Manager, der Widgets an absoluten oder relativen Koordinaten positioniert.",,,,
Window,Fenster und Layout / Windows and Layout,"A top-level or child container for widgets, referenced by a pathname starting with `.`","Ein Container der obersten Ebene oder ein Untercontainer für Widgets, referenziert durch einen Pfadnamen beginnend mit `.`",,,,
Deiconify,Fenster-Management / Window Management,Restore a minimized window to its normal state.,Ein minimiertes Fenster in seinen normalen Zustand wiederherstellen.,,,,
Geometry,Fenster-Management / Window Management,The size and position of a window in format `widthxheight+x+y`.,Die Größe und Position eines Fensters im Format `widthxheight+x+y`.,,,,
Iconify,Fenster-Management / Window Management,Minimize a window to an icon or taskbar entry.,Ein Fenster zu einem Symbol oder Taskleisten-Eintrag minimieren.,,,,
Protocol,Fenster-Management / Window Management,"Handler for window manager events (e.g., `WM_DELETE_WINDOW` for close button).",Handler für Window-Manager-Ereignisse (z.B. `WM_DELETE_WINDOW` für Schließen-Button).,,,,
Resizable,Fenster-Management / Window Management,Specifies whether a window can be resized by the user.,"Gibt an, ob ein Fenster vom Benutzer in der Größe verändert werden kann.",,,,
Title,Fenster-Management / Window Management,The text displayed in the window's title bar; set with `wm title`.,"Der Text, der in der Titelleiste des Fensters angezeigt wird; gesetzt mit `wm title`.",,,,
Transient,Fenster-Management / Window Management,A secondary window that stays on top of its parent window.,"Ein sekundäres Fenster, das über seinem Elternfenster bleibt.",,,,
Withdraw,Fenster-Management / Window Management,Completely hide a window without destroying it.,"Ein Fenster vollständig verbergen, ohne es zu zerstören.",,,,
Binary Mode,File I/O-Begriffe / File I/O Terms,File access mode for binary data without line-ending translation.,Dateizugriffsmodus für Binärdaten ohne Zeilenende-Übersetzung.,,,,
Channel,File I/O-Begriffe / File I/O Terms,"I/O stream handle for file, socket, or pipe operations.","E/A-Stream-Handle für Datei-, Socket- oder Pipe-Operationen.",,,,
Encoding,File I/O-Begriffe / File I/O Terms,"Character encoding for file operations (e.g., utf-8, iso8859-1).","Zeichenkodierung für Dateioperationen (z.B. utf-8, iso8859-1).",,,,
File Mode,File I/O-Begriffe / File I/O Terms,"Access mode when opening file: `r` (read), `w` (write/create), `a` (append), `r+` (read/write), `w+` (read/write/create), `a+` (read/append).","Zugriffsmodus beim Öffnen von Datei: `r` (lesen), `w` (schreiben/erstellen), `a` (anhängen), `r+` (lesen/schreiben), `w+` (lesen/schreiben/erstellen), `a+` (lesen/anhängen).",,,,
Translation,File I/O-Begriffe / File I/O Terms,"Line-ending conversion mode: `auto`, `lf`, `cr`, `crlf`, or `binary`.","Zeilenende-Konvertierungsmodus: `auto`, `lf`, `cr`, `crlf` oder `binary`.",,,,
cd,File I/O-Begriffe / File I/O Terms,"Change current working directory (e.g., `cd /home/user`).",Aktuelles Arbeitsverzeichnis wechseln (z.B. `cd /home/user`).,,,,
chan configure,File I/O-Begriffe / File I/O Terms,"Modern equivalent of `fconfigure`. Syntax: chan configure channelId ?option? ?value? ?option value...?. Common options: -buffering line|full|none, -encoding utf-8, -translation binary|crlf|lf|auto, -blocking 0|1, -eofchar char, -buffersize bytes. Use -encoding utf-8 + -translation binary for safe binary I/O.","Modernes Gegenstueck zu `fconfigure`. Syntax: chan configure channelId ?option? ?value? ?option value...?. Wichtige Optionen: -buffering line|full|none, -encoding utf-8, -translation binary|crlf|lf|auto, -blocking 0|1, -eofchar char, -buffersize bytes. -encoding utf-8 + -translation binary fuer sichere binaer-I/O.",,,,
chan create,File I/O-Begriffe / File I/O Terms,"Create a reflected channel (refchan) backed by Tcl procedures. Syntax: chan create {read|write|read write} cmdPrefix. The cmdPrefix is a command that handles the channel operations (read, write, close, blocking, watch, ...). Used for in-memory channels, streaming filters, custom protocols.","Erzeugt einen reflektierten Kanal (refchan) der von Tcl-Prozeduren bedient wird. Syntax: chan create {read|write|read write} cmdPrefix. Der cmdPrefix ist ein Kommando das die Kanal-Operationen (read, write, close, blocking, watch, ...) bedient. Verwendet fuer In-Memory-Kanaele, Streaming-Filter, eigene Protokolle.",,,,
chan event,File I/O-Begriffe / File I/O Terms,Modern equivalent of the deprecated `fileevent` command. Syntax: chan event channelId readable|writable ?script?. Without script: returns the current callback. With empty string: removes the callback. Same semantics as fileevent; chan event is preferred in new code.,Modernes Gegenstueck zum veralteten `fileevent`-Kommando. Syntax: chan event channelId readable|writable ?script?. Ohne Skript: liefert den aktuellen Callback. Mit leerem String: entfernt den Callback. Gleiche Semantik wie fileevent; chan event ist in neuem Code bevorzugt.,,,,
chan postevent,File I/O-Begriffe / File I/O Terms,"Post a fileevent on a reflected channel. Syntax: chan postevent channelId eventList (eventList contains ""read"", ""write""). Used inside a refchan implementation to trigger fileevent callbacks when data becomes available or writable.","Postet ein fileevent auf einem reflektierten Kanal. Syntax: chan postevent channelId eventList (eventList enthaelt ""read"", ""write""). Verwendet innerhalb einer refchan-Implementation um fileevent-Callbacks auszuloesen wenn Daten verfuegbar/schreibbar werden.",,,,
close,File I/O-Begriffe / File I/O Terms,"Close open file channel and flush buffers (e.g., `close $fp`).",Offenen Datei-Kanal schließen und Puffer leeren (z.B. `close $fp`).,,,,
eof,File I/O-Begriffe / File I/O Terms,"Check if end-of-file has been reached (e.g., `eof $fp`).","Prüfen, ob Dateiende erreicht wurde (z.B. `eof $fp`).",,,,
fconfigure,File I/O-Begriffe / File I/O Terms,"Configure channel options like buffering, encoding, translation mode.","Kanal-Optionen wie Pufferung, Kodierung, Übersetzungsmodus konfigurieren.",,,,
fconfigure -encoding,File I/O-Begriffe / File I/O Terms,"Sets or queries the character encoding used to translate bytes from a channel into Tcl strings and vice versa. Common values: `utf-8`, `iso8859-1`, `cp1252`, `binary` (no translation). Without this setting, the system encoding is used — a frequent source of cross-platform bugs.","Setzt oder liest die Zeichenkodierung, mit der Bytes eines Channels in Tcl-Strings (und umgekehrt) übersetzt werden. Übliche Werte: `utf-8`, `iso8859-1`, `cp1252`, `binary` (keine Übersetzung). Ohne diese Einstellung wird das System-Encoding verwendet — eine häufige Fehlerquelle quer über Plattformen.","```tcl
set fd [open data.txt r]
fconfigure $fd -encoding utf-8
set content [read $fd]
close $fd

# Binary mode (no encoding translation):
set fd [open file.bin rb]
fconfigure $fd -encoding binary -translation binary",,"fconfigure, fconfigure -translation, encoding system, encoding convertfrom","fconfigure(n), open(n)"
fconfigure -translation,File I/O-Begriffe / File I/O Terms,"Controls newline translation on a channel. Values: `auto` (default for read), `lf` (Unix), `cr` (classic Mac), `crlf` (Windows), `binary` (no translation, also forces encoding to binary). Use `binary` for non-text data; otherwise newlines and end-of-file markers may be silently changed.","Steuert die Newline-Übersetzung eines Channels. Werte: `auto` (Default beim Lesen), `lf` (Unix), `cr` (klassisches Mac), `crlf` (Windows), `binary` (keine Übersetzung, erzwingt zugleich Encoding `binary`). Für Nicht-Textdaten `binary` verwenden, sonst können Zeilenenden und EOF-Marker stillschweigend verändert werden.","```tcl
set fd [open out.txt w]
fconfigure $fd -translation crlf       ;# force Windows line endings
puts $fd ""Line 1""
close $fd

set fd [open image.png rb]
fconfigure $fd -translation binary     ;# raw bytes, no translation
set data [read $fd]
close $fd",,"fconfigure, fconfigure -encoding, open, gets, puts","fconfigure(n), open(n)"
file,File I/O-Begriffe / File I/O Terms,"Command with subcommands for file operations: `exists`, `delete`, `copy`, `rename`, `mkdir`, `size`, `mtime`, etc.","Befehl mit Unterbefehlen für Dateioperationen: `exists`, `delete`, `copy`, `rename`, `mkdir`, `size`, `mtime`, etc.",,,,
flush,File I/O-Begriffe / File I/O Terms,Force buffered output to be written immediately to file.,Gepufferte Ausgabe sofort in Datei schreiben erzwingen.,,,,
gets,File I/O-Begriffe / File I/O Terms,"Read single line from file channel (e.g., `gets $fp line`).",Einzelne Zeile aus Datei-Kanal lesen (z.B. `gets $fp line`).,,,,
glob,File I/O-Begriffe / File I/O Terms,"Find files matching pattern with wildcards (e.g., `glob *.txt`).","Dateien finden, die Muster mit Wildcards entsprechen (z.B. `glob *.txt`).",,,,
glob -directory,File I/O-Begriffe / File I/O Terms,"glob option that anchors the search to a specific directory. Syntax: glob -directory dir ?-options? pattern. The pattern is matched against entries in dir, not against the joined path. Cleaner and faster than `glob ""$dir/*""` because Tcl handles the join. Combined with -tails to get only the basenames.","glob-Option die die Suche auf ein bestimmtes Verzeichnis verankert. Syntax: glob -directory dir ?-options? pattern. Das Pattern wird gegen Eintraege in dir geprueft, nicht gegen den verbundenen Pfad. Sauberer und schneller als `glob ""$dir/*""` weil Tcl das Verbinden uebernimmt. Mit -tails kombiniert liefert es nur Basenamen.",,,,
glob -nocomplain,File I/O-Begriffe / File I/O Terms,"glob option that suppresses the ""no files matched"" error and returns an empty list instead. Syntax: glob -nocomplain ?-options? pattern. Without it, glob raises an error when nothing matches — useful when iterating over potentially empty directories.","glob-Option die den ""keine Dateien gefunden""-Fehler unterdrueckt und stattdessen eine leere Liste liefert. Syntax: glob -nocomplain ?-options? pattern. Ohne diese Option wirft glob einen Fehler bei keinem Treffer — nuetzlich beim Iterieren ueber moeglicherweise leere Verzeichnisse.",,,,
glob -tails,File I/O-Begriffe / File I/O Terms,"glob option that returns only the matching basenames, not the full path. Syntax: glob -directory dir -tails pattern. Without -directory: not very useful. Common pattern: `glob -directory $dir -tails *.tcl`.","glob-Option die nur die treffenden Basenamen liefert, nicht den vollen Pfad. Syntax: glob -directory dir -tails pattern. Ohne -directory: wenig sinnvoll. Verbreitetes Muster: `glob -directory $dir -tails *.tcl`.",,,,
glob -types,File I/O-Begriffe / File I/O Terms,"glob option that restricts matches by file type. Syntax: glob -types typespec ?-options? pattern. typespec can be: a list of single-char types (d=dir, f=file, l=link, b=block, c=char, p=pipe, s=socket), or a list of permission strings ({readable writable}), or a TYPE list for special filesystems. Common: `glob -types d *` for directories only.","glob-Option die Treffer nach Datei-Typ einschraenkt. Syntax: glob -types typespec ?-options? pattern. typespec kann sein: Liste einzelner Typ-Buchstaben (d=Verzeichnis, f=Datei, l=Link, b=Block, c=Char, p=Pipe, s=Socket), Liste von Berechtigungs-Strings ({readable writable}), oder TYPE-Liste fuer spezielle Filesysteme. Verbreitet: `glob -types d *` fuer nur Verzeichnisse.",,,,
open,File I/O-Begriffe / File I/O Terms,"Open file and return channel handle for reading/writing (e.g., `set fp [open ""file.txt"" r]`).","Datei öffnen und Kanal-Handle zum Lesen/Schreiben zurückgeben (z.B. `set fp [open ""file.txt"" r]`).",,,,
puts,File I/O-Begriffe / File I/O Terms,"Write string to file channel or stdout (e.g., `puts $fp ""Hello World""`).","String in Datei-Kanal oder stdout schreiben (z.B. `puts $fp ""Hello World""`).",,,,
pwd,File I/O-Begriffe / File I/O Terms,Return current working directory path.,Aktuellen Arbeitsverzeichnis-Pfad zurückgeben.,,,,
read,File I/O-Begriffe / File I/O Terms,Read data from file channel; can read entire file or specified number of bytes.,Daten aus Datei-Kanal lesen; kann ganze Datei oder angegebene Anzahl Bytes lesen.,,,,
refchan,File I/O-Begriffe / File I/O Terms,"Reflected channel — a Tcl-implemented channel created via `chan create`. The handler proc receives one of these subcommand requests: initialize, finalize, watch, read, write, seek, blocking, configure, cget, cgetall. Each must respond appropriately. Enables custom channel sources without C code.","Reflektierter Kanal — ein in Tcl implementierter Kanal, erzeugt mit `chan create`. Der Handler-Proc erhaelt einen dieser Subkommando-Requests: initialize, finalize, watch, read, write, seek, blocking, configure, cget, cgetall. Jeder muss passend antworten. Ermoeglicht eigene Kanal-Quellen ohne C-Code.",,,,
seek,File I/O-Begriffe / File I/O Terms,"Change current position in file channel (e.g., `seek $fp 0 start`).",Aktuelle Position im Datei-Kanal ändern (z.B. `seek $fp 0 start`).,,,,
stderr,File I/O-Begriffe / File I/O Terms,Standard error channel (error message output).,Standard-Fehler-Kanal (Fehlermeldungs-Ausgabe).,,,,
stdin,File I/O-Begriffe / File I/O Terms,Standard input channel (keyboard input).,Standard-Eingabe-Kanal (Tastatureingabe).,,,,
stdout,File I/O-Begriffe / File I/O Terms,Standard output channel (screen output).,Standard-Ausgabe-Kanal (Bildschirmausgabe).,,,,
tell,File I/O-Begriffe / File I/O Terms,Return current read/write position in file channel.,Aktuelle Lese-/Schreibposition im Datei-Kanal zurückgeben.,,,,
file atime,File-Subcommands / File Subcommands,Get or set the access time of a file (Unix epoch seconds). Syntax: file atime name ?newTime?. Without newTime: returns the access time. With newTime: sets it (requires write permission). Updating atime is restricted on some filesystems (noatime mount).,Liefert oder setzt die Access-Zeit einer Datei (Unix-Epoch-Sekunden). Syntax: file atime name ?newTime?. Ohne newTime: liefert die Access-Zeit. Mit newTime: setzt sie (erfordert Schreibrechte). Atime-Updates sind auf manchen Dateisystemen eingeschraenkt (noatime mount).,,,,
file attributes,File-Subcommands / File Subcommands,"Query or set platform-specific file attributes (permissions, ownership, etc.).","Plattformspezifische Dateiattribute abfragen oder setzen (Berechtigungen, Eigentümer, etc.).",,,,
file copy,File-Subcommands / File Subcommands,"Copy files or directories. Syntax: file copy ?-force? ?--? source ?source...? target. -force overwrites existing target. -- ends option processing. With multiple sources, target must be a directory. Cross-platform abstraction over OS copy semantics.",Kopiert Dateien oder Verzeichnisse. Syntax: file copy ?-force? ?--? source ?source...? target. -force ueberschreibt existierende Ziele. -- beendet Options-Verarbeitung. Bei mehreren Quellen muss target ein Verzeichnis sein. Plattformuebergreifende Abstraktion ueber OS-Copy-Semantik.,,,,
file delete,File-Subcommands / File Subcommands,Delete files or directories. Syntax: file delete ?-force? ?--? pathname ?pathname...?. -force allows deleting non-empty directories recursively and ignores nonexistent files. Without -force: empty directories only; nonexistent files raise an error.,Loescht Dateien oder Verzeichnisse. Syntax: file delete ?-force? ?--? pathname ?pathname...?. -force erlaubt das rekursive Loeschen nicht-leerer Verzeichnisse und ignoriert nicht existierende Dateien. Ohne -force: nur leere Verzeichnisse; nicht existierende Dateien werfen einen Fehler.,,,,
file dirname,File-Subcommands / File Subcommands,"Return directory portion of file path (e.g., `file dirname /home/user/file.txt` = `/home/user`).",Verzeichnis-Teil des Dateipfads zurückgeben (z.B. `file dirname /home/user/file.txt` = `/home/user`).,,,,
file executable,File-Subcommands / File Subcommands,Test whether a file is executable by the current process. Syntax: file executable name. Returns 1 or 0. On Unix: checks the x bit and access permissions. On Windows: checks for .exe/.com/.bat extensions and PATHEXT.,Prueft ob eine Datei fuer den aktuellen Prozess ausfuehrbar ist. Syntax: file executable name. Liefert 1 oder 0. Auf Unix: prueft x-Bit und Zugriffsrechte. Auf Windows: prueft auf .exe/.com/.bat-Endungen und PATHEXT.,,,,
file exists,File-Subcommands / File Subcommands,"Test whether a path exists (file, directory, or other entry). Syntax: file exists name. Returns 1 if the path can be accessed, 0 otherwise. Use file isfile / file isdirectory for more specific tests. Common guard before opening files.","Prueft ob ein Pfad existiert (Datei, Verzeichnis oder anderer Eintrag). Syntax: file exists name. Liefert 1 wenn zugreifbar, 0 sonst. Fuer spezifischere Pruefungen file isfile / file isdirectory nutzen. Verbreiteter Guard vor open.",,,,
file extension,File-Subcommands / File Subcommands,"Return file extension including dot (e.g., `file extension file.txt` = `.txt`).",Dateiendung inklusive Punkt zurückgeben (z.B. `file extension file.txt` = `.txt`).,,,,
file isdirectory,File-Subcommands / File Subcommands,Test whether a path is a directory. Syntax: file isdirectory name. Returns 1 only if the path exists and is a directory; 0 if it's a file or does not exist.,Prueft ob ein Pfad ein Verzeichnis ist. Syntax: file isdirectory name. Liefert 1 nur wenn der Pfad existiert und ein Verzeichnis ist; 0 wenn Datei oder nicht existent.,,,,
file isdirectory / file isfile,File-Subcommands / File Subcommands,Test if path is directory/regular file.,"Testen, ob Pfad Verzeichnis/reguläre Datei ist.",,,,
file isfile,File-Subcommands / File Subcommands,Test whether a path is a regular file. Syntax: file isfile name. Returns 1 only if the path exists and is a regular file (not a directory or device). Counterpart of file isdirectory.,Prueft ob ein Pfad eine regulaere Datei ist. Syntax: file isfile name. Liefert 1 nur wenn der Pfad existiert und eine regulaere Datei ist (kein Verzeichnis und kein Device). Gegenstueck zu file isdirectory.,,,,
file join,File-Subcommands / File Subcommands,"Join path components with platform-appropriate separator (e.g., `file join /home user file.txt`).",Pfad-Komponenten mit plattformgerechtem Trenner verbinden (z.B. `file join /home user file.txt`).,,,,
file link,File-Subcommands / File Subcommands,"Create symbolic or hard link, or return link target if file is link.","Symbolischen oder harten Link erstellen oder Link-Ziel zurückgeben, wenn Datei ein Link ist.",,,,
file mkdir,File-Subcommands / File Subcommands,Create directories. Syntax: file mkdir directoryname ?directoryname...?. Creates intermediate directories as needed (like mkdir -p). Does nothing for already-existing directories (silently succeeds). Raises an error if the path exists as a file.,Erzeugt Verzeichnisse. Syntax: file mkdir directoryname ?directoryname...?. Erzeugt Zwischen-Verzeichnisse wenn noetig (wie mkdir -p). Tut nichts bei bereits existierenden Verzeichnissen (still erfolgreich). Fehler wenn der Pfad als Datei existiert.,,,,
file mtime,File-Subcommands / File Subcommands,Get or set the modification time of a file (Unix epoch seconds). Syntax: file mtime name ?newTime?. Without newTime: returns the mtime. With newTime: sets it. Typical use: touch-like behavior `file mtime $f [clock seconds]`.,Liefert oder setzt die Modification-Zeit einer Datei (Unix-Epoch-Sekunden). Syntax: file mtime name ?newTime?. Ohne newTime: liefert die mtime. Mit newTime: setzt sie. Typische Verwendung: touch-aehnlich `file mtime $f [clock seconds]`.,,,,
file normalize,File-Subcommands / File Subcommands,"Convert path to absolute canonical form, resolving .. and symlinks.","Pfad in absolute kanonische Form konvertieren, .. und Symlinks auflösen.",,,,
file pathtype,File-Subcommands / File Subcommands,"Classify a path as absolute, relative, or volumerelative. Syntax: file pathtype name. Returns one of: absolute (starts with separator or volume), relative (no anchor), volumerelative (Windows: C: without slash). Used in path-manipulation logic.","Klassifiziert einen Pfad als absolute, relative oder volumerelative. Syntax: file pathtype name. Liefert: absolute (mit Trenner oder Volume), relative (kein Anker), volumerelative (Windows: C: ohne Slash). Verwendet in Pfad-Manipulations-Logik.",,,,
file readable,File-Subcommands / File Subcommands,"Test whether a file is readable by the current process. Syntax: file readable name. Returns 1 or 0. Uses access(2) semantics: checks for the effective user, not just file mode bits.","Prueft ob eine Datei fuer den aktuellen Prozess lesbar ist. Syntax: file readable name. Liefert 1 oder 0. Verwendet access(2)-Semantik: prueft den effektiven Benutzer, nicht nur die Datei-Mode-Bits.",,,,
file readable / file writable / file executable,File-Subcommands / File Subcommands,Test if file has read/write/execute permission for current user.,"Testen, ob Datei Lese-/Schreib-/Ausführungsberechtigung für aktuellen Benutzer hat.",,,,
file rename,File-Subcommands / File Subcommands,"Rename or move files / directories. Syntax: file rename ?-force? ?--? source ?source...? target. Combines rename (within same filesystem) and move semantics. -force overwrites existing target. With multiple sources, target must be a directory.",Benennt Dateien/Verzeichnisse um oder verschiebt sie. Syntax: file rename ?-force? ?--? source ?source...? target. Kombiniert rename (innerhalb desselben Dateisystems) und Move-Semantik. -force ueberschreibt vorhandene Ziele. Bei mehreren Quellen muss target ein Verzeichnis sein.,,,,
file rootname,File-Subcommands / File Subcommands,"Return filename without extension (e.g., `file rootname file.txt` = `file`).",Dateinamen ohne Endung zurückgeben (z.B. `file rootname file.txt` = `file`).,,,,
file size,File-Subcommands / File Subcommands,"Return the size of a file in bytes. Syntax: file size name. Raises an error if the file does not exist. For directories, returns a small implementation-defined number (directory entry size). Use [file size $f] before reading to allocate buffers.",Liefert die Groesse einer Datei in Bytes. Syntax: file size name. Fehler wenn die Datei nicht existiert. Bei Verzeichnissen: ein kleiner implementierungsspezifischer Wert (Verzeichniseintrags-Groesse). Vor read aufrufen um Puffer zu allokieren.,,,,
file split,File-Subcommands / File Subcommands,"Split path into list of components (e.g., `file split /home/user/file.txt` = `/` `home` `user` `file.txt`).",Pfad in Liste von Komponenten aufteilen (z.B. `file split /home/user/file.txt` = `/` `home` `user` `file.txt`).,,,,
file stat,File-Subcommands / File Subcommands,"Get filesystem metadata for a path into an array. Syntax: file stat name arrayName. The array is filled with: atime, ctime, mtime, dev, gid, ino, mode, nlink, size, type, uid. Equivalent to the Unix stat(2) system call. Use file lstat for symlinks without following them.","Liefert Dateisystem-Metadaten eines Pfades in ein Array. Syntax: file stat name arrayName. Das Array wird gefuellt mit: atime, ctime, mtime, dev, gid, ino, mode, nlink, size, type, uid. Entspricht dem Unix-stat(2)-Aufruf. file lstat fuer Symlinks ohne Folgen.",,,,
file stat / file lstat,File-Subcommands / File Subcommands,"Store file information in array variable (size, mtime, type, etc.); lstat doesn't follow symlinks.","Dateiinformationen in Array-Variable speichern (Größe, mtime, Typ, etc.); lstat folgt Symlinks nicht.",,,,
file tail,File-Subcommands / File Subcommands,"Return filename portion of path without directory (e.g., `file tail /home/user/file.txt` = `file.txt`).",Dateinamen-Teil des Pfads ohne Verzeichnis zurückgeben (z.B. `file tail /home/user/file.txt` = `file.txt`).,,,,
file tempfile,File-Subcommands / File Subcommands,"Create a temporary file and return its name (Tcl 8.6+). Syntax: file tempfile ?nameVar? ?template?. Without nameVar: returns the name. With nameVar: opens the file, sets nameVar to its path, returns the channel. Template may include directory or file-name pattern. Uses OS-specific secure temp creation.","Erzeugt eine temporaere Datei und liefert ihren Namen (Tcl 8.6+). Syntax: file tempfile ?nameVar? ?template?. Ohne nameVar: liefert den Namen. Mit nameVar: oeffnet die Datei, setzt nameVar auf ihren Pfad, liefert den Kanal. Template darf Verzeichnis oder Datei-Pattern enthalten. Nutzt OS-spezifische sichere Temp-Erzeugung.",,,,
file type,File-Subcommands / File Subcommands,"Return file type: `file`, `directory`, `characterSpecial`, `blockSpecial`, `fifo`, `link`, `socket`.","Dateityp zurückgeben: `file`, `directory`, `characterSpecial`, `blockSpecial`, `fifo`, `link`, `socket`.",,,,
file writable,File-Subcommands / File Subcommands,"Test whether a file is writable by the current process. Syntax: file writable name. Returns 1 or 0. For directories, tests whether new entries can be created.",Prueft ob eine Datei fuer den aktuellen Prozess schreibbar ist. Syntax: file writable name. Liefert 1 oder 0. Bei Verzeichnissen: prueft ob neue Eintraege erstellt werden koennen.,,,,
focus,Focus und Raise/Lower / Focus and Raise/Lower,"Query or set keyboard focus to widget (e.g., `focus .entry`).",Tastaturfokus auf Widget abfragen oder setzen (z.B. `focus .entry`).,,,,
focus -force,Focus und Raise/Lower / Focus and Raise/Lower,Force focus to widget even if application doesn't have focus.,"Fokus auf Widget erzwingen, auch wenn Anwendung keinen Fokus hat.",,,,
focus -lastfor,Focus und Raise/Lower / Focus and Raise/Lower,Return widget that last had focus in window.,"Widget zurückgeben, das zuletzt Fokus im Fenster hatte.",,,,
grab,Focus und Raise/Lower / Focus and Raise/Lower,Confine pointer and keyboard events to specific window and its descendants.,Zeiger- und Tastatur-Ereignisse auf bestimmtes Fenster und Nachkommen beschränken.,,,,
grab current,Focus und Raise/Lower / Focus and Raise/Lower,"Return window that currently has grab, if any.","Fenster zurückgeben, das aktuell Grab hat, falls vorhanden.",,,,
grab release,Focus und Raise/Lower / Focus and Raise/Lower,"Release grab on window, restoring normal event processing.","Grab auf Fenster freigeben, normale Ereignisverarbeitung wiederherstellen.",,,,
grab set,Focus und Raise/Lower / Focus and Raise/Lower,Establish local grab on window (events within application only).,Lokalen Grab auf Fenster etablieren (Ereignisse nur innerhalb Anwendung).,,,,
grab set -global,Focus und Raise/Lower / Focus and Raise/Lower,Establish global grab (all events system-wide directed to window).,Globalen Grab etablieren (alle Ereignisse systemweit an Fenster geleitet).,,,,
grab status,Focus und Raise/Lower / Focus and Raise/Lower,"Return grab type for window: none, local, or global.","Grab-Typ für Fenster zurückgeben: none, local oder global.",,,,
lift,Focus und Raise/Lower / Focus and Raise/Lower,Synonym for raise; bring window to front.,Synonym für raise; Fenster nach vorne bringen.,,,,
lower,Focus und Raise/Lower / Focus and Raise/Lower,"Push window to back of stacking order (e.g., `lower .win`).",Fenster an Rückseite der Stapelreihenfolge schieben (z.B. `lower .win`).,,,,
raise,Focus und Raise/Lower / Focus and Raise/Lower,"Bring window to front of stacking order (e.g., `raise .win`).",Fenster an Vorderseite der Stapelreihenfolge bringen (z.B. `raise .win`).,,,,
%d %s %f %x (Format Codes),Formatierung / Formatting,"Format specifiers: %d (decimal), %s (string), %f (float), %x (hex), %o (octal), %c (char).","Format-Spezifizierer: %d (Dezimal), %s (String), %f (Float), %x (Hex), %o (Oktal), %c (Zeichen).",,,,
binary decode,Formatierung / Formatting,"Decode an encoded textual representation to binary data. Syntax: binary decode format ?-strict? data. Formats: base64, hex, uuencode. -strict raises an error on whitespace/padding inconsistencies. Counterpart to binary encode.","Dekodiert eine kodierte Text-Darstellung zu Binaerdaten. Syntax: binary decode format ?-strict? data. Formate: base64, hex, uuencode. -strict wirft einen Fehler bei Whitespace-/Padding-Inkonsistenzen. Gegenstueck zu binary encode.",,,,
binary encode,Formatierung / Formatting,"Encode binary data to a textual representation. Syntax: binary encode format data. Formats: base64, hex, uuencode. Tcl 8.6+. Inverse of binary decode. Common for embedding binary data in text protocols (HTTP basic auth, JSON, email).","Kodiert Binaerdaten in eine textuelle Darstellung. Syntax: binary encode format data. Formate: base64, hex, uuencode. Tcl 8.6+. Umkehrung von binary decode. Verbreitet beim Einbetten von Binaerdaten in Textprotokolle (HTTP-Basic-Auth, JSON, E-Mail).",,,,
binary format,Formatierung / Formatting,"Convert values to binary string using format codes (e.g., `binary format ""i"" 42`).","Werte in Binär-String mit Format-Codes konvertieren (z.B. `binary format ""i"" 42`).",,,,
binary scan,Formatierung / Formatting,Parse binary string and extract values using format codes.,Binär-String parsen und Werte mit Format-Codes extrahieren.,,,,
format,Formatierung / Formatting,"Format string using printf-style format specifiers (e.g., `format ""%d %s"" 42 ""hello""`).","String mit printf-Stil-Format-Spezifizierern formatieren (z.B. `format ""%d %s"" 42 ""hello""`).",,,,
scan,Formatierung / Formatting,"Parse string using format specifiers, extracting values (e.g., `scan ""42 hello"" ""%d %s"" num str`).","String mit Format-Spezifizierern parsen, Werte extrahieren (z.B. `scan ""42 hello"" ""%d %s"" num str`).",,,,
Array,Fortgeschrittene Konzepte / Advanced Concepts,"An associative data structure using key-value pairs, implemented as string-indexed collections.","Eine assoziative Datenstruktur mit Schlüssel-Wert-Paaren, implementiert als string-indizierte Sammlungen.",,,,
Extension,Fortgeschrittene Konzepte / Advanced Concepts,"Additional functionality added to Tcl, often written in C, providing new commands or capabilities.","Zusätzliche Funktionalität, die zu Tcl hinzugefügt wird, oft in C geschrieben, und neue Befehle oder Fähigkeiten bereitstellt.",,,,
Namespace,Fortgeschrittene Konzepte / Advanced Concepts,A container for commands and variables that helps organize code and prevent naming conflicts.,"Ein Container für Befehle und Variablen, der hilft, Code zu organisieren und Namenskonflikte zu vermeiden.",,,,
Trace,Fortgeschrittene Konzepte / Advanced Concepts,"A mechanism to monitor and trigger actions when variables are read, written, or unset.","Ein Mechanismus zum Überwachen und Auslösen von Aktionen, wenn Variablen gelesen, geschrieben oder gelöscht werden.",,,,
Border Width (borderwidth),Füllungen und Ränder / Fill and Borders,Width of the widget's border in pixels.,Breite des Widget-Rands in Pixeln.,,,,
Fill,Füllungen und Ränder / Fill and Borders,Specifies whether a widget or shape should expand to fill available space or have interior color.,"Gibt an, ob ein Widget oder eine Form sich ausdehnen soll, um verfügbaren Raum zu füllen oder Innenfarbe haben soll.",,,,
Flat,Füllungen und Ränder / Fill and Borders,Relief style with no 3D effect; appears completely flat.,Relief-Stil ohne 3D-Effekt; erscheint völlig flach.,,,,
Groove,Füllungen und Ränder / Fill and Borders,Relief style creating a grooved border effect.,"Relief-Stil, der einen gerillten Randeffekt erzeugt.",,,,
Outline,Füllungen und Ränder / Fill and Borders,The border color of a shape or canvas item.,Die Randfarbe einer Form oder eines Canvas-Elements.,,,,
Raised,Füllungen und Ränder / Fill and Borders,Relief style making the widget appear elevated above the background.,"Relief-Stil, der das Widget über dem Hintergrund erhöht erscheinen lässt.",,,,
Relief,Füllungen und Ränder / Fill and Borders,"3D border style for widgets; options include `flat`, `raised`, `sunken`, `groove`, `ridge`.","3D-Randstil für Widgets; Optionen umfassen `flat`, `raised`, `sunken`, `groove`, `ridge`.",,,,
Ridge,Füllungen und Ränder / Fill and Borders,"Relief style creating a ridged border effect, opposite of groove.","Relief-Stil, der einen gerippten Randeffekt erzeugt, Gegenteil von groove.",,,,
Stipple,Füllungen und Ränder / Fill and Borders,A bitmap pattern used to create textured fills or stippled drawing.,"Ein Bitmap-Muster, das verwendet wird, um texturierte Füllungen oder punktierte Zeichnungen zu erstellen.",,,,
Sunken,Füllungen und Ränder / Fill and Borders,Relief style making the widget appear pressed into the background.,"Relief-Stil, der das Widget in den Hintergrund gedrückt erscheinen lässt.",,,,
Geometry-Negotiation,Geometry-Verwaltung / Geometry Management,"Tk's mechanism for resolving widget sizes through a back-and-forth between widgets (which request a size based on content) and the geometry manager (which decides what they actually get, based on container layout and `pack`/`grid`/`place` rules). Triggers cascade: a child changes content → requests new size → parent re-runs layout → may request its own new size → grandparent re-runs layout. Implemented in `tkGeometry.c` plus the per-manager files. Why layout sometimes ""settles"" after a few visible jumps on resize: it's the negotiation converging.","Tks Mechanismus zur Aufloesung von Widget-Groessen durch Hin-und-Her zwischen Widgets (die eine Groesse basierend auf Inhalt anfordern) und dem Geometry-Manager (der basierend auf Container-Layout und `pack`/`grid`/`place`-Regeln entscheidet, was sie tatsaechlich bekommen). Trigger kaskadieren: ein Kind aendert Inhalt → fordert neue Groesse → Parent berechnet Layout neu → fordert evtl. selbst neue Groesse → Grandparent berechnet Layout neu. Implementiert in `tkGeometry.c` plus den Pro-Manager-Dateien. Warum Layout beim Resize manchmal nach ein paar sichtbaren Spruengen ""settelt"": das ist die Negotiation, die konvergiert.",,,,
grid,Geometry-Verwaltung / Geometry Management,Geometry manager that arranges widgets in a row/column grid. Syntax: grid .widget -row N -column N ?-rowspan N? ?-columnspan N? ?-sticky nsew? ?-padx N? ?-pady N?. Use grid columnconfigure / grid rowconfigure with -weight to make rows/columns expand. Most flexible Tk geometry manager; preferred for forms and dashboards.,Geometry-Manager der Widgets in einem Zeilen/Spalten-Raster anordnet. Syntax: grid .widget -row N -column N ?-rowspan N? ?-columnspan N? ?-sticky nsew? ?-padx N? ?-pady N?. Mit grid columnconfigure / grid rowconfigure und -weight skalieren Zeilen/Spalten beim Resize. Flexibelster Geometry-Manager; bevorzugt fuer Formulare und Dashboards.,,,,
pack,Geometry-Verwaltung / Geometry Management,Geometry manager that arranges widgets in horizontal or vertical strips inside their parent. Syntax: pack .widget ?-side top|bottom|left|right? ?-fill x|y|both|none? ?-expand 0|1? ?-padx N? ?-pady N? ?-anchor n|s|e|w|center?. Common pattern for simple top-down or side-by-side layouts. Use pack forget to remove a widget without destroying it.,Geometry-Manager der Widgets in horizontalen oder vertikalen Streifen innerhalb des Eltern-Widgets anordnet. Syntax: pack .widget ?-side top|bottom|left|right? ?-fill x|y|both|none? ?-expand 0|1? ?-padx N? ?-pady N? ?-anchor n|s|e|w|center?. Verbreitetes Muster fuer einfache Top-Down- oder Nebeneinander-Layouts. Mit pack forget kann ein Widget ohne Zerstoerung entfernt werden.,,,,
place,Geometry-Verwaltung / Geometry Management,"Geometry manager for absolute or relative pixel positioning of widgets. Syntax: place .widget -x N -y N ?-width N? ?-height N? ?-relx 0..1? ?-rely 0..1? ?-relwidth 0..1? ?-relheight 0..1? ?-anchor nsew?. Used for free-form layouts (overlays, custom positioning). Does not auto-resize like pack/grid; useful for canvas-style layouts.","Geometry-Manager fuer absolute oder relative Pixel-Positionierung von Widgets. Syntax: place .widget -x N -y N ?-width N? ?-height N? ?-relx 0..1? ?-rely 0..1? ?-relwidth 0..1? ?-relheight 0..1? ?-anchor nsew?. Verwendet fuer Frei-Form-Layouts (Overlays, eigene Positionierung). Kein Auto-Resize wie pack/grid; nuetzlich fuer Canvas-aehnliche Layouts.",,,,
Antialiasing,Grafik-Grundbegriffe / Graphics Fundamentals,"Rendering technique that smooths jagged edges of vector shapes by colouring boundary pixels with partial coverage values, producing the illusion of sub-pixel precision. Without antialiasing, diagonal lines and curves look stair-stepped. Tk Canvas does not antialias by default; `tko::path` does (enable via `set ::path::antialias 1`). Cairo and PDF output are antialiased throughout.","Render-Technik, die ausgefranste Kanten von Vektorformen glaettet, indem Randpixel mit Teil-Deckungswerten gefaerbt werden, was die Illusion sub-pixel-genauer Praezision erzeugt. Ohne Antialiasing sehen diagonale Linien und Kurven treppenartig aus. Tk-Canvas antialiased per Default nicht; `tko::path` schon (aktivieren ueber `set ::path::antialias 1`). Cairo- und PDF-Output sind durchgaengig antialiased.",,,,
Bounding Box,Grafik-Grundbegriffe / Graphics Fundamentals,"Smallest axis-aligned rectangle that fully contains a graphical object — usually expressed as `{x1 y1 x2 y2}` with upper-left and lower-right corners. The Canvas `bbox` command returns this for items or item groups; PDF tools use it for hit-testing and clip regions. Useful for ""does this fit"", ""where should this go"", ""what region needs redrawing"".","Kleinstes achsenparalleles Rechteck, das ein grafisches Objekt vollstaendig umschliesst — meist ausgedrueckt als `{x1 y1 x2 y2}` mit oberer-linker und unterer-rechter Ecke. Der Canvas-`bbox`-Befehl liefert sie fuer Items oder Item-Gruppen; PDF-Tools nutzen sie fuer Hit-Testing und Clip-Regionen. Nuetzlich fuer ""passt das"", ""wo platziert man das"", ""welcher Bereich muss neu gezeichnet werden"".",,,,
DPI,Grafik-Grundbegriffe / Graphics Fundamentals,"Dots Per Inch — pixel density measurement. Standard for screen rendering: 96 dpi (Windows/CSS convention) or 72 dpi (classic macOS/PostScript convention). PDF uses 72 dpi consistently (1 pt = 1/72 inch). Conversion between pixels and points needs a DPI assumption: at 96 dpi, 1 px = 0.75 pt; at 72 dpi, 1 px = 1 pt. High-DPI/Retina screens raise this to 144 or 192 dpi but the logical-pixel coordinate system usually still uses 96.","Dots Per Inch — Pixel-Dichte-Mass. Standard fuer Bildschirm-Rendering: 96 dpi (Windows/CSS-Konvention) oder 72 dpi (klassische macOS-/PostScript-Konvention). PDF verwendet durchgaengig 72 dpi (1 pt = 1/72 Inch). Umrechnung zwischen Pixeln und Points braucht eine DPI-Annahme: bei 96 dpi ist 1 px = 0.75 pt; bei 72 dpi ist 1 px = 1 pt. High-DPI-/Retina-Bildschirme heben das auf 144 oder 192 dpi, aber das logische Pixel-Koordinatensystem nutzt meist weiter 96.",,,,
Font-Backend (Cairo),Grafik-Grundbegriffe / Graphics Fundamentals,"Cairo's abstraction for font systems — FreeType (used on Linux/cross-platform), Win32 fonts (GDI), Quartz fonts (macOS Core Text), user fonts (custom rendering). The font backend handles glyph lookup, hinting, anti-aliasing. Decoupled from the surface backend: a PDF surface can use FreeType fonts; an X11 surface can use Quartz fonts in theory (in practice each platform usually pairs surface + font backends from the same OS). Configurable at Cairo build time.","Cairos Abstraktion fuer Font-Systeme — FreeType (verwendet auf Linux/Cross-Plattform), Win32-Fonts (GDI), Quartz-Fonts (macOS Core Text), User-Fonts (eigene Renderer). Das Font-Backend uebernimmt Glyph-Lookup, Hinting, Anti-Aliasing. Entkoppelt vom Surface-Backend: eine PDF-Surface kann FreeType-Fonts nutzen; eine X11-Surface kann theoretisch Quartz-Fonts nutzen (in der Praxis paart jede Plattform meist Surface- + Font-Backends desselben OS). Konfigurierbar zur Cairo-Build-Zeit.",,,,
Koordinatensystem (Tk vs PDF),Grafik-Grundbegriffe / Graphics Fundamentals,"Tk widgets, Canvas, and `tko::path` all use the same convention: origin (0,0) at top-left, x increases right, y increases downwards, unit is pixels. PDF's native convention is the opposite — origin at bottom-left, y increases upwards, unit is points (1/72 inch). `pdf4tcl`'s `-orient true` flag flips the PDF axis to match the Tk convention, removing the constant mental conversion. Recommendation: always use `-orient true` and treat PDF coordinates exactly like Canvas coordinates.","Tk-Widgets, Canvas und `tko::path` verwenden alle dieselbe Konvention: Ursprung (0,0) oben links, x waechst nach rechts, y waechst nach unten, Einheit Pixel. PDFs native Konvention ist umgekehrt — Ursprung unten links, y waechst nach oben, Einheit Points (1/72 Inch). `pdf4tcl`s `-orient true`-Flag dreht die PDF-Achse so, dass sie der Tk-Konvention entspricht, was die staendige mentale Umrechnung erspart. Empfehlung: immer `-orient true` nutzen und PDF-Koordinaten genauso behandeln wie Canvas-Koordinaten.",,,,
Surface-Backend (Cairo),Grafik-Grundbegriffe / Graphics Fundamentals,"Cairo's abstraction for output targets — image, PDF, SVG, PostScript, X11 window, Win32 DC, Quartz CGContext, OpenGL, etc. Each backend implements the Cairo drawing operations for its target medium. A drawing program writes Cairo calls once; choosing a different surface backend retargets to a different output. The `image` backend (rendering to an in-memory buffer) is always available and is the base for testing; others are optional and depend on system libraries.","Cairos Abstraktion fuer Ausgabeziele — Image, PDF, SVG, PostScript, X11-Fenster, Win32-DC, Quartz-CGContext, OpenGL usw. Jedes Backend implementiert die Cairo-Zeichenoperationen fuer sein Zielmedium. Ein Zeichenprogramm schreibt Cairo-Aufrufe einmal; ein anderes Surface-Backend lenkt die Ausgabe auf ein anderes Ziel um. Das `image`-Backend (Rendering in einen In-Memory-Buffer) ist immer verfuegbar und Basis fuer Tests; andere sind optional und haengen von System-Bibliotheken ab.",,,,
Interpreter,Grundlegende Begriffe / Basic Terms,The Tcl runtime environment that executes Tcl scripts and commands.,"Die Tcl-Laufzeitumgebung, die Tcl-Skripte und Befehle ausführt.",,,,
Tcl (Tool Command Language),Grundlegende Begriffe / Basic Terms,"A dynamic scripting language designed for rapid prototyping, scripted applications, and GUIs. Pronounced ""tickle.""","Eine dynamische Skriptsprache für schnelles Prototyping, Skriptanwendungen und grafische Benutzeroberflächen. Wird ""Tickel"" ausgesprochen.",,,,
Tk (Toolkit),Grundlegende Begriffe / Basic Terms,A cross-platform GUI toolkit that provides widgets for building graphical user interfaces with Tcl.,"Ein plattformübergreifendes GUI-Toolkit, das Widgets für die Erstellung grafischer Benutzeroberflächen mit Tcl bereitstellt.",,,,
Widget,Grundlegende Begriffe / Basic Terms,"A graphical user interface element such as a button, label, entry field, or window.","Ein Element der grafischen Benutzeroberfläche wie ein Button, Label, Eingabefeld oder Fenster.",,,,
Interpreted Language,Grundlegende Konzepte / Fundamental Concepts,Language where code is executed directly by interpreter without separate compilation step; Tcl can interpret or compile to bytecode at runtime.,"Sprache, bei der Code direkt vom Interpreter ausgeführt wird ohne separaten Kompilierungs-Schritt; Tcl kann interpretieren oder zur Laufzeit zu Bytecode kompilieren.",,,,
Programming Language,Grundlegende Konzepte / Fundamental Concepts,"Tcl (Tool Command Language) is a dynamic, interpreted programming language designed for rapid prototyping, scripting, and GUI development; string-based with automatic type conversion.","Tcl (Tool Command Language) ist eine dynamische, interpretierte Programmiersprache für schnelles Prototyping, Scripting und GUI-Entwicklung; string-basiert mit automatischer Typ-Konvertierung.",,,,
Script,Grundlegende Konzepte / Fundamental Concepts,Text file containing sequence of Tcl commands; typically saved with `.tcl` extension; executed by Tcl interpreter; can be run with `source filename.tcl` or `tclsh filename.tcl`.,Textdatei mit Sequenz von Tcl-Befehlen; typischerweise mit `.tcl`-Endung gespeichert; ausgeführt vom Tcl-Interpreter; kann mit `source filename.tcl` oder `tclsh filename.tcl` ausgeführt werden.,,,,
Scripting Language,Grundlegende Konzepte / Fundamental Concepts,Type of programming language designed for automating tasks and rapid development; Tcl is a scripting language with interpreted execution and dynamic typing.,Art von Programmiersprache für Automatisierung von Aufgaben und schnelle Entwicklung; Tcl ist eine Skriptsprache mit interpretierter Ausführung und dynamischer Typisierung.,,,,
Tcl Script,Grundlegende Konzepte / Fundamental Concepts,"Program written in Tcl language; contains commands, procedures, and control structures; interpreted line-by-line or compiled to bytecode.","Programm geschrieben in Tcl-Sprache; enthält Befehle, Prozeduren und Kontrollstrukturen; interpretiert Zeile-für-Zeile oder kompiliert zu Bytecode.",,,,
Checksum,Hash-Funktionen und Hash-Tables / Hash Functions and Hash Tables,"Hash value used to verify data integrity; detects accidental changes or corruption; common algorithms: md5, sha1, sha256, crc32.","Hash-Wert zur Überprüfung von Datenintegrität; erkennt versehentliche Änderungen oder Korruption; häufige Algorithmen: md5, sha1, sha256, crc32.",,,,
Hash,Hash-Funktionen und Hash-Tables / Hash Functions and Hash Tables,"1) Hash function: algorithm converting data to fixed-size value (see md5, sha1, sha256); 2) Hash table: data structure for fast key-based lookup (Tcl arrays and dicts use hash tables internally).","1) Hash-Funktion: Algorithmus, der Daten in Wert fester Größe konvertiert (siehe md5, sha1, sha256); 2) Hash-Tabelle: Datenstruktur für schnelle schlüsselbasierte Suche (Tcl-Arrays und Dicts verwenden intern Hash-Tabellen).",,,,
Hash Collision,Hash-Funktionen und Hash-Tables / Hash Functions and Hash Tables,Situation where hash function produces same hash value for different inputs; resolved by chaining or open addressing in hash tables.,"Situation, wo Hash-Funktion denselben Hash-Wert für verschiedene Eingaben erzeugt; gelöst durch Chaining oder Open Addressing in Hash-Tabellen.",,,,
Hash Function,Hash-Funktionen und Hash-Tables / Hash Functions and Hash Tables,"Cryptographic or non-cryptographic function mapping data to fixed-size hash value; used for checksums, data integrity, indexing; available via tcllib (md5, sha1, sha256).","Kryptografische oder nicht-kryptografische Funktion, die Daten auf Hash-Wert fester Größe abbildet; verwendet für Checksums, Datenintegrität, Indexierung; verfügbar über tcllib (md5, sha1, sha256).",,,,
md5,Hash-Funktionen und Hash-Tables / Hash Functions and Hash Tables,"Message Digest Algorithm 5; 128-bit cryptographic hash function; available in tcllib; produces 32-character hex string (e.g., `package require md5; md5::md5 -hex ""data""`).","Message Digest Algorithm 5; 128-Bit kryptografische Hash-Funktion; verfügbar in tcllib; erzeugt 32-Zeichen Hex-String (z.B. `package require md5; md5::md5 -hex ""data""`).",,,,
sha1,Hash-Funktionen und Hash-Tables / Hash Functions and Hash Tables,Secure Hash Algorithm 1; 160-bit cryptographic hash function; available in tcllib; produces 40-character hex string.,Secure Hash Algorithm 1; 160-Bit kryptografische Hash-Funktion; verfügbar in tcllib; erzeugt 40-Zeichen Hex-String.,,,,
sha256,Hash-Funktionen und Hash-Tables / Hash Functions and Hash Tables,Secure Hash Algorithm 256; 256-bit cryptographic hash function; stronger than md5/sha1; available in tcllib; produces 64-character hex string.,Secure Hash Algorithm 256; 256-Bit kryptografische Hash-Funktion; stärker als md5/sha1; verfügbar in tcllib; erzeugt 64-Zeichen Hex-String.,,,,
Button,Häufige Widgets / Common Widgets,A clickable widget that executes a command when pressed.,"Ein anklickbares Widget, das beim Drücken einen Befehl ausführt.",,,,
Canvas,Häufige Widgets / Common Widgets,"A drawing widget for creating graphics, shapes, and custom visualizations.","Ein Zeichnungs-Widget zum Erstellen von Grafiken, Formen und benutzerdefinierten Visualisierungen.",,,,
Entry,Häufige Widgets / Common Widgets,A single-line text input widget for user data entry.,Ein einzeiliges Texteingabe-Widget für die Dateneingabe durch den Benutzer.,,,,
Label,Häufige Widgets / Common Widgets,"A widget that displays text or images, typically non-interactive.","Ein Widget, das Text oder Bilder anzeigt, normalerweise nicht interaktiv.",,,,
Listbox,Häufige Widgets / Common Widgets,A widget displaying a scrollable list of items from which users can select.,"Ein Widget, das eine scrollbare Liste von Elementen anzeigt, aus denen Benutzer auswählen können.",,,,
Menu,Häufige Widgets / Common Widgets,"A widget providing a list of commands or options, often used in menu bars.","Ein Widget, das eine Liste von Befehlen oder Optionen bereitstellt, oft in Menüleisten verwendet.",,,,
Scale,Häufige Widgets / Common Widgets,A slider widget allowing users to select a numeric value from a range.,"Ein Schieberegler-Widget, mit dem Benutzer einen numerischen Wert aus einem Bereich auswählen können.",,,,
Text,Häufige Widgets / Common Widgets,"A multi-line text widget supporting formatted text, tags, and embedded widgets.","Ein mehrzeiliges Text-Widget, das formatierten Text, Tags und eingebettete Widgets unterstützt.",,,,
+/- count chars/lines/words,Index-Spezifikationen / Index Specifications,"Relative index modifiers in text widget (e.g., `insert +5 chars`, `1.0 +3 lines`).","Relative Index-Modifikatoren in Text-Widget (z.B. `insert +5 chars`, `1.0 +3 lines`).",,,,
"@x,y",Index-Spezifikationen / Index Specifications,"Index at screen coordinates x,y relative to widget.","Index an Bildschirmkoordinaten x,y relativ zu Widget.",,,,
end,Index-Spezifikationen / Index Specifications,"Special index referring to position after last character/item (e.g., `end` in text, listbox, entry).","Spezieller Index, der auf Position nach letztem Zeichen/Element verweist (z.B. `end` in Text, Listbox, Entry).",,,,
insert,Index-Spezifikationen / Index Specifications,Special index referring to current insertion cursor position in text or entry widget.,"Spezieller Index, der auf aktuelle Einfügecursor-Position in Text- oder Entry-Widget verweist.",,,,
line.char,Index-Spezifikationen / Index Specifications,"Text widget index format: line number (1-based) and character position (0-based) (e.g., `1.0`, `5.12`).","Text-Widget-Index-Format: Zeilennummer (1-basiert) und Zeichenposition (0-basiert) (z.B. `1.0`, `5.12`).",,,,
linestart / lineend,Index-Spezifikationen / Index Specifications,"Text widget modifiers for start/end of line (e.g., `insert linestart`).",Text-Widget-Modifikatoren für Anfang/Ende der Zeile (z.B. `insert linestart`).,,,,
wordstart / wordend,Index-Spezifikationen / Index Specifications,"Text widget modifiers for start/end of word (e.g., `insert wordstart`).",Text-Widget-Modifikatoren für Anfang/Ende des Wortes (z.B. `insert wordstart`).,,,,
info args,Info-Befehle / Info Commands,Return list of argument names for specified procedure.,Liste der Argumentnamen für angegebene Prozedur zurückgeben.,,,,
info body,Info-Befehle / Info Commands,Return body (implementation) of specified procedure.,Body (Implementierung) der angegebenen Prozedur zurückgeben.,,,,
info commands,Info-Befehle / Info Commands,"Return list of all defined commands, optionally matching pattern.","Liste aller definierten Befehle zurückgeben, optional mit Muster-Abgleich.",,,,
info coroutine,Info-Befehle / Info Commands,"Return the name of the currently running coroutine, or empty if not inside one. Syntax: info coroutine. Used inside a coroutine to find its own command name (for example to register itself with an event handler).","Liefert den Namen der aktuell laufenden Coroutine, oder leer wenn ausserhalb. Syntax: info coroutine. Innerhalb einer Coroutine genutzt um den eigenen Kommandonamen zu finden (z.B. um sich bei einem Event-Handler anzumelden).",,,,
info default,Info-Befehle / Info Commands,Check if procedure argument has default value and return it.,"Prüfen, ob Prozedur-Argument Standardwert hat und diesen zurückgeben.",,,,
info exists,Info-Befehle / Info Commands,"Test if variable exists in current scope (e.g., `info exists myvar`).","Testen, ob Variable im aktuellen Gültigkeitsbereich existiert (z.B. `info exists myvar`).",,,,
info functions,Info-Befehle / Info Commands,"Returns the list of math functions known to `expr` (e.g. `sin`, `cos`, `sqrt`, `pow`, `abs`, …). With a glob pattern, returns only matching names. Useful for documentation tools and for checking whether a function exists before using it.","Liefert die Liste der Mathe-Funktionen, die `expr` kennt (z.B. `sin`, `cos`, `sqrt`, `pow`, `abs`, …). Mit einem Glob-Pattern werden nur passende Namen zurückgegeben. Nützlich für Dokumentations-Tools und um zu prüfen, ob eine Funktion existiert, bevor sie genutzt wird.","# List everything
info functions       ;# abs acos asin atan ...

# Only those starting with 'a'
info functions a*    ;# abs acos asin atan

# Existence check
if {""sinh"" in [info functions]} {
    puts ""sinh available""
}",,"expr, info commands, info procs, tcl::mathfunc","info(n), expr(n), mathfunc(n)"
info globals,Info-Befehle / Info Commands,"Return list of all global variables, optionally matching pattern.","Liste aller globalen Variablen zurückgeben, optional mit Muster-Abgleich.",,,,
info hostname,Info-Befehle / Info Commands,Return network hostname of current machine.,Netzwerk-Hostnamen der aktuellen Maschine zurückgeben.,,,,
info loaded,Info-Befehle / Info Commands,Returns a list of packages that have been dynamically loaded into the current or a child interpreter via `load` (typically shared C libraries with Tcl extensions). Each entry is a pair `{filename packageName}`. Empty for pure-Tcl packages loaded via `source` or `package require`.,"Liefert eine Liste der Pakete, die dynamisch in den aktuellen oder einen Sub-Interpreter via `load` geladen wurden (typischerweise Shared C-Libraries mit Tcl-Erweiterungen). Jeder Eintrag ist ein Paar `{Dateiname Paketname}`. Leer für reine Tcl-Pakete, die via `source` oder `package require` geladen wurden.","# What C extensions are currently linked in?
foreach pair [info loaded] {
    lassign $pair file pkg
    puts ""$pkg loaded from $file""
}
# Example output:
# Sqlite loaded from /usr/lib/tcltk/sqlite3.36.0/libtclsqlite3.so
# Tk     loaded from /usr/lib/tcltk/x86_64-linux-gnu/libtk8.6.so",,"load, info library, info sharedlibextension, package present","info(n), load(n)"
info locals,Info-Befehle / Info Commands,Return list of local variables in current procedure.,Liste lokaler Variablen in aktueller Prozedur zurückgeben.,,,,
info nameofexecutable,Info-Befehle / Info Commands,Return full path of Tcl executable.,Vollständigen Pfad der Tcl-Ausführungsdatei zurückgeben.,,,,
info object,Info-Befehle / Info Commands,"TclOO introspection ensemble. Subcommands: info object class, methods, vars, namespace, isa, definition, mixins, filters, forward. Used to query an object's class, what methods it responds to, what state it holds. Counterpart for class introspection: info class.","TclOO-Introspektions-Ensemble. Subkommandos: info object class, methods, vars, namespace, isa, definition, mixins, filters, forward. Verwendet um die Klasse eines Objekts, seine Methoden und seinen Zustand zu erfragen. Gegenstueck fuer Klassen-Introspektion: info class.",,,,
info patchlevel,Info-Befehle / Info Commands,"Return Tcl version including patch level (e.g., ""8.6.13"").","Tcl-Version inklusive Patch-Level zurückgeben (z.B. ""8.6.13"").",,,,
info procs,Info-Befehle / Info Commands,"Return list of defined procedures, optionally matching pattern.","Liste definierter Prozeduren zurückgeben, optional mit Muster-Abgleich.",,,,
info script,Info-Befehle / Info Commands,Return name of currently executing script file.,Namen der aktuell ausgeführten Skript-Datei zurückgeben.,,,,
info sharedlibextension,Info-Befehle / Info Commands,"Return platform-specific shared library extension (.so, .dll, .dylib).","Plattformspezifische Shared-Library-Endung zurückgeben (.so, .dll, .dylib).",,,,
info tclversion,Info-Befehle / Info Commands,"Return major.minor Tcl version (e.g., ""8.6"").","Major.Minor Tcl-Version zurückgeben (z.B. ""8.6"").",,,,
info vars,Info-Befehle / Info Commands,"Return list of all variables in scope, optionally matching pattern.","Liste aller Variablen im Gültigkeitsbereich zurückgeben, optional mit Muster-Abgleich.",,,,
Alias,Interpreter und Alias / Interpreter and Alias,Alternative name for command; shortcuts for frequently used commands; shell aliases: `alias ll='ls -la'`; Tcl interpreter aliases: `interp alias {} ll {} ls -la`; simplifies complex commands; improves productivity; deleted with unalias.,Alternativer Name für Befehl; Shortcuts für häufig verwendete Befehle; Shell-Aliases: `alias ll='ls -la'`; Tcl-Interpreter-Aliases: `interp alias {} ll {} ls -la`; vereinfacht komplexe Befehle; verbessert Produktivität; gelöscht mit unalias.,,,,
Interpreter (Extended),Interpreter und Alias / Interpreter and Alias,"Program executing scripts; Tcl interpreter executes Tcl code; tclsh (console), wish (GUI); can be embedded in applications; manages memory, bytecode, commands; multiple interpreters possible (safe interpreters); C API: Tcl_CreateInterp; fundamental to Tcl architecture.","Programm, das Skripte ausführt; Tcl-Interpreter führt Tcl-Code aus; tclsh (Konsole), wish (GUI); kann in Anwendungen eingebettet werden; verwaltet Speicher, Bytecode, Befehle; mehrere Interpreter möglich (Safe-Interpreter); C-API: Tcl_CreateInterp; fundamental für Tcl-Architektur.",,,,
interp alias,Interpreter und Alias / Interpreter and Alias,Create command alias in interpreter; syntax: `interp alias {slave} {srcCmd} {targetInterp} {targetCmd} ?args?`; maps one command to another; can add default arguments; useful for customization; example: `interp alias {} ? {} info commands`.,Befehls-Alias im Interpreter erstellen; Syntax: `interp alias {slave} {srcCmd} {targetInterp} {targetCmd} ?args?`; bildet einen Befehl auf anderen ab; kann Standard-Argumente hinzufügen; nützlich für Anpassung; Beispiel: `interp alias {} ? {} info commands`.,,,,
interp aliases,Interpreter und Alias / Interpreter and Alias,List all aliases defined in a slave interpreter. Syntax: interp aliases interpName. Returns a list of alias names (as known in the slave). Used to introspect a slave interpreter or to verify expected aliases were created.,Listet alle Aliase eines Slave-Interpreters auf. Syntax: interp aliases interpName. Liefert eine Liste der Alias-Namen (wie im Slave bekannt). Verwendet zur Introspektion eines Slave-Interpreters oder zur Verifikation erwarteter Aliase.,,,,
interp expose,Interpreter und Alias / Interpreter and Alias,Make a hidden command visible in a slave interpreter. Syntax: interp expose interpName cmdName ?asName?. Counterpart to `interp hide`. Used by safe interpreter setup to selectively unhide commands like file operations after policies are loaded.,Macht ein verstecktes Kommando in einem Slave-Interpreter sichtbar. Syntax: interp expose interpName cmdName ?asName?. Gegenstueck zu `interp hide`. Verwendet bei Safe-Interpreter-Setup um z.B. file-Operationen selektiv freizuschalten nachdem Policies geladen sind.,,,,
interp hide,Interpreter und Alias / Interpreter and Alias,Make a command invisible in a slave interpreter (still callable via `interp invokehidden`). Syntax: interp hide interpName cmdName ?asName?. The hidden command is no longer accessible to scripts in the slave but the master can still invoke it. Used for privileged operations.,"Macht ein Kommando in einem Slave-Interpreter unsichtbar (noch ueber `interp invokehidden` aufrufbar). Syntax: interp hide interpName cmdName ?asName?. Skripte im Slave koennen es nicht mehr aufrufen, der Master schon. Verwendet fuer privilegierte Operationen.",,,,
interp invokehidden,Interpreter und Alias / Interpreter and Alias,Invoke a hidden command in a slave interpreter from the master. Syntax: interp invokehidden interpName ?-namespace ns? ?-global? cmdName ?args...?. Bypasses the slave's hide policy. The fundamental tool for safe interpreters that need controlled access to dangerous operations.,Ruft ein verstecktes Kommando in einem Slave-Interpreter vom Master aus auf. Syntax: interp invokehidden interpName ?-namespace ns? ?-global? cmdName ?args...?. Umgeht die Hide-Policy. Grundwerkzeug fuer Safe-Interpreter die kontrollierten Zugriff auf gefaehrliche Operationen brauchen.,,,,
interp issafe,Interpreter und Alias / Interpreter and Alias,Test whether an interpreter is a safe interpreter. Syntax: interp issafe ?interpName?. Returns 1 if it was created with -safe. Used to branch behavior between trusted and untrusted contexts.,Prueft ob ein Interpreter ein Safe-Interpreter ist. Syntax: interp issafe ?interpName?. Liefert 1 wenn er mit -safe erstellt wurde. Verwendet um zwischen trusted und untrusted Kontexten zu unterscheiden.,,,,
interp limit,Interpreter und Alias / Interpreter and Alias,Set time or command-execution limits on a slave interpreter (sandbox). Syntax: interp limit interpName time|commands ?-value N? ?-granularity N? ?-seconds T? ?-milliseconds T? ?-command script?. The -command script runs when the limit is hit. Used to constrain untrusted code in a safe interpreter.,Setzt Zeit- oder Kommando-Limits auf einen Slave-Interpreter (Sandbox). Syntax: interp limit interpName time|commands ?-value N? ?-granularity N? ?-seconds T? ?-milliseconds T? ?-command script?. Das -command Skript laeuft beim Erreichen des Limits. Verwendet um unvertrauten Code in einem Safe-Interpreter zu beschraenken.,,,,
interp recursionlimit,Interpreter und Alias / Interpreter and Alias,"Get or set the maximum command-call nesting depth for an interpreter. Syntax: interp recursionlimit interpName ?newLimit?. Default is 1000. Reaching the limit raises ""too many nested evaluations"". Used to detect runaway recursion or to allow deep nesting in known-safe scripts.","Liefert oder setzt die maximale Kommando-Aufruf-Verschachtelungstiefe eines Interpreters. Syntax: interp recursionlimit interpName ?newLimit?. Standard ist 1000. Bei Erreichen: ""too many nested evaluations"". Verwendet zur Erkennung von Endlosrekursion oder bei bewusst tiefer Verschachtelung.",,,,
interp share,Interpreter und Alias / Interpreter and Alias,Share an open channel between interpreters. Syntax: interp share fromInterp channelId toInterp. The channel remains usable in both interpreters; closing it in one does not close it in the other. Each share increments a reference count.,Teilt einen offenen Kanal zwischen Interpretern. Syntax: interp share fromInterp channelId toInterp. Der Kanal bleibt in beiden Interpretern nutzbar; schliessen in einem schliesst ihn nicht im anderen. Jedes Share erhoeht einen Referenz-Zaehler.,,,,
interp transfer,Interpreter und Alias / Interpreter and Alias,"Move an open channel from one interpreter to another. Syntax: interp transfer fromInterp channelId toInterp. After transfer, the channel is no longer available in fromInterp. Contrast with interp share where it stays in both.",Verschiebt einen offenen Kanal von einem Interpreter zum anderen. Syntax: interp transfer fromInterp channelId toInterp. Nach dem Transfer ist der Kanal in fromInterp nicht mehr verfuegbar. Im Gegensatz zu interp share wo er in beiden bleibt.,,,,
Configure,Konfiguration und Optionen / Configuration and Options,To set or modify widget options after creation using the `configure` command.,Optionen eines Widgets nach der Erstellung mit dem `configure`-Befehl setzen oder ändern.,,,,
Option,Konfiguration und Optionen / Configuration and Options,"A configuration parameter for a widget, such as `-text`, `-width`, or `-foreground`.","Ein Konfigurationsparameter für ein Widget, wie `-text`, `-width` oder `-foreground`.",,,,
cget,Konfiguration und Optionen / Configuration and Options,Command to retrieve the current value of a widget option.,Befehl zum Abrufen des aktuellen Werts einer Widget-Option.,,,,
break,Kontrollstrukturen / Control Structures,Immediately exit from loop or switch statement.,Sofortiger Ausstieg aus Schleife oder Switch-Anweisung.,,,,
catch,Kontrollstrukturen / Control Structures,"Trap errors and prevent script termination (e.g., `catch {risky_command} result`).",Fehler abfangen und Skript-Abbruch verhindern (z.B. `catch {risky_command} result`).,,,,
continue,Kontrollstrukturen / Control Structures,Skip remainder of current loop iteration and proceed to next iteration.,Rest der aktuellen Schleifenausführung überspringen und zur nächsten Iteration übergehen.,,,,
else,Kontrollstrukturen / Control Structures,Alternative branch in if statement; executes when if condition is false.,"Alternative Verzweigung in if-Anweisung; wird ausgeführt, wenn if-Bedingung falsch ist.",,,,
elseif,Kontrollstrukturen / Control Structures,Additional conditional branch; checked if previous conditions are false.,"Zusätzliche bedingte Verzweigung; wird überprüft, wenn vorherige Bedingungen falsch sind.",,,,
error,Kontrollstrukturen / Control Structures,"Generate error and throw exception with message (e.g., `error ""Invalid input""`).","Fehler erzeugen und Ausnahme mit Nachricht werfen (z.B. `error ""Invalid input""`).",,,,
for,Kontrollstrukturen / Control Structures,"Loop with initialization, condition, and increment (e.g., `for {set i 0} {$i < 10} {incr i} {...}`).","Schleife mit Initialisierung, Bedingung und Inkrement (z.B. `for {set i 0} {$i < 10} {incr i} {...}`).",,,,
foreach,Kontrollstrukturen / Control Structures,"Loop that iterates over list elements (e.g., `foreach item $list {puts $item}`).","Schleife, die über Listenelemente iteriert (z.B. `foreach item $list {puts $item}`).",,,,
if,Kontrollstrukturen / Control Structures,"Conditional statement; executes code block if condition is true (e.g., `if {$x > 0} {puts ""positive""}`).","Bedingte Anweisung; führt Codeblock aus, wenn Bedingung wahr ist (z.B. `if {$x > 0} {puts ""positive""}`).",,,,
return,Kontrollstrukturen / Control Structures,"Exit from procedure and optionally return a value (e.g., `return $result`).",Aus Prozedur aussteigen und optional einen Wert zurückgeben (z.B. `return $result`).,,,,
switch,Kontrollstrukturen / Control Structures,"Multi-way conditional; matches value against multiple patterns (e.g., `switch $color {red {...} blue {...}}`).",Mehrfachverzweigung; vergleicht Wert mit mehreren Mustern (z.B. `switch $color {red {...} blue {...}}`).,,,,
try,Kontrollstrukturen / Control Structures,"Modern error handling; execute code with trap, finally, and on clauses (Tcl 8.6+).","Moderne Fehlerbehandlung; Code mit trap-, finally- und on-Klauseln ausführen (Tcl 8.6+).",,,,
while,Kontrollstrukturen / Control Structures,"Loop that repeats code block while condition remains true (e.g., `while {$i < 10} {incr i}`).","Schleife, die Codeblock wiederholt, solange Bedingung wahr bleibt (z.B. `while {$i < 10} {incr i}`).",,,,
Centimeter (c),Koordinaten und Einheiten / Coordinates and Units,Metric unit; one centimeter on the display.,Metrische Einheit; ein Zentimeter auf dem Display.,,,,
Coordinate,Koordinaten und Einheiten / Coordinates and Units,"A numerical position in 2D space, specified as x and y values (e.g., `100 50`).","Eine numerische Position im 2D-Raum, angegeben als x- und y-Werte (z.B. `100 50`).",,,,
Inch (i),Koordinaten und Einheiten / Coordinates and Units,Imperial unit; one inch on the display.,Imperiale Einheit; ein Zoll auf dem Display.,,,,
Millimeter (m),Koordinaten und Einheiten / Coordinates and Units,Metric unit; one millimeter on the display.,Metrische Einheit; ein Millimeter auf dem Display.,,,,
Pixel (px),Koordinaten und Einheiten / Coordinates and Units,The default unit of measurement; one screen pixel.,Die Standard-Maßeinheit; ein Bildschirmpixel.,,,,
Point (p),Koordinaten und Einheiten / Coordinates and Units,A typographical unit equal to 1/72 of an inch.,Eine typografische Einheit gleich 1/72 Zoll.,,,,
Units,Koordinaten und Einheiten / Coordinates and Units,"Specification of measurement system for dimensions (pixels by default, but can be points, cm, mm, inches).","Spezifikation des Maßsystems für Dimensionen (standardmäßig Pixel, kann aber Punkte, cm, mm, Zoll sein).",,,,
X-Coordinate,Koordinaten und Einheiten / Coordinates and Units,Horizontal position measured from the left edge of the window or canvas.,"Horizontale Position, gemessen vom linken Rand des Fensters oder Canvas.",,,,
Y-Coordinate,Koordinaten und Einheiten / Coordinates and Units,Vertical position measured from the top edge of the window or canvas.,"Vertikale Position, gemessen vom oberen Rand des Fensters oder Canvas.",,,,
Cap Style (capstyle),Linien und Muster / Lines and Patterns,"Appearance of line ends; options include `butt`, `projecting`, or `round`.","Aussehen der Linienenden; Optionen umfassen `butt`, `projecting` oder `round`.",,,,
Dash,Linien und Muster / Lines and Patterns,"Pattern specification for dashed lines, defined as a list of pixel lengths (e.g., `-dash {5 2}` for 5 pixels on, 2 off).","Musterspezifikation für gestrichelte Linien, definiert als Liste von Pixellängen (z.B. `-dash {5 2}` für 5 Pixel an, 2 aus).",,,,
Dash-Dot,Linien und Muster / Lines and Patterns,Line pattern alternating between dashes and dots.,"Linienmuster, das zwischen Strichen und Punkten wechselt.",,,,
Dot,Linien und Muster / Lines and Patterns,Line pattern consisting of small dots with gaps.,Linienmuster bestehend aus kleinen Punkten mit Lücken.,,,,
Join Style (joinstyle),Linien und Muster / Lines and Patterns,"Appearance of line corners where segments meet; options include `miter`, `bevel`, or `round`.","Aussehen der Linienecken, wo Segmente sich treffen; Optionen umfassen `miter`, `bevel` oder `round`.",,,,
Solid,Linien und Muster / Lines and Patterns,Continuous line style without gaps; the default line style.,Durchgehender Linienstil ohne Lücken; der Standard-Linienstil.,,,,
Width,Linien und Muster / Lines and Patterns,"Thickness of a line or border, specified in pixels or other units.","Dicke einer Linie oder eines Rahmens, angegeben in Pixeln oder anderen Einheiten.",,,,
join,Listen-Operationen / List Operations,"Join list elements into string with separator (e.g., `join {a b c} "",""` = `a,b,c`).","Listenelemente in String mit Trennzeichen zusammenfügen (z.B. `join {a b c} "",""` = `a,b,c`).",,,,
lappend,Listen-Operationen / List Operations,"Append elements to end of list variable (e.g., `lappend mylist item1 item2`).",Elemente am Ende der Listen-Variable anhängen (z.B. `lappend mylist item1 item2`).,,,,
lindex,Listen-Operationen / List Operations,"Retrieve element at specified index from list (e.g., `lindex $mylist 0`).",Element am angegebenen Index aus Liste abrufen (z.B. `lindex $mylist 0`).,,,,
linsert,Listen-Operationen / List Operations,"Insert elements into list at specified position (e.g., `linsert $mylist 2 newitem`).",Elemente an angegebener Position in Liste einfügen (z.B. `linsert $mylist 2 newitem`).,,,,
llength,Listen-Operationen / List Operations,"Return number of elements in list (e.g., `llength $mylist`).",Anzahl der Elemente in Liste zurückgeben (z.B. `llength $mylist`).,,,,
lrange,Listen-Operationen / List Operations,"Extract sublist from start to end index (e.g., `lrange $mylist 1 3`).",Teilliste von Start- bis End-Index extrahieren (z.B. `lrange $mylist 1 3`).,,,,
lrepeat,Listen-Operationen / List Operations,"Create list by repeating elements specified number of times (e.g., `lrepeat 5 0` = `0 0 0 0 0`).",Liste erstellen durch Wiederholen von Elementen angegebene Anzahl Male (z.B. `lrepeat 5 0` = `0 0 0 0 0`).,,,,
lreplace,Listen-Operationen / List Operations,"Replace list elements in range with new elements (e.g., `lreplace $mylist 1 2 new1 new2`).",Listenelemente im Bereich durch neue Elemente ersetzen (z.B. `lreplace $mylist 1 2 new1 new2`).,,,,
lreverse,Listen-Operationen / List Operations,"Reverse order of list elements (e.g., `lreverse {a b c}` = `c b a`).",Reihenfolge der Listenelemente umkehren (z.B. `lreverse {a b c}` = `c b a`).,,,,
lsearch,Listen-Operationen / List Operations,"Search list for element matching pattern; returns index or -1 (e.g., `lsearch $mylist ""pattern""`).","Liste nach Element durchsuchen, das Muster entspricht; gibt Index oder -1 zurück (z.B. `lsearch $mylist ""pattern""`).",,,,
lsort,Listen-Operationen / List Operations,"Sort list elements; options include `-ascii`, `-integer`, `-real`, `-increasing`, `-decreasing`.","Listenelemente sortieren; Optionen umfassen `-ascii`, `-integer`, `-real`, `-increasing`, `-decreasing`.",,,,
split,Listen-Operationen / List Operations,"Split string into list using delimiter (e.g., `split ""a,b,c"" "",""` = `a b c`).","String in Liste aufteilen mit Trennzeichen (z.B. `split ""a,b,c"" "",""` = `a b c`).",,,,
lassign,Listen-Subcommands / List Subcommands,"Assign list elements to variables (e.g., `lassign $list var1 var2 var3`).",Listenelemente Variablen zuweisen (z.B. `lassign $list var1 var2 var3`).,,,,
lcontains,Listen-Subcommands / List Subcommands,"Tcl 8.7+ command to test list membership. Syntax: lcontains list element. Returns 1 if the element appears in the list (exact equality), 0 otherwise. Cleaner than `expr {$elem in $list}` for one-off tests; equivalent to `lsearch -exact $list $elem >= 0`.","Tcl-8.7+-Kommando zur Pruefung der Listen-Mitgliedschaft. Syntax: lcontains list element. Liefert 1 wenn das Element in der Liste vorkommt (exakte Gleichheit), 0 sonst. Sauberer als `expr {$elem in $list}` bei einmaligen Tests; aequivalent zu `lsearch -exact $list $elem >= 0`.",,,,
ledit,Listen-Subcommands / List Subcommands,"Tcl 9 list command: in-place edit of a list element. Syntax: ledit listVar first last ?element...?. Combines lreplace and assignment in one operation, avoiding the typical `set list [lreplace $list i j ...]` pattern. Returns the new list. Tcl 9+.",Tcl-9-Listen-Kommando: In-Place-Bearbeitung eines Listen-Elements. Syntax: ledit listVar first last ?element...?. Kombiniert lreplace und Zuweisung in einer Operation; ersetzt das uebliche `set list [lreplace $list i j ...]`-Muster. Liefert die neue Liste. Tcl 9+.,,,,
lmap,Listen-Subcommands / List Subcommands,"Map command over list elements, collecting results (e.g., `lmap x $list {expr {$x * 2}}`).","Befehl über Listenelemente abbilden, Ergebnisse sammeln (z.B. `lmap x $list {expr {$x * 2}}`).",,,,
lpop,Listen-Subcommands / List Subcommands,"Tcl 8.7+ list command: remove and return the last element of a list (or any specified index). Syntax: lpop listVar ?index?. Without index: removes and returns the last element. With index: removes and returns at that index (supports end, end-N).","Tcl-8.7+-Listen-Kommando: Entfernt das letzte Element einer Liste (oder ein angegebener Index) und liefert es zurueck. Syntax: lpop listVar ?index?. Ohne Index: entfernt und liefert das letzte Element. Mit Index: entfernt und liefert an dem Index (unterstuetzt end, end-N).",,,,
lsearch -inline,Listen-Subcommands / List Subcommands,"lsearch option that returns the matching elements themselves instead of their indices. Syntax: lsearch -inline ?-options? list pattern. With -all: returns all matching elements. Combined with -nocase, -exact, -glob, -regexp, -regexp -inline -all is a quick filter.","lsearch-Option die die treffenden Elemente selbst statt ihrer Indices liefert. Syntax: lsearch -inline ?-options? list pattern. Mit -all: liefert alle treffenden Elemente. Kombiniert mit -nocase, -exact, -glob, -regexp; -regexp -inline -all ist ein schneller Filter.",,,,
lset,Listen-Subcommands / List Subcommands,"Set element in list at index to new value (e.g., `lset mylist 2 ""newvalue""`).","Element in Liste an Index auf neuen Wert setzen (z.B. `lset mylist 2 ""newvalue""`).",,,,
lsort -unique,Listen-Subcommands / List Subcommands,"lsort option that removes duplicates after sorting. Syntax: lsort -unique ?-options? list. Combined with -nocase, -decreasing, -dictionary, -integer, -real. Common idiom to dedupe a list: lsort -unique $list. For unsorted dedupe, see lreverse + lsort tricks.","lsort-Option die Duplikate nach dem Sortieren entfernt. Syntax: lsort -unique ?-options? list. Kombiniert mit -nocase, -decreasing, -dictionary, -integer, -real. Idiom zum Deduplizieren: lsort -unique $list. Fuer unsortiertes Dedupe siehe lreverse + lsort-Tricks.",,,,
abs,Math-Funktionen / Math Functions,"Absolute value function (e.g., `expr {abs(-5)}` = 5).",Absolutwert-Funktion (z.B. `expr {abs(-5)}` = 5).,,,,
acos / asin / atan / atan2,Math-Funktionen / Math Functions,"Inverse trigonometric functions; atan2 takes y,x arguments for full circle range.","Inverse trigonometrische Funktionen; atan2 nimmt y,x-Argumente für vollen Kreisbereich.",,,,
ceil / floor,Math-Funktionen / Math Functions,"Round up/down to nearest integer (e.g., `ceil 4.2` = 5, `floor 4.8` = 4).","Auf nächste Ganzzahl auf-/abrunden (z.B. `ceil 4.2` = 5, `floor 4.8` = 4).",,,,
cos / sin / tan,Math-Funktionen / Math Functions,Basic trigonometric functions; arguments in radians.,Grundlegende trigonometrische Funktionen; Argumente in Radiant.,,,,
cosh / sinh / tanh,Math-Funktionen / Math Functions,Hyperbolic trigonometric functions.,Hyperbolische trigonometrische Funktionen.,,,,
exp / log / log10,Math-Funktionen / Math Functions,"Exponential (e^x), natural logarithm, base-10 logarithm functions.","Exponential (e^x), natürlicher Logarithmus, Basis-10-Logarithmus-Funktionen.",,,,
expr division (integer vs floating-point),Math-Funktionen / Math Functions,"In Tcl `expr`, dividing two integers uses integer division (`5/2` → 2); if any operand is floating-point, the result is floating-point (`5.0/2` → 2.5). Use explicit double() or decimal literals when fractional results are required.","In Tcl `expr` ist Division zweier Ganzzahlen ganzzahlig (`5/2` → 2); ist ein Operand Fließkomma, ist das Ergebnis Fließkomma (`5.0/2` → 2.5). Für Bruchteile double() oder Dezimal-Literale verwenden.",,,,
int / double,Math-Funktionen / Math Functions,"Convert to integer/floating-point (e.g., `expr {int(4.7)}` = 4).",In Ganzzahl/Gleitkommazahl konvertieren (z.B. `expr {int(4.7)}` = 4).,,,,
min / max,Math-Funktionen / Math Functions,"Return minimum/maximum of arguments (Tcl 8.5+; e.g., `expr {min(5, 3, 8)}` = 3).","Minimum/Maximum der Argumente zurückgeben (Tcl 8.5+; z.B. `expr {min(5, 3, 8)}` = 3).",,,,
pow,Math-Funktionen / Math Functions,"Power function; equivalent to ** operator (e.g., `pow(2, 8)` = 256).","Potenz-Funktion; äquivalent zu **-Operator (z.B. `pow(2, 8)` = 256).",,,,
rand / srand,Math-Funktionen / Math Functions,Generate random float 0.0-1.0; srand seeds random number generator.,Zufällige Gleitkommazahl 0.0-1.0 erzeugen; srand initialisiert Zufallszahlengenerator.,,,,
round,Math-Funktionen / Math Functions,"Round to nearest integer (e.g., `round 4.5` = 5, `round 4.4` = 4).","Auf nächste Ganzzahl runden (z.B. `round 4.5` = 5, `round 4.4` = 4).",,,,
sqrt,Math-Funktionen / Math Functions,"Square root function (e.g., `expr {sqrt(16)}` = 4.0).",Quadratwurzel-Funktion (z.B. `expr {sqrt(16)}` = 4.0).,,,,
wide / entier,Math-Funktionen / Math Functions,Convert to wide integer (64-bit) / exact integer representation.,In Wide-Integer (64-Bit) / exakte Ganzzahl-Darstellung konvertieren.,,,,
Accelerator,Menü-Begriffe / Menu Terms,"Keyboard shortcut text displayed next to menu item (for display only, binding must be done separately).","Tastaturkürzel-Text, der neben Menüelement angezeigt wird (nur zur Anzeige, Binding muss separat erfolgen).",,,,
Cascade,Menü-Begriffe / Menu Terms,Menu entry that opens a submenu when selected.,"Menüeintrag, der ein Untermenü öffnet, wenn er ausgewählt wird.",,,,
Checkbutton Entry,Menü-Begriffe / Menu Terms,Menu item with checkbox that toggles on/off state.,"Menüelement mit Checkbox, das einen Ein/Aus-Zustand umschaltet.",,,,
Command Entry,Menü-Begriffe / Menu Terms,Menu item that executes a command when selected.,"Menüelement, das einen Befehl ausführt, wenn es ausgewählt wird.",,,,
Invoke,Menü-Begriffe / Menu Terms,Programmatically activate a menu entry as if user selected it.,"Einen Menüeintrag programmatisch aktivieren, als ob Benutzer ihn ausgewählt hätte.",,,,
Menubar,Menü-Begriffe / Menu Terms,Horizontal menu typically at top of window containing menu items.,"Horizontales Menü typischerweise oben im Fenster, das Menüelemente enthält.",,,,
Menubutton,Menü-Begriffe / Menu Terms,Button widget that displays a menu when clicked.,"Button-Widget, das ein Menü anzeigt, wenn es geklickt wird.",,,,
Popup Menu,Menü-Begriffe / Menu Terms,"Context menu that appears at mouse position, typically on right-click.","Kontextmenü, das an Mausposition erscheint, typischerweise bei Rechtsklick.",,,,
Post,Menü-Begriffe / Menu Terms,Display a menu at specific screen coordinates.,Ein Menü an bestimmten Bildschirmkoordinaten anzeigen.,,,,
Radiobutton Entry,Menü-Begriffe / Menu Terms,Menu item that's part of mutually exclusive group selection.,"Menüelement, das Teil einer sich gegenseitig ausschließenden Gruppenauswahl ist.",,,,
Separator,Menü-Begriffe / Menu Terms,Horizontal line dividing menu sections for visual organization.,"Horizontale Linie, die Menüabschnitte zur visuellen Organisation trennt.",,,,
Tearoff,Menü-Begriffe / Menu Terms,Feature allowing menu to be detached into separate window; enabled/disabled with `-tearoff` option.,"Funktion, die es erlaubt, Menü in separates Fenster abzutrennen; aktiviert/deaktiviert mit `-tearoff`-Option.",,,,
Underline,Menü-Begriffe / Menu Terms,Character position in menu label to underline for keyboard mnemonics.,Zeichenposition im Menü-Label zum Unterstreichen für Tastatur-Mnemonics.,,,,
Unpost,Menü-Begriffe / Menu Terms,Remove a posted menu from display.,Ein angezeigtes Menü von der Anzeige entfernen.,,,,
Lexer (Lexical Analyzer),NLP und Text-Verarbeitung / NLP and Text Processing,Program converting character sequence into token sequence; first phase of parsing; implementable in Tcl with regexp and string commands.,"Programm, das Zeichen-Sequenz in Token-Sequenz konvertiert; erste Phase des Parsings; implementierbar in Tcl mit regexp und String-Befehlen.",,,,
NLP (Natural Language Processing),NLP und Text-Verarbeitung / NLP and Text Processing,"Computational processing of human language; Tcl used for text manipulation, tokenization, parsing in NLP pipelines; tcllib provides text processing tools.","Rechnerische Verarbeitung menschlicher Sprache; Tcl verwendet für Text-Manipulation, Tokenisierung, Parsing in NLP-Pipelines; tcllib bietet Text-Verarbeitungs-Tools.",,,,
Parser,NLP und Text-Verarbeitung / NLP and Text Processing,Program analyzing text structure according to grammar rules; Tcl suitable for writing parsers using string operations and regular expressions.,"Programm, das Text-Struktur nach Grammatik-Regeln analysiert; Tcl geeignet zum Schreiben von Parsern mit String-Operationen und regulären Ausdrücken.",,,,
Regular Expression (NLP Context),NLP und Text-Verarbeitung / NLP and Text Processing,Pattern matching tool essential for NLP tasks; Tcl's `regexp` and `regsub` commands powerful for text extraction and transformation.,Mustererkennungs-Tool essentiell für NLP-Aufgaben; Tcls `regexp`- und `regsub`-Befehle mächtig für Text-Extraktion und -Transformation.,,,,
String Matching,NLP und Text-Verarbeitung / NLP and Text Processing,"Finding patterns in text; fundamental NLP operation; Tcl provides `string match`, `regexp`, `string first/last` for various matching needs.","Finden von Mustern in Text; fundamentale NLP-Operation; Tcl bietet `string match`, `regexp`, `string first/last` für verschiedene Matching-Bedürfnisse.",,,,
Text Corpus,NLP und Text-Verarbeitung / NLP and Text Processing,Large collection of text used for linguistic analysis; Tcl can process text corpora with file I/O and string operations.,Große Sammlung von Text für linguistische Analyse; Tcl kann Text-Korpora mit File-I/O und String-Operationen verarbeiten.,,,,
Token,NLP und Text-Verarbeitung / NLP and Text Processing,"Individual meaningful unit from text (word, punctuation, etc.); result of tokenization process.","Einzelne bedeutungsvolle Einheit aus Text (Wort, Interpunktion, etc.); Ergebnis des Tokenisierungs-Prozesses.",,,,
Tokenization,NLP und Text-Verarbeitung / NLP and Text Processing,"Process of splitting text into words, phrases, or symbols (tokens); in Tcl: `split`, `regexp`, or custom procedures.","Prozess des Aufteilens von Text in Wörter, Phrasen oder Symbole (Token); in Tcl: `split`, `regexp` oder eigene Prozeduren.",,,,
namespace children,Namespaces,List all child namespaces of a namespace. Syntax: namespace children ?namespace? ?pattern?. Without arguments: children of the current namespace. With pattern: glob-filter. Used to discover module sub-namespaces or to walk the namespace tree.,Listet alle Kind-Namespaces eines Namespace auf. Syntax: namespace children ?namespace? ?pattern?. Ohne Argumente: Kinder des aktuellen Namespace. Mit Pattern: Glob-Filter. Verwendet um Modul-Sub-Namespaces zu entdecken oder den Namespace-Baum zu durchwandern.,,,,
namespace current,Namespaces,Return the fully qualified name of the namespace currently in effect. Syntax: namespace current. At top level: returns `::`. Inside a namespace eval block: returns `::namespace_name`. Useful in metaprogramming and in procs that need to know their own home.,Liefert den voll qualifizierten Namen des aktuell gueltigen Namespace. Syntax: namespace current. Auf Top-Level: liefert `::`. Innerhalb namespace eval: liefert `::namespace_name`. Nuetzlich in Metaprogrammierung und in Procs die ihren eigenen Heimat-Namespace kennen muessen.,,,,
namespace exists,Namespaces,Test whether a namespace exists. Syntax: namespace exists name. Returns 1 or 0. Used to guard against creating duplicate namespaces or to check for optional modules.,Prueft ob ein Namespace existiert. Syntax: namespace exists name. Liefert 1 oder 0. Verwendet um Duplikat-Namespaces zu vermeiden oder optionale Module zu pruefen.,,,,
namespace export,Namespaces,Declare which commands of the current namespace are visible to namespace import. Syntax: namespace export ?-clear? ?pattern...?. Patterns match command names within this namespace. Without -clear: adds to existing exports. With -clear: replaces. Without arguments: lists current exports. By default nothing is exported.,Deklariert welche Kommandos des aktuellen Namespace fuer namespace import sichtbar sind. Syntax: namespace export ?-clear? ?pattern...?. Patterns passen auf Kommandonamen innerhalb dieses Namespace. Ohne -clear: ergaenzt; mit -clear: ersetzt. Ohne Argumente: listet aktuelle Exports. Standard: nichts exportiert.,,,,
namespace forget,Namespaces,"Remove imports brought in by `namespace import`. Syntax: namespace forget ?pattern...?. Patterns are glob, e.g. `::mylib::*`. Counterpart to namespace import. Without arguments: no-op (does not remove all imports).","Entfernt Imports die per `namespace import` hereingeholt wurden. Syntax: namespace forget ?pattern...?. Patterns sind Glob, z.B. `::mylib::*`. Gegenstueck zu namespace import. Ohne Argumente: No-op (entfernt nicht alle Imports).",,,,
namespace import,Namespaces,"Import commands from another namespace into the current one. Syntax: namespace import ?-force? ?pattern...?. Patterns are glob, e.g. ::mylib::*. After import the commands are callable by their short name. -force overrides existing names. Counterpart: namespace forget.","Importiert Kommandos aus einem anderen Namespace in den aktuellen. Syntax: namespace import ?-force? ?pattern...?. Patterns sind Glob, z.B. ::mylib::*. Nach Import sind die Kommandos per Kurzname aufrufbar. -force ueberschreibt existierende Namen. Gegenstueck: namespace forget.",,,,
namespace inscope,Namespaces,"Execute a script in a specified namespace. Syntax: namespace inscope ns script ?args...?. Differs from `namespace eval` in argument handling: ns is treated as a list, args are appended to script before execution. Mostly internal; namespace eval is preferred for ordinary use.","Fuehrt ein Skript in einem angegebenen Namespace aus. Syntax: namespace inscope ns script ?args...?. Unterscheidet sich von `namespace eval` in der Argumentbehandlung: ns wird als Liste behandelt, args werden vor der Ausfuehrung an das Skript angehaengt. Meist intern; namespace eval ist bei normaler Nutzung bevorzugt.",,,,
namespace origin,Namespaces,"For an imported command, return the original (un-imported) fully qualified name. Syntax: namespace origin command. Returns the name itself if the command is not imported. Used to find the source definition of an imported alias.",Liefert fuer ein importiertes Kommando den originalen (nicht importierten) voll qualifizierten Namen. Syntax: namespace origin command. Liefert den Namen selbst wenn das Kommando nicht importiert ist. Verwendet um die Original-Definition eines importierten Alias zu finden.,,,,
namespace parent,Namespaces,"Return the parent namespace of a given namespace. Syntax: namespace parent ?namespace?. Without argument: parent of the current namespace. Top level (`::`) has no parent (returns """"). Used in introspection.","Liefert den Eltern-Namespace eines gegebenen Namespace. Syntax: namespace parent ?namespace?. Ohne Argument: Elternteil des aktuellen Namespace. Top-Level (`::`) hat keinen Elternteil (liefert """"). Verwendet bei Introspektion.",,,,
namespace path,Namespaces,Get or set the search path of a namespace for unqualified command lookup. Syntax: namespace path ?{ns1 ns2 ...}?. Without arguments: returns the current path. With list: sets the path. Allows commands defined in another namespace to be called by short name within this namespace.,Liefert oder setzt den Suchpfad eines Namespace fuer unqualifizierten Kommando-Lookup. Syntax: namespace path ?{ns1 ns2 ...}?. Ohne Argumente: liefert den aktuellen Pfad. Mit Liste: setzt den Pfad. Ermoeglicht in anderen Namespaces definierte Kommandos hier per Kurzname aufzurufen.,,,,
namespace qualifiers,Namespaces,Return everything except the last component of a fully qualified name. Syntax: namespace qualifiers name. Example: `namespace qualifiers ::foo::bar::baz` returns `::foo::bar`. Counterpart to namespace tail. Useful to derive the parent namespace of a command.,Liefert alles ausser der letzten Komponente eines voll qualifizierten Namens. Syntax: namespace qualifiers name. Beispiel: `namespace qualifiers ::foo::bar::baz` ergibt `::foo::bar`. Gegenstueck zu namespace tail. Hilfreich um den Eltern-Namespace eines Kommandos zu ermitteln.,,,,
namespace tail,Namespaces,Return the last component of a fully qualified name. Syntax: namespace tail name. Example: `namespace tail ::foo::bar::baz` returns `baz`. Common in metaprogramming when you need the bare command name independent of its namespace.,Liefert die letzte Komponente eines voll qualifizierten Namens. Syntax: namespace tail name. Beispiel: `namespace tail ::foo::bar::baz` ergibt `baz`. Verbreitet in Metaprogrammierung wenn man den nackten Kommandonamen unabhaengig vom Namespace braucht.,,,,
namespace which,Namespaces,"Resolve a command name to its fully qualified path within the namespace search hierarchy. Syntax: namespace which ?-command|-variable? name. Without -command/-variable: defaults to -command. Returns """" if the name does not resolve. Used to debug namespace resolution and to detect command shadowing.","Loest einen Kommandonamen zu seinem voll qualifizierten Pfad innerhalb der Namespace-Suchhierarchie auf. Syntax: namespace which ?-command|-variable? name. Ohne -command/-variable: Standard ist -command. Liefert """" wenn der Name nicht aufloest. Verwendet zum Debuggen der Namespace-Aufloesung und zum Erkennen von Kommando-Shadowing.",,,,
API Call,Netzwerk-Tools / Network Tools,"Request to web service/API; typically HTTP-based (REST, SOAP); sends data, receives response; Tcl tools: http package, rest package, curl; JSON/XML common formats; authentication often required (tokens, keys).","Anfrage an Web-Service/API; typischerweise HTTP-basiert (REST, SOAP); sendet Daten, empfängt Antwort; Tcl-Tools: http-Paket, rest-Paket, curl; JSON/XML übliche Formate; Authentifizierung oft erforderlich (Tokens, Keys).",,,,
HTTP Request,Netzwerk-Tools / Network Tools,"Message sent to web server; methods: GET (retrieve), POST (submit), PUT (update), DELETE (remove); Tcl: http package, curl, or sockets; includes headers, optional body; response has status code, headers, body.","Nachricht an Web-Server gesendet; Methoden: GET (abrufen), POST (einreichen), PUT (aktualisieren), DELETE (entfernen); Tcl: http-Paket, curl oder Sockets; enthält Header, optionalen Body; Antwort hat Status-Code, Header, Body.",,,,
curl,Netzwerk-Tools / Network Tools,"Command-line tool for data transfer; supports HTTP, HTTPS, FTP, many protocols; download files, test APIs; Tcl call: `exec curl -o file.html https://example.com`; alternative to http package for complex requests; widely used for REST APIs.","Kommandozeilen-Tool für Datenübertragung; unterstützt HTTP, HTTPS, FTP, viele Protokolle; Dateien herunterladen, APIs testen; Tcl-Aufruf: `exec curl -o file.html https://example.com`; Alternative zu http-Paket für komplexe Anfragen; weit verbreitet für REST-APIs.",,,,
wget,Netzwerk-Tools / Network Tools,"Command-line web downloader; recursive downloading, resume broken downloads; simpler than curl for basic tasks; Tcl call: `exec wget https://example.com/file.zip`; Unix/Linux standard; good for scripted downloads, mirror websites.","Kommandozeilen-Web-Downloader; rekursives Herunterladen, unterbrochene Downloads fortsetzen; einfacher als curl für Basis-Aufgaben; Tcl-Aufruf: `exec wget https://example.com/file.zip`; Unix/Linux-Standard; gut für geskriptete Downloads, Websites spiegeln.",,,,
Encapsulation,Object-Oriented Tcl (TclOO) / Objektorientiertes Tcl,"OO principle of bundling data and methods, hiding internal implementation.","OO-Prinzip der Bündelung von Daten und Methoden, Verbergen interner Implementierung.",,,,
Inheritance,Object-Oriented Tcl (TclOO) / Objektorientiertes Tcl,OO mechanism where class derives properties and methods from parent class.,"OO-Mechanismus, bei dem Klasse Eigenschaften und Methoden von Elternklasse ableitet.",,,,
Polymorphism,Object-Oriented Tcl (TclOO) / Objektorientiertes Tcl,OO principle allowing objects of different classes to be treated uniformly through common interface.,"OO-Prinzip, das Objekte verschiedener Klassen ermöglicht, einheitlich durch gemeinsame Schnittstelle behandelt zu werden.",,,,
TclOO private method (callback limitation),Object-Oriented Tcl (TclOO) / Objektorientiertes Tcl,Methods whose names are not exported (often written with a leading `_` by convention) are not valid as callback command prefixes; only exported (public) methods are safe to pass to `-command` and similar.,"Nicht exportierte Methoden (üblich mit führendem `_`) eignen sich nicht als Callback-Befehl; an `-command` u. Ä. nur exportierte, öffentliche Methoden übergeben.",,,,
TclOO variable name collision,Object-Oriented Tcl (TclOO) / Objektorientiertes Tcl,"If multiple classes in one object’s hierarchy (superclass, mixin, subclass) each `variable`-declare the same simple name, they refer to the same storage in the object namespace—unexpected sharing; use distinct names (e.g. with a class prefix) for “private” data.","Deklarieren mehrere Klassen derselben Hierarchie (Superclass, Mixin, Subklasse) dieselbe einfache Variable, teilen sie sich einen Speicher im Objekt-Namespace—unerwartetes Teilen; für „private“ Daten eindeutige Namen (z. B. Klassenpräfix) verwenden.",,,,
TclOO variable visibility (existence vs. visibility),Object-Oriented Tcl (TclOO) / Objektorientiertes Tcl,"In TclOO, instance variables live in a single per-object namespace; they exist for the whole object, but the `variable` declaration only makes them directly visible in the class that declared them—subclasses must redeclare parent variables to use the same storage with unqualified names. See the Tcl wiki “Variables in TclOO”.","In TclOO liegen Instanzvariablen in einem gemeinsamen Objekt-Namespace; sie existieren für das ganze Objekt, sind aber mit unqualifiziertem Namen nur in der deklarierenden Klasse sichtbar—Unterklassen müssen Eltern-Variablen erneut deklarieren, um denselben Speicher zu nutzen. Vgl. Tcl-Wiki „Variables in TclOO“.",,,,
classmethod,Object-Oriented Tcl (TclOO) / Objektorientiertes Tcl,Define method on class itself rather than instances (static method).,Methode auf Klasse selbst definieren statt auf Instanzen (statische Methode).,,,,
constructor,Object-Oriented Tcl (TclOO) / Objektorientiertes Tcl,"Special method called when object is created; initializes object state (e.g., `constructor {args} {...}`).","Spezielle Methode, die beim Erstellen des Objekts aufgerufen wird; initialisiert Objektzustand (z.B. `constructor {args} {...}`).",,,,
create,Object-Oriented Tcl (TclOO) / Objektorientiertes Tcl,"Instantiate object from class (e.g., `set obj [MyClass new]` or `MyClass create obj`).",Objekt aus Klasse instanziieren (z.B. `set obj [MyClass new]` oder `MyClass create obj`).,,,,
destroy,Object-Oriented Tcl (TclOO) / Objektorientiertes Tcl,"Explicitly destroy object and call its destructor (e.g., `$obj destroy`).",Objekt explizit zerstören und seinen Destruktor aufrufen (z.B. `$obj destroy`).,,,,
destructor,Object-Oriented Tcl (TclOO) / Objektorientiertes Tcl,"Special method called when object is destroyed; performs cleanup (e.g., `destructor {...}`).","Spezielle Methode, die beim Zerstören des Objekts aufgerufen wird; führt Aufräumarbeiten aus (z.B. `destructor {...}`).",,,,
export / unexport,Object-Oriented Tcl (TclOO) / Objektorientiertes Tcl,"Control method visibility; exported methods are public, unexported are private.","Methodensichtbarkeit steuern; exportierte Methoden sind öffentlich, nicht exportierte sind privat.",,,,
filter,Object-Oriented Tcl (TclOO) / Objektorientiertes Tcl,Method called before/after other methods for cross-cutting concerns like logging.,"Methode, die vor/nach anderen Methoden aufgerufen wird für querschnittliche Belange wie Logging.",,,,
forward,Object-Oriented Tcl (TclOO) / Objektorientiertes Tcl,Delegate method calls to another object or command.,Methodenaufrufe an anderes Objekt oder Befehl delegieren.,,,,
info class,Object-Oriented Tcl (TclOO) / Objektorientiertes Tcl,"Query information about classes and objects (e.g., `info class instances MyClass`).",Informationen über Klassen und Objekte abfragen (z.B. `info class instances MyClass`).,,,,
method,Object-Oriented Tcl (TclOO) / Objektorientiertes Tcl,"Define instance method in class (e.g., `method getName {} {return $name}`).",Instanzmethode in Klasse definieren (z.B. `method getName {} {return $name}`).,,,,
mixin,Object-Oriented Tcl (TclOO) / Objektorientiertes Tcl,Add class as mixin to provide additional methods without inheritance.,"Klasse als Mixin hinzufügen, um zusätzliche Methoden ohne Vererbung bereitzustellen.",,,,
my,Object-Oriented Tcl (TclOO) / Objektorientiertes Tcl,"Shorthand for invoking methods on current object (e.g., `my methodName` instead of `$self methodName`).",Kurzform für Aufruf von Methoden auf aktuellem Objekt (z.B. `my methodName` statt `$self methodName`).,,,,
new,Object-Oriented Tcl (TclOO) / Objektorientiertes Tcl,"Create anonymous object instance with auto-generated name (e.g., `[MyClass new]`).",Anonyme Objektinstanz mit automatisch generiertem Namen erstellen (z.B. `[MyClass new]`).,,,,
next,Object-Oriented Tcl (TclOO) / Objektorientiertes Tcl,Call next method in method chain (superclass or mixin); enables method chaining.,Nächste Methode in Methodenkette aufrufen (Superclass oder Mixin); ermöglicht Method-Chaining.,,,,
oo::abstract,Object-Oriented Tcl (TclOO) / Objektorientiertes Tcl,"Tcl 9 class type: a class that cannot be instantiated directly with `new`/`create`, but can be subclassed. Syntax: oo::abstract create Base { ... }. Used to define an interface or partial implementation that requires concrete subclasses. Subclasses become instantiable as usual.","Tcl-9-Klassentyp: eine Klasse die nicht direkt per `new`/`create` instanziiert werden kann, aber abgeleitet werden darf. Syntax: oo::abstract create Base { ... }. Verwendet fuer Interfaces oder Teil-Implementationen die konkrete Unterklassen erfordern. Unterklassen sind normal instanziierbar.",,,,
oo::class,Object-Oriented Tcl (TclOO) / Objektorientiertes Tcl,"Create new class definition in TclOO (e.g., `oo::class create MyClass {...}`).",Neue Klassendefinition in TclOO erstellen (z.B. `oo::class create MyClass {...}`).,,,,
oo::define filter,Object-Oriented Tcl (TclOO) / Objektorientiertes Tcl,"Method filters in TclOO — wrap method calls with pre/post logic, similar to AOP advice. Syntax: oo::define ClassName filter methodName ?methodName...?. Filter methods receive the original method invocation; can call `next` to proceed. Common uses: logging, authorization checks, caching.","Method-Filter in TclOO — umhuellt Method-Aufrufe mit Pre/Post-Logik, aehnlich wie AOP-Advice. Syntax: oo::define ClassName filter methodName ?methodName...?. Filter-Methoden erhalten den Original-Aufruf; koennen `next` aufrufen um weiterzugehen. Anwendung: Logging, Berechtigungs-Pruefung, Caching.",,,,
oo::mixinto,Object-Oriented Tcl (TclOO) / Objektorientiertes Tcl,"Add or remove a mixin on a specific object instance (per-object mixin), instead of the class. Syntax: oo::mixinto $obj ?className...?. Without arguments: returns the current per-object mixins. With class names: replaces the mixin list for that one object only. Useful for instance-specific behavior without affecting the class.","Fuegt einem konkreten Objekt einen Mixin hinzu oder entfernt ihn (instanz-spezifischer Mixin), statt fuer die Klasse. Syntax: oo::mixinto $obj ?className...?. Ohne Argumente: liefert die aktuellen Per-Objekt-Mixins. Mit Klassennamen: ersetzt die Mixin-Liste fuer dieses eine Objekt. Nuetzlich fuer instanz-spezifisches Verhalten ohne die Klasse zu aendern.",,,,
oo::object,Object-Oriented Tcl (TclOO) / Objektorientiertes Tcl,Base object type in TclOO; all objects inherit from oo::object.,Basis-Objekttyp in TclOO; alle Objekte erben von oo::object.,,,,
self,Object-Oriented Tcl (TclOO) / Objektorientiertes Tcl,"Reference to current object instance within methods (e.g., `$self methodName`).",Referenz auf aktuelle Objektinstanz innerhalb von Methoden (z.B. `$self methodName`).,,,,
superclass,Object-Oriented Tcl (TclOO) / Objektorientiertes Tcl,"Specify parent class for inheritance (e.g., `superclass ParentClass`).",Elternklasse für Vererbung angeben (z.B. `superclass ParentClass`).,,,,
variable,Object-Oriented Tcl (TclOO) / Objektorientiertes Tcl,"Tcl command with two related uses. (1) Inside a `namespace eval` block, declares a namespace-scoped variable: `namespace eval ::myns { variable count 0 }`. The variable is accessible via fully-qualified name (`$::myns::count`) or via `variable count` in procs of that namespace. (2) Inside a TclOO class body, declares an instance variable accessible in methods without explicit `my variable`: `oo::class create Counter { variable count; constructor {} { set count 0 } }`. In both cases, `variable` is a declaration that links a name to the appropriate scope; it does NOT assign a value unless given as second argument.","Tcl-Befehl mit zwei verwandten Verwendungen. (1) In einem `namespace eval`-Block deklariert er eine namespace-bezogene Variable: `namespace eval ::myns { variable count 0 }`. Die Variable ist via voll-qualifizierten Namen (`$::myns::count`) oder via `variable count` in Procs dieses Namespaces zugaenglich. (2) In einem TclOO-Klassen-Body deklariert er eine Instanzvariable, die in Methoden ohne explizites `my variable` zugaenglich ist: `oo::class create Counter { variable count; constructor {} { set count 0 } }`. In beiden Faellen ist `variable` eine Deklaration, die einen Namen mit dem passenden Scope verknuepft; er weist KEINEN Wert zu, ausser einer wird als zweites Argument uebergeben.",,,,
! (Logical NOT),Operatoren / Operators,"Logical NOT operator; negates boolean value (e.g., `!$flag`).",Logischer NICHT-Operator; negiert booleschen Wert (z.B. `!$flag`).,,,,
& (Bitwise AND),Operatoren / Operators,"Bitwise AND operator; performs AND operation on each bit pair (e.g., `0b1100 & 0b1010` = `0b1000`).",Bitweises UND; führt UND-Operation auf jedem Bitpaar aus (z.B. `0b1100 & 0b1010` = `0b1000`).,,,,
&& (Logical AND),Operatoren / Operators,"Logical AND operator; returns true only if both operands are true (e.g., `$x > 0 && $y < 10`).","Logischer UND-Operator; gibt nur wahr zurück, wenn beide Operanden wahr sind (z.B. `$x > 0 && $y < 10`).",,,,
<< (Left Shift),Operatoren / Operators,"Bitwise left shift operator; shifts bits left, filling with zeros (e.g., `5 << 2` = 20).","Bitweises Links-Verschieben; verschiebt Bits nach links, füllt mit Nullen (z.B. `5 << 2` = 20).",,,,
>> (Right Shift),Operatoren / Operators,"Bitwise right shift operator; shifts bits right (e.g., `20 >> 2` = 5).",Bitweises Rechts-Verschieben; verschiebt Bits nach rechts (z.B. `20 >> 2` = 5).,,,,
^ (Bitwise XOR),Operatoren / Operators,"Bitwise exclusive OR operator; returns 1 when bits differ (e.g., `0b1100 ^ 0b1010` = `0b0110`).","Bitweises exklusives ODER; gibt 1 zurück, wenn Bits unterschiedlich sind (z.B. `0b1100 ^ 0b1010` = `0b0110`).",,,,
| (Bitwise OR),Operatoren / Operators,"Bitwise OR operator; performs OR operation on each bit pair (e.g., `0b1100 | 0b1010` = `0b1110`).",Bitweises ODER; führt ODER-Operation auf jedem Bitpaar aus (z.B. `0b1100 | 0b1010` = `0b1110`).,,,,
|| (Logical OR),Operatoren / Operators,"Logical OR operator; returns true if at least one operand is true (e.g., `$x < 0 || $x > 100`).","Logischer ODER-Operator; gibt wahr zurück, wenn mindestens ein Operand wahr ist (z.B. `$x < 0 || $x > 100`).",,,,
~ (Bitwise NOT),Operatoren / Operators,Bitwise NOT operator; inverts all bits (one's complement).,Bitweises NICHT; invertiert alle Bits (Einerkomplement).,,,,
Priority,Option Database / Ressourcen-Datenbank,"Option database entry precedence level (widgetDefault, startupFile, userDefault, interactive).","Prioritätsstufe des Options-Datenbank-Eintrags (widgetDefault, startupFile, userDefault, interactive).",,,,
Resource Pattern,Option Database / Ressourcen-Datenbank,"Hierarchical pattern for option matching (* for wildcard, . for hierarchy).","Hierarchisches Muster für Options-Abgleich (* für Wildcard, . für Hierarchie).",,,,
Widget Class,Option Database / Ressourcen-Datenbank,"General widget type used in option database (Button, Entry, Text, etc.).","Allgemeiner Widget-Typ, verwendet in Options-Datenbank (Button, Entry, Text, etc.).",,,,
option add,Option Database / Ressourcen-Datenbank,"Add option pattern to resource database (e.g., `option add *Button.background blue`).",Options-Muster zur Ressourcen-Datenbank hinzufügen (z.B. `option add *Button.background blue`).,,,,
option clear,Option Database / Ressourcen-Datenbank,Clear all entries from option database.,Alle Einträge aus Options-Datenbank löschen.,,,,
option get,Option Database / Ressourcen-Datenbank,"Query option value from database for widget (e.g., `option get .button background Button`).",Optionswert aus Datenbank für Widget abfragen (z.B. `option get .button background Button`).,,,,
option readfile,Option Database / Ressourcen-Datenbank,Load options from X11-style resource file.,Optionen aus X11-Stil-Ressourcen-Datei laden.,,,,
Menu Name,OptionMenu-Begriffe / OptionMenu Terms,Pathname of menu widget created by tk_optionMenu for further customization.,Pfadname des von tk_optionMenu erstellten Menü-Widgets für weitere Anpassungen.,,,,
OptionMenu (tk_optionMenu),OptionMenu-Begriffe / OptionMenu Terms,Widget displaying a menubutton with dropdown list of mutually exclusive choices.,"Widget, das einen Menubutton mit Dropdown-Liste sich gegenseitig ausschließender Auswahlmöglichkeiten anzeigt.",,,,
Values,OptionMenu-Begriffe / OptionMenu Terms,List of choices available in OptionMenu dropdown.,Liste der verfügbaren Auswahlmöglichkeiten in OptionMenu-Dropdown.,,,,
14 Standard-PDF-Fonts,PDF in Tcl / PDF in Tcl,"The 14 Type 1 fonts guaranteed by the PDF standard to be available in every viewer without embedding: Helvetica (4 variants: regular, Bold, Oblique, BoldOblique), Times (4 variants: Roman, Bold, Italic, BoldItalic), Courier (4 variants: regular, Bold, Oblique, BoldOblique), Symbol (Greek + math), ZapfDingbats (decorative). Naming gotcha: Helvetica/Courier use `-Oblique`, Times uses `-Italic`.","Die 14 Type-1-Fonts, die der PDF-Standard garantiert in jedem Viewer ohne Einbettung verfuegbar haelt: Helvetica (4 Varianten: regular, Bold, Oblique, BoldOblique), Times (4 Varianten: Roman, Bold, Italic, BoldItalic), Courier (4 Varianten: regular, Bold, Oblique, BoldOblique), Symbol (Griechisch + Mathematik), ZapfDingbats (Schmuckzeichen). Namens-Falle: Helvetica/Courier verwenden `-Oblique`, Times verwendet `-Italic`.",,,,
AcroForm,PDF in Tcl / PDF in Tcl,"Acrobat-Form — Adobe's standard for interactive form fields in PDF documents. Defines field types (text, checkbox, choice, radio, button, signature), positions, default values, and validation. Filled via PDF viewer or programmatically (e.g. with `pdf4tcl`'s `addForm`). The successor standard, XFA, is being deprecated by Adobe in favour of AcroForm.","Acrobat-Form — Adobes Standard fuer interaktive Formularfelder in PDF-Dokumenten. Definiert Feldtypen (Text, Checkbox, Auswahl, Radio, Button, Signatur), Positionen, Default-Werte und Validierung. Wird per PDF-Viewer oder programmatisch (z.B. mit `pdf4tcl`s `addForm`) befuellt. Der Nachfolge-Standard XFA wird von Adobe zugunsten von AcroForm wieder aufgegeben.",,,,
Ascender,PDF in Tcl / PDF in Tcl,"In typography, the part of a lowercase letter that extends above the x-height — for example, the upper stems in ""b"", ""d"", ""h"", ""k"". Relevant in PDF text positioning: with a font size of N points, ascenders reach about 0.75 * N above the baseline. In `pdf4tcl`, the y-coordinate of a `$pdf text` call is the baseline, so the visual top of the text sits roughly `0.75 * fontSize` above that y.","In der Typografie der Teil eines Kleinbuchstabens, der ueber die x-Hoehe hinausragt — z.B. die Aufstriche in ""b"", ""d"", ""h"", ""k"". Relevant fuer PDF-Textpositionierung: bei Schriftgroesse N Points reichen Ascender etwa 0.75 * N ueber die Baseline. In `pdf4tcl` bezeichnet die y-Koordinate eines `$pdf text`-Aufrufs die Baseline; die visuelle Oberkante des Texts liegt also etwa `0.75 * fontSize` darueber.",,,,
CID-Font,PDF in Tcl / PDF in Tcl,"Character Identifier Font — PDF font technology for languages with very large character sets (CJK — Chinese, Japanese, Korean). Maps character IDs to glyphs via a CMap (character map). Required when PDF text contains characters beyond the WinAnsi encoding of the standard fonts. `pdf4tcl` supports CID fonts via its CIDFont extension; setup involves loading a CMap file and registering the font.","Character Identifier Font — PDF-Font-Technologie fuer Sprachen mit sehr grossen Zeichensaetzen (CJK — Chinesisch, Japanisch, Koreanisch). Bildet Character-IDs ueber eine CMap (Character Map) auf Glyphen ab. Erforderlich wenn PDF-Text Zeichen jenseits der WinAnsi-Kodierung der Standard-Fonts enthaelt. `pdf4tcl` unterstuetzt CID-Fonts ueber seine CIDFont-Erweiterung; Setup beinhaltet das Laden einer CMap-Datei und Registrierung des Fonts.",,,,
Descender,PDF in Tcl / PDF in Tcl,"In typography, the part of a lowercase letter that extends below the baseline — for example, the lower stems in ""g"", ""j"", ""p"", ""q"", ""y"". With a font size of N points, descenders reach about 0.25 * N below the baseline. In PDF text-box layouts, descenders must be accounted for to prevent text running into the next row.","In der Typografie der Teil eines Kleinbuchstabens, der unter die Baseline reicht — z.B. die Abstriche in ""g"", ""j"", ""p"", ""q"", ""y"". Bei Schriftgroesse N Points reichen Descender etwa 0.25 * N unter die Baseline. In PDF-Textbox-Layouts muessen Descender beruecksichtigt werden, damit Text nicht in die naechste Zeile rutscht.",,,,
PDF-Encryption,PDF in Tcl / PDF in Tcl,"PDF document encryption via owner-password (full edit rights) and user-password (open + restricted rights, e.g. no copy/print). Variants by algorithm: 40-bit RC4 (PDF 1.3, weak), 128-bit RC4 (PDF 1.4), 128-bit AES (PDF 1.6), 256-bit AES (PDF 1.7+). Lower-strength variants are trivially breakable today; only AES-256 offers serious protection. `pdf4tcl` supports up to 128-bit AES.","PDF-Dokument-Verschluesselung mit Eigentuemer-Passwort (volle Bearbeitungsrechte) und Benutzer-Passwort (oeffnen + eingeschraenkte Rechte, z.B. kein Kopieren/Drucken). Varianten nach Algorithmus: 40-bit RC4 (PDF 1.3, schwach), 128-bit RC4 (PDF 1.4), 128-bit AES (PDF 1.6), 256-bit AES (PDF 1.7+). Schwaechere Varianten sind heute trivial zu brechen; nur AES-256 bietet echten Schutz. `pdf4tcl` unterstuetzt bis 128-bit AES.",,,,
PDF/A,PDF in Tcl / PDF in Tcl,"PDF/Archive — ISO 19005 standard for long-term archival of PDF documents. Restricts the full PDF feature set: requires embedded fonts, prohibits encryption and JavaScript, mandates colour-space declarations. Variants: PDF/A-1 (oldest, strictest), PDF/A-2 (allows JPEG 2000), PDF/A-3 (allows embedded files). Converting an arbitrary PDF to PDF/A typically uses Ghostscript or veraPDF.","PDF/Archive — ISO-19005-Standard fuer Langzeit-Archivierung von PDF-Dokumenten. Schraenkt den vollen PDF-Funktionsumfang ein: erfordert eingebettete Fonts, verbietet Verschluesselung und JavaScript, schreibt Farbraum-Deklarationen vor. Varianten: PDF/A-1 (am aeltesten, am striktesten), PDF/A-2 (erlaubt JPEG 2000), PDF/A-3 (erlaubt eingebettete Dateien). Konvertierung beliebiger PDFs zu PDF/A typischerweise mit Ghostscript oder veraPDF.",,,,
Page Context Pattern,PDF in Tcl / PDF in Tcl,"Design pattern in `pdf4tcllib` for centralizing all page-layout values in one dictionary: page width and height, margins, safe area, orientation. Created via `pdf4tcllib::page::context a4 -margin 20 -orient true`. Keys come in two flavours: descriptive (`page_w`, `top`, `left`) and short (`PW`, `SY`, `SX`). Replaces scattered magic numbers in source code with a single configuration point.","Design-Pattern in `pdf4tcllib` zur Zentralisierung aller Seitenlayout-Werte in einem Dictionary: Seitenbreite und -hoehe, Raender, sichere Flaeche, Orientierung. Erzeugt ueber `pdf4tcllib::page::context a4 -margin 20 -orient true`. Schluessel kommen in zwei Varianten: ausfuehrlich (`page_w`, `top`, `left`) und kurz (`PW`, `SY`, `SX`). Ersetzt verstreute Magic-Numbers im Quellcode durch einen einzigen Konfigurationspunkt.",,,,
Point (pt),PDF in Tcl / PDF in Tcl,"PDF's fundamental unit of length: 1 pt = 1/72 inch ≈ 0.3528 mm. All `pdf4tcl` coordinates and sizes are in points. Standard conversions: A4 = 595.28 * 841.89 pt; 1 cm = 28.346 pt; 1 mm = 2.8346 pt. Helper procs (`mm_to_pt`, `cm_to_pt`) are a common pattern to keep source code in millimetres while the output is in points.","PDFs grundlegende Laengeneinheit: 1 pt = 1/72 Inch ≈ 0.3528 mm. Alle `pdf4tcl`-Koordinaten und -Groessen sind in Points. Standard-Umrechnungen: A4 = 595.28 * 841.89 pt; 1 cm = 28.346 pt; 1 mm = 2.8346 pt. Helper-Prozeduren (`mm_to_pt`, `cm_to_pt`) sind ein uebliches Muster, um Quellcode in Millimetern zu halten waehrend die Ausgabe in Points ist.",,,,
Tk Photo Image,PDF in Tcl / PDF in Tcl,"Tk's in-memory image data type, created with `image create photo`. The native image format consumed by `pdf4tcl`'s `$pdf image` command. Supports PNG, GIF natively; JPEG from Tk 8.6 onwards. To use `pdf4tcl` with images, `package require Tk` is mandatory (the Tk runtime is needed even when no window is displayed). Photo images consume memory and must be released with `image delete` after use.","Tks In-Memory-Bilddatentyp, erzeugt mit `image create photo`. Das native Bild-Format, das `pdf4tcl`s `$pdf image`-Befehl konsumiert. Unterstuetzt PNG, GIF nativ; JPEG ab Tk 8.6. Um `pdf4tcl` mit Bildern zu nutzen, ist `package require Tk` Pflicht (die Tk-Runtime wird gebraucht, auch wenn kein Fenster angezeigt wird). Photo Images verbrauchen Speicher und muessen nach Gebrauch mit `image delete` freigegeben werden.",,,,
WinAnsi,PDF in Tcl / PDF in Tcl,"The character encoding used by the 14 standard PDF fonts (Helvetica, Times, Courier, Symbol, ZapfDingbats). Largely identical to Windows-1252 / CP1252: covers Latin-1 plus a few extras (euro sign, smart quotes). Characters outside WinAnsi (Cyrillic, Greek beyond Symbol, CJK) cannot be rendered by the standard fonts — those need embedded TrueType fonts or a CID-Font.","Die Zeichen-Kodierung der 14 Standard-PDF-Fonts (Helvetica, Times, Courier, Symbol, ZapfDingbats). Weitgehend identisch mit Windows-1252 / CP1252: deckt Latin-1 plus ein paar Extras (Euro-Zeichen, typografische Anfuehrungszeichen) ab. Zeichen ausserhalb von WinAnsi (Kyrillisch, Griechisch jenseits von Symbol, CJK) koennen von den Standard-Fonts nicht dargestellt werden — dafuer braucht es eingebettete TrueType-Fonts oder eine CID-Font.",,,,
drawTextBox,PDF in Tcl / PDF in Tcl,"`pdf4tcl` command for laying out wrapped text inside a rectangular box. Parameters: x, y, width, height, text, optional `-align (left|center|right|justify)`. Calculates the number of lines needed (returnable via `-linesvar`), allows dry-run (`-dryrun 1`) for height pre-calculation. The standard tool for paragraphs longer than a single text line.","`pdf4tcl`-Befehl zum Layouten von umbrochenem Text in einer rechteckigen Box. Parameter: x, y, Breite, Hoehe, Text, optional `-align (left|center|right|justify)`. Berechnet die benoetigte Zeilenzahl (ueber `-linesvar` zurueckholbar), erlaubt Trockenlauf (`-dryrun 1`) fuer Hoehen-Vorberechnung. Das Standardwerkzeug fuer Absaetze laenger als eine Textzeile.",,,,
gsave / grestore,PDF in Tcl / PDF in Tcl,"PDF/PostScript graphics-state operators — `gsave` (save) pushes the current graphics state (transformation matrix, colours, line width, dash pattern, etc.) onto a stack; `grestore` (restore) pops it. Used to scope transformations: any `rotate`/`translate`/`scale` between `gsave` and `grestore` affects only the operations in between. Forgetting `grestore` means subsequent drawing inherits the transformation unexpectedly.","PDF/PostScript-Grafikzustand-Operatoren — `gsave` (save) legt den aktuellen Grafikzustand (Transformationsmatrix, Farben, Linienbreite, Strichmuster usw.) auf einen Stack; `grestore` (restore) holt ihn wieder runter. Dient dazu, Transformationen zu kapseln: `rotate`/`translate`/`scale` zwischen `gsave` und `grestore` wirken nur auf die Operationen dazwischen. Vergessenes `grestore` bedeutet, dass nachfolgende Zeichenoperationen die Transformation ueberraschend erben.",,,,
pdf4tcllib,PDF in Tcl / PDF in Tcl,"Tcl module that extends `pdf4tcl` with Unicode-safe text, automatic emoji fallbacks (e.g. heart → `<3`), the Page Context Pattern, paragraph wrapping (`text::writeParagraph`), and high-level tables (`table::simpleTable`, `table::render`). Packaged as a single .tm file (~2700 lines, v0.1.1). Used internally by `mdpdf` and `mdhelp_pdf`. The standard companion library on top of `pdf4tcl`'s low-level core.","Tcl-Modul, das `pdf4tcl` um Unicode-sicheren Text, automatische Emoji-Fallbacks (z.B. Herz → `<3`), das Page Context Pattern, Absatz-Umbruch (`text::writeParagraph`) und High-Level-Tabellen (`table::simpleTable`, `table::render`) erweitert. Verpackt als einzelne .tm-Datei (~2700 Zeilen, v0.1.1). Wird intern von `mdpdf` und `mdhelp_pdf` genutzt. Die Standard-Begleitbibliothek auf Basis von `pdf4tcl`s Low-Level-Core.",,,,
pdfdoclib,PDF in Tcl / PDF in Tcl,"Higher-level PDF abstraction library on top of `pdf4tcl`. Provides document-style primitives — DIN letters, styled paragraphs, page layouts — instead of raw `text`/`line`/`rectangle` calls. Current version 0.4. Useful when generating PDFs that follow a consistent document style (letters, reports, invoices) rather than ad-hoc layouts.","Hoehere PDF-Abstraktionsschicht auf Basis von `pdf4tcl`. Bietet Dokument-Primitive — DIN-Briefe, formatierte Absaetze, Seitenlayouts — statt roher `text`/`line`/`rectangle`-Aufrufe. Aktuelle Version 0.4. Nuetzlich beim Erzeugen von PDFs, die einem konsistenten Dokumentstil folgen (Briefe, Reports, Rechnungen), statt Ad-Hoc-Layouts.",,,,
pdfgrid,PDF in Tcl / PDF in Tcl,"Table-rendering library on top of `pdf4tcl`. Adds features the raw `pdf4tcl` core does not have: per-column widths and alignments, row striping, header styling, automatic sum/subtotal rows, conditional formatting (colour by value). Current version 0.3.6. Use when generating invoices, balance sheets, structured-data exports.","Tabellen-Render-Bibliothek auf Basis von `pdf4tcl`. Fuegt Features hinzu die der reine `pdf4tcl`-Core nicht hat: spaltenweise Breiten und Ausrichtungen, Zeilen-Streifen, Header-Styling, automatische Summen-/Zwischensummen-Zeilen, Conditional Formatting (Farbe nach Wert). Aktuelle Version 0.3.6. Verwendet beim Erzeugen von Rechnungen, Bilanzen, strukturierten Daten-Exporten.",,,,
pdftextboxlib,PDF in Tcl / PDF in Tcl,"Extended TextBox library on top of `pdf4tcl`. Goes beyond the built-in `drawTextBox` with inline formatting options: bold/italic spans within a paragraph, inline colour changes, mixed-font segments, hyperlinks. Current version 1.0. Use when paragraph text needs richer formatting than a single font/colour per call.","Erweiterte TextBox-Bibliothek auf Basis von `pdf4tcl`. Geht ueber das eingebaute `drawTextBox` hinaus mit Inline-Formatierungsoptionen: Fett/Kursiv-Spans innerhalb eines Absatzes, Inline-Farbwechsel, gemischte Font-Segmente, Hyperlinks. Aktuelle Version 1.0. Verwendet wenn Absatztext reichere Formatierung braucht als ein einzelner Font/eine einzelne Farbe pro Aufruf.",,,,
startPage / endPage,PDF in Tcl / PDF in Tcl,"`pdf4tcl` commands for the page lifecycle: `$pdf startPage` begins a new page; `$pdf endPage` finalizes it. Each page in a multi-page document must be explicitly bracketed. Drawing operations outside a page (before `startPage` or after `endPage`) produce errors. The last page must be `endPage`d before `write` is called, otherwise it is missing or corrupt in the output PDF.","`pdf4tcl`-Befehle fuer den Seitenlebenszyklus: `$pdf startPage` beginnt eine neue Seite; `$pdf endPage` schliesst sie ab. Jede Seite eines mehrseitigen Dokuments muss explizit geklammert werden. Zeichenoperationen ausserhalb einer Seite (vor `startPage` oder nach `endPage`) produzieren Fehler. Die letzte Seite muss `endPage` gerufen werden bevor `write` aufgerufen wird, sonst fehlt sie oder ist defekt im Ausgabe-PDF.",,,,
Anchor,Positionierung und Anker / Positioning and Anchors,"Specifies which part of a widget or element is positioned at the given coordinates (e.g., `n`, `s`, `e`, `w`, `center`).","Gibt an, welcher Teil eines Widgets oder Elements an den gegebenen Koordinaten positioniert wird (z.B. `n`, `s`, `e`, `w`, `center`).",,,,
Center,Positionierung und Anker / Positioning and Anchors,Center anchor point; positions the center of an element at the specified location.,Mittlerer Ankerpunkt; positioniert die Mitte eines Elements an der angegebenen Stelle.,,,,
East (e),Positionierung und Anker / Positioning and Anchors,Right center anchor point; positions the right edge of an element at the specified location.,Rechter mittlerer Ankerpunkt; positioniert die rechte Kante eines Elements an der angegebenen Stelle.,,,,
North (n),Positionierung und Anker / Positioning and Anchors,Top center anchor point; positions the top edge of an element at the specified location.,Oberer mittlerer Ankerpunkt; positioniert die obere Kante eines Elements an der angegebenen Stelle.,,,,
Northeast (ne),Positionierung und Anker / Positioning and Anchors,Top-right corner anchor point.,Oberer rechter Ecken-Ankerpunkt.,,,,
Northwest (nw),Positionierung und Anker / Positioning and Anchors,Top-left corner anchor point; often used as the default anchor position.,Oberer linker Ecken-Ankerpunkt; wird oft als Standard-Ankerposition verwendet.,,,,
South (s),Positionierung und Anker / Positioning and Anchors,Bottom center anchor point; positions the bottom edge of an element at the specified location.,Unterer mittlerer Ankerpunkt; positioniert die untere Kante eines Elements an der angegebenen Stelle.,,,,
Southeast (se),Positionierung und Anker / Positioning and Anchors,Bottom-right corner anchor point.,Unterer rechter Ecken-Ankerpunkt.,,,,
Southwest (sw),Positionierung und Anker / Positioning and Anchors,Bottom-left corner anchor point.,Unterer linker Ecken-Ankerpunkt.,,,,
West (w),Positionierung und Anker / Positioning and Anchors,Left center anchor point; positions the left edge of an element at the specified location.,Linker mittlerer Ankerpunkt; positioniert die linke Kante eines Elements an der angegebenen Stelle.,,,,
Auto_execok,Prozess-Management / Process Management,Check if command is executable and return full path; used internally by exec.,"Prüfen, ob Befehl ausführbar ist und vollständigen Pfad zurückgeben; intern von exec verwendet.",,,,
Background Execution,Prozess-Management / Process Management,"Run command in background by appending `&` in exec (e.g., `exec command &`).",Befehl im Hintergrund ausführen durch Anhängen von `&` in exec (z.B. `exec command &`).,,,,
Exit,Prozess-Management / Process Management,"Terminate Tcl script with optional exit code (e.g., `exit 0`).",Tcl-Skript mit optionalem Exit-Code beenden (z.B. `exit 0`).,,,,
Exit Code,Prozess-Management / Process Management,Numeric value returned by process indicating success (0) or error (non-zero).,"Numerischer Wert, den Prozess zurückgibt und Erfolg (0) oder Fehler (nicht-null) anzeigt.",,,,
Load,Prozess-Management / Process Management,"Load compiled extension (shared library) into interpreter (e.g., `load libname.so`).",Kompilierte Erweiterung (Shared Library) in Interpreter laden (z.B. `load libname.so`).,,,,
Pipeline,Prozess-Management / Process Management,"Chain of commands where output of one becomes input of next (e.g., `exec cat file | grep pattern`).","Kette von Befehlen, bei der Ausgabe eines zum Eingang des nächsten wird (z.B. `exec cat file | grep pattern`).",,,,
Redirection,Prozess-Management / Process Management,"Redirect command input/output to files using `<`, `>`, `>>`, `2>` in exec.","Befehl Ein-/Ausgabe zu Dateien umleiten mit `<`, `>`, `>>`, `2>` in exec.",,,,
STDIN/STDOUT/STDERR Redirection,Prozess-Management / Process Management,"Control standard streams in exec: `<@stdin`, `>@stdout`, `2>@stderr`.","Standard-Streams in exec steuern: `<@stdin`, `>@stdout`, `2>@stderr`.",,,,
Source,Prozess-Management / Process Management,"Execute Tcl script from file in current interpreter (e.g., `source script.tcl`).",Tcl-Skript aus Datei im aktuellen Interpreter ausführen (z.B. `source script.tcl`).,,,,
env Array,Prozess-Management / Process Management,"Global array containing environment variables (e.g., `$env(PATH)`, `$env(HOME)`).","Globales Array mit Umgebungsvariablen (z.B. `$env(PATH)`, `$env(HOME)`).",,,,
exec,Prozess-Management / Process Management,"Execute external command and return output (e.g., `exec ls -l`); blocks until command completes.",Externen Befehl ausführen und Ausgabe zurückgeben (z.B. `exec ls -l`); blockiert bis Befehl abgeschlossen ist.,,,,
"open ""|command""",Prozess-Management / Process Management,"Open pipe to external command for input/output communication (e.g., `open ""|grep pattern"" r`).","Pipe zu externem Befehl öffnen für Ein-/Ausgabe-Kommunikation (z.B. `open ""|grep pattern"" r`).",,,,
pid,Prozess-Management / Process Management,"Return process ID of Tcl interpreter or channel process (e.g., `pid` or `pid $channel`).",Prozess-ID des Tcl-Interpreters oder Kanal-Prozesses zurückgeben (z.B. `pid` oder `pid $channel`).,,,,
Child Process,Prozess-Verwaltung / Process Management,"Process created by current process; typically created with `exec` or `open ""|command""` in Tcl.","Prozess erstellt von aktuellem Prozess; typischerweise erstellt mit `exec` oder `open ""|command""` in Tcl.",,,,
Daemon Process,Prozess-Verwaltung / Process Management,Background process running without terminal; often started at boot; common in Unix/Linux systems.,Hintergrund-Prozess ohne Terminal; oft beim Booten gestartet; häufig in Unix/Linux-Systemen.,,,,
Parent Process,Prozess-Verwaltung / Process Management,"Process that created current process; in Tcl, often shell or tclsh that launched script.","Prozess, der aktuellen Prozess erstellt hat; in Tcl oft Shell oder tclsh, das Skript gestartet hat.",,,,
Process ID (PID),Prozess-Verwaltung / Process Management,"Unique numeric identifier assigned by operating system to running process; used for process management, signaling, monitoring.","Eindeutige numerische Kennung vom Betriebssystem zugewiesen an laufenden Prozess; verwendet für Prozess-Verwaltung, Signalisierung, Überwachung.",,,,
Process Table,Prozess-Verwaltung / Process Management,"Operating system data structure tracking all running processes with PIDs, state, resource usage.","Betriebssystem-Datenstruktur, die alle laufenden Prozesse mit PIDs, Zustand, Ressourcen-Nutzung verfolgt.",,,,
Zombie Process,Prozess-Verwaltung / Process Management,Terminated process whose exit status hasn't been collected by parent; shows in process table until parent calls wait.,"Beendeter Prozess, dessen Exit-Status nicht vom Eltern gesammelt wurde; erscheint in Prozesstabelle bis Eltern wait aufruft.",,,,
API Token,REST API-Bibliothek / REST API Library,"Authentication token for REST API access, typically in header or query parameter.","Authentifizierungs-Token für REST-API-Zugriff, typischerweise in Header oder Query-Parameter.",,,,
Authorization Header,REST API-Bibliothek / REST API Library,"HTTP header containing credentials for API authentication (Bearer token, Basic auth, etc.).","HTTP-Header mit Zugangsdaten für API-Authentifizierung (Bearer-Token, Basic-Auth, etc.).",,,,
Content-Type,REST API-Bibliothek / REST API Library,"HTTP header specifying format of request/response body (application/json, text/xml, etc.).","HTTP-Header, der Format des Anfrage-/Antwort-Bodys spezifiziert (application/json, text/xml, etc.).",,,,
REST Endpoint,REST API-Bibliothek / REST API Library,URL path representing specific resource or operation in REST API.,"URL-Pfad, der spezifische Ressource oder Operation in REST-API repräsentiert.",,,,
rest,REST API-Bibliothek / REST API Library,"Tcllib module for creating REST API clients (e.g., `package require rest`).",Tcllib-Modul zum Erstellen von REST-API-Clients (z.B. `package require rest`).,,,,
rest::create_interface,REST API-Bibliothek / REST API Library,"Define REST API interface with endpoints and parameters (e.g., `rest::create_interface myapi {...}`).",REST-API-Schnittstelle mit Endpunkten und Parametern definieren (z.B. `rest::create_interface myapi {...}`).,,,,
rest::delete,REST API-Bibliothek / REST API Library,Make HTTP DELETE request to remove resource at REST endpoint.,HTTP-DELETE-Anfrage zum Entfernen von Ressource an REST-Endpunkt stellen.,,,,
rest::format_auto,REST API-Bibliothek / REST API Library,"Automatically detect and format request/response data (JSON, XML, etc.).","Anfrage-/Antwort-Daten automatisch erkennen und formatieren (JSON, XML, etc.).",,,,
rest::get,REST API-Bibliothek / REST API Library,"Make HTTP GET request to REST endpoint (e.g., `rest::get $url -query {param value}`).",HTTP-GET-Anfrage an REST-Endpunkt stellen (z.B. `rest::get $url -query {param value}`).,,,,
rest::parameters,REST API-Bibliothek / REST API Library,Define expected parameters for REST API endpoint with validation.,Erwartete Parameter für REST-API-Endpunkt mit Validierung definieren.,,,,
rest::parse_opts,REST API-Bibliothek / REST API Library,Parse and validate REST API call options and parameters.,REST-API-Aufruf-Optionen und Parameter parsen und validieren.,,,,
rest::patch,REST API-Bibliothek / REST API Library,Make HTTP PATCH request to partially update resource.,HTTP-PATCH-Anfrage zum teilweisen Aktualisieren von Ressource stellen.,,,,
rest::post,REST API-Bibliothek / REST API Library,"Make HTTP POST request with data to REST endpoint (e.g., `rest::post $url -data $jsonData`).",HTTP-POST-Anfrage mit Daten an REST-Endpunkt stellen (z.B. `rest::post $url -data $jsonData`).,,,,
rest::put,REST API-Bibliothek / REST API Library,Make HTTP PUT request to update resource at REST endpoint.,HTTP-PUT-Anfrage zum Aktualisieren von Ressource an REST-Endpunkt stellen.,,,,
$ (Dollar),Regular Expressions / Reguläre Ausdrücke,Regex anchor matching end of string or line.,"Regex-Anker, der Ende von String oder Zeile trifft.",,,,
( ) (Capture Group),Regular Expressions / Reguläre Ausdrücke,Regex grouping for capturing matched substrings; accessed via matchVar in regexp.,Regex-Gruppierung zum Erfassen übereinstimmender Teilstrings; Zugriff über matchVar in regexp.,,,,
(?:...) (Non-capturing Group),Regular Expressions / Reguläre Ausdrücke,Regex group without capturing matched substring.,Regex-Gruppe ohne Erfassen des übereinstimmenden Teilstrings.,,,,
+ (Plus),Regular Expressions / Reguläre Ausdrücke,Regex quantifier matching one or more occurrences of preceding element.,"Regex-Quantifizierer, der ein oder mehr Vorkommen des vorhergehenden Elements trifft.",,,,
-all,Regular Expressions / Reguläre Ausdrücke,Regsub option to replace all occurrences instead of just first.,Regsub-Option zum Ersetzen aller Vorkommen statt nur des ersten.,,,,
-indices,Regular Expressions / Reguläre Ausdrücke,Regexp option returning indices of matches instead of matched strings.,"Regexp-Option, die Indizes von Treffern statt übereinstimmende Strings zurückgibt.",,,,
-inline,Regular Expressions / Reguläre Ausdrücke,Regexp option returning list of all matched substrings.,"Regexp-Option, die Liste aller übereinstimmenden Teilstrings zurückgibt.",,,,
-nocase,Regular Expressions / Reguläre Ausdrücke,Regexp option for case-insensitive matching.,Regexp-Option für groß-/kleinschreibungs-unabhängiges Matching.,,,,
. (Dot),Regular Expressions / Reguläre Ausdrücke,Regex wildcard matching any single character except newline.,"Regex-Wildcard, die jedes einzelne Zeichen außer Zeilenumbruch trifft.",,,,
? (Question Mark),Regular Expressions / Reguläre Ausdrücke,Regex quantifier matching zero or one occurrence of preceding element (optional).,"Regex-Quantifizierer, der null oder ein Vorkommen des vorhergehenden Elements trifft (optional).",,,,
Backslash Escape,Regular Expressions / Reguläre Ausdrücke,"Escape special regex characters to match them literally (e.g., `\.` matches literal dot).","Spezielle Regex-Zeichen maskieren, um sie buchstäblich zu treffen (z.B. `\.` trifft buchstäblichen Punkt).",,,,
Greedy / Non-greedy,Regular Expressions / Reguläre Ausdrücke,"Quantifier behavior: greedy matches maximum possible, non-greedy (with `?`) matches minimum (e.g., `.*?`).","Quantifizierer-Verhalten: Greedy trifft Maximum möglich, Non-greedy (mit `?`) trifft Minimum (z.B. `.*?`).",,,,
[ ] (Character Class),Regular Expressions / Reguläre Ausdrücke,"Regex character set matching any single character within brackets (e.g., `[abc]`, `[0-9]`, `[a-zA-Z]`).","Regex-Zeichensatz, der jedes einzelne Zeichen innerhalb der Klammern trifft (z.B. `[abc]`, `[0-9]`, `[a-zA-Z]`).",,,,
[^ ] (Negated Character Class),Regular Expressions / Reguläre Ausdrücke,"Regex character set matching any character NOT in brackets (e.g., `[^0-9]` matches non-digits).","Regex-Zeichensatz, der jedes Zeichen trifft, das NICHT in Klammern ist (z.B. `[^0-9]` trifft Nicht-Ziffern).",,,,
\* (Asterisk),Regular Expressions / Reguläre Ausdrücke,Regex quantifier matching zero or more occurrences of preceding element.,"Regex-Quantifizierer, der null oder mehr Vorkommen des vorhergehenden Elements trifft.",,,,
\b (Word Boundary),Regular Expressions / Reguläre Ausdrücke,Regex anchor matching position between word and non-word character.,"Regex-Anker, der Position zwischen Wort- und Nicht-Wort-Zeichen trifft.",,,,
\d \D,Regular Expressions / Reguläre Ausdrücke,"Regex shortcuts: `\d` matches digit [0-9], `\D` matches non-digit.","Regex-Abkürzungen: `\d` trifft Ziffer [0-9], `\D` trifft Nicht-Ziffer.",,,,
\s \S,Regular Expressions / Reguläre Ausdrücke,"Regex shortcuts: `\s` matches whitespace (space, tab, newline), `\S` matches non-whitespace.","Regex-Abkürzungen: `\s` trifft Leerzeichen (Space, Tab, Zeilenumbruch), `\S` trifft Nicht-Leerzeichen.",,,,
\w \W,Regular Expressions / Reguläre Ausdrücke,"Regex shortcuts: `\w` matches word character [a-zA-Z0-9_], `\W` matches non-word character.","Regex-Abkürzungen: `\w` trifft Wortzeichen [a-zA-Z0-9_], `\W` trifft Nicht-Wortzeichen.",,,,
^ (Caret),Regular Expressions / Reguläre Ausdrücke,Regex anchor matching start of string or line.,"Regex-Anker, der Anfang von String oder Zeile trifft.",,,,
regexp,Regular Expressions / Reguläre Ausdrücke,"Match string against regular expression pattern; returns 1 if match found, 0 otherwise (e.g., `regexp {pattern} $string`).","String gegen regulären Ausdruck-Muster abgleichen; gibt 1 zurück bei Treffer, 0 sonst (z.B. `regexp {pattern} $string`).",,,,
regexp -indices,Regular Expressions / Reguläre Ausdrücke,"regexp option that writes index pairs {first last} into result variables instead of substring values. Syntax: regexp -indices ?-options? pattern string ?matchVar? ?subVar...?. Useful when you need to do further string operations using the positions (e.g. for replacement, slicing).","regexp-Option die Index-Paare {erster letzter} in die Resultat-Variablen schreibt statt der Substring-Werte. Syntax: regexp -indices ?-options? pattern string ?matchVar? ?subVar...?. Hilfreich wenn weitere String-Operationen mit den Positionen folgen (Ersetzung, Slicing).",,,,
regexp -inline,Regular Expressions / Reguläre Ausdrücke,"regexp option that returns the captured submatches as a list, instead of writing them into variables. Syntax: regexp -inline ?-options? pattern string. Returns: {full_match group1 group2 ...} or empty list if no match. Combined with -all: returns all matches concatenated. Cleaner than match-vars for inline use.","regexp-Option die die Capture-Subgruppen als Liste liefert, statt sie in Variablen zu schreiben. Syntax: regexp -inline ?-options? pattern string. Liefert: {full_match gruppe1 gruppe2 ...} oder leere Liste bei kein Treffer. Mit -all: liefert alle Matches konkateniert. Sauberer als Match-Variablen bei Inline-Nutzung.",,,,
regexp -line,Regular Expressions / Reguläre Ausdrücke,regexp option that enables newline-sensitive matching. Syntax: regexp -line ?-options? pattern string. Equivalent to combining -lineanchor (^ and $ match line boundaries) and -linestop (dot does not match newline). Standard mode for line-oriented patterns.,regexp-Option die Newline-sensitives Matching aktiviert. Syntax: regexp -line ?-options? pattern string. Entspricht -lineanchor (^ und $ matchen Zeilengrenzen) und -linestop (Punkt matcht keine Newline) kombiniert. Standardmodus fuer zeilen-orientierte Patterns.,,,,
regexp -nocase,Regular Expressions / Reguläre Ausdrücke,"regexp option for case-insensitive matching. Syntax: regexp -nocase ?-options? pattern string ?matchVar? ?subVar...?. ASCII-only case folding (does not handle locale-specific case rules). Combined with other options like -inline, -all, -indices.","regexp-Option fuer case-insensitive Matching. Syntax: regexp -nocase ?-options? pattern string ?matchVar? ?subVar...?. ASCII-Case-Folding (keine locale-spezifischen Case-Regeln). Mit anderen Optionen kombinierbar wie -inline, -all, -indices.",,,,
regsub,Regular Expressions / Reguläre Ausdrücke,"Substitute matched pattern in string with replacement (e.g., `regsub {old} $string ""new"" result`).","Gefundenes Muster im String durch Ersetzung substituieren (z.B. `regsub {old} $string ""new"" result`).",,,,
regsub -all,Regular Expressions / Reguläre Ausdrücke,"regsub option that replaces all occurrences instead of just the first. Syntax: regsub -all ?-options? pattern string subSpec ?varName?. With varName: writes result into the variable, returns count of replacements. Without: returns the result string. Substitution back-references: \\1, \\2, ..., \\& for full match.","regsub-Option die alle Treffer ersetzt statt nur den ersten. Syntax: regsub -all ?-options? pattern string subSpec ?varName?. Mit varName: schreibt das Resultat in die Variable, liefert die Anzahl Ersetzungen. Ohne: liefert den Resultat-String. Substitutions-Backreferences: \\1, \\2, ..., \\& fuer den gesamten Match.",,,,
regsub -command,Regular Expressions / Reguläre Ausdrücke,A `regsub` option (Tcl 8.6+) that runs a Tcl command for each match instead of using a static replacement template. The command receives the matched string and any submatches as arguments; its result becomes the replacement text. Enables transformations not expressible with `\1`..`\9` backreferences.,"Eine `regsub`-Option (Tcl 8.6+), die für jeden Treffer ein Tcl-Kommando ausführt statt einer statischen Ersatzvorlage. Das Kommando bekommt den Treffer-String und alle Untertreffer als Argumente; sein Ergebnis ist der Ersatztext. Erlaubt Transformationen, die mit `\1`..`\9`-Backreferences nicht ausdrückbar sind.","```tcl
# Uppercase every word
regsub -all -command {\w+} ""hello world"" {apply {{s} {string toupper $s}}}
# => HELLO WORLD

# Hex-encode each codepoint > 127
regsub -all -command {[^\x00-\x7f]} ""Café"" {apply {{c} {
    format ""\\u%04X"" [scan $c %c]
}}}
# => Caf\u00E9",,"regsub, regexp, apply, lambda",regsub(n)
"{n} {n,} {n,m}",Regular Expressions / Reguläre Ausdrücke,"Regex quantifiers for exact, minimum, or range of repetitions (e.g., `{3}`, `{2,}`, `{2,5}`).","Regex-Quantifizierer für exakte, minimale oder Bereich von Wiederholungen (z.B. `{3}`, `{2,}`, `{2,5}`).",,,,
| (Alternation),Regular Expressions / Reguläre Ausdrücke,"Regex OR operator matching left or right pattern (e.g., `cat|dog`).","Regex-ODER-Operator, der linkes oder rechtes Muster trifft (z.B. `cat|dog`).",,,,
Garbage Collection (Tcl),Runtime und Speicher / Runtime and Memory,Automatic memory management using reference counting; Tcl_Obj freed when reference count reaches zero; no mark-and-sweep like Java/Python; deterministic cleanup; circular references possible but rare.,Automatische Speicherverwaltung mit Reference Counting; Tcl_Obj freigegeben wenn Reference Count null erreicht; kein Mark-and-Sweep wie Java/Python; deterministische Bereinigung; zirkuläre Referenzen möglich aber selten.,,,,
Heap,Runtime und Speicher / Runtime and Memory,Memory region for dynamic allocation; Tcl objects allocated on heap; managed by Tcl memory allocator; grows as needed; distinct from stack (used for procedure calls).,Speicher-Region für dynamische Allokation; Tcl-Objekte allokiert auf Heap; verwaltet von Tcl-Memory-Allocator; wächst bei Bedarf; unterschiedlich von Stack (verwendet für Prozedur-Aufrufe).,,,,
Memory / Speicher,Runtime und Speicher / Runtime and Memory,RAM used by Tcl interpreter and application; Tcl manages automatically with garbage collection; variables stored as Tcl_Obj with reference counting; memory leaks rare due to automatic management; monitor with `memory` command (if compiled with memory debugging).,RAM verwendet von Tcl-Interpreter und Anwendung; Tcl verwaltet automatisch mit Garbage Collection; Variablen gespeichert als Tcl_Obj mit Reference Counting; Memory Leaks selten durch automatische Verwaltung; überwachen mit `memory`-Befehl (wenn mit Memory-Debugging kompiliert).,,,,
Memory Leak,Runtime und Speicher / Runtime and Memory,Situation where allocated memory not released; rare in Tcl due to automatic management; possible with C extensions if not properly coded; debug with `memory` command or valgrind.,"Situation, wo allokierter Speicher nicht freigegeben wird; selten in Tcl durch automatische Verwaltung; möglich mit C-Extensions wenn nicht richtig codiert; Debugging mit `memory`-Befehl oder valgrind.",,,,
Reference Counting,Runtime und Speicher / Runtime and Memory,"Memory management technique; each Tcl_Obj has counter tracking references; increment on assignment, decrement on unset; object freed when count reaches zero; efficient and predictable.","Speicherverwaltungs-Technik; jedes Tcl_Obj hat Zähler, der Referenzen verfolgt; Inkrement bei Zuweisung, Dekrement bei Unset; Objekt freigegeben wenn Zähler null erreicht; effizient und vorhersagbar.",,,,
Runtime,Runtime und Speicher / Runtime and Memory,"Execution environment for Tcl programs; includes interpreter, libraries, and system resources; tclsh (console) or wish (GUI) runtimes; can be embedded in applications; manages memory, bytecode compilation, event loop.","Ausführungsumgebung für Tcl-Programme; umfasst Interpreter, Bibliotheken und System-Ressourcen; tclsh (Konsole) oder wish (GUI) Laufzeiten; kann in Anwendungen eingebettet werden; verwaltet Speicher, Bytecode-Kompilierung, Event-Loop.",,,,
Stack Overflow,Runtime und Speicher / Runtime and Memory,"Error when call stack exceeds limit; caused by deep recursion or infinite recursion; Tcl detects and reports error; fix: use iteration, tail recursion (`tailcall`), or increase stack size.","Fehler wenn Call-Stack Limit überschreitet; verursacht durch tiefe Rekursion oder unendliche Rekursion; Tcl erkennt und meldet Fehler; Lösung: Iteration verwenden, Tail-Rekursion (`tailcall`) oder Stack-Größe erhöhen.",,,,
memory command,Runtime und Speicher / Runtime and Memory,"Debug command for memory usage information (requires Tcl compiled with memory debugging); subcommands: `memory info` (statistics), `memory active` (list active allocations), `memory validate` (check integrity); not available in standard Tcl builds.","Debug-Befehl für Speichernutzungs-Informationen (erfordert Tcl kompiliert mit Memory-Debugging); Unterbefehle: `memory info` (Statistiken), `memory active` (aktive Allokationen auflisten), `memory validate` (Integrität prüfen); nicht verfügbar in Standard-Tcl-Builds.",,,,
tclsh,Runtime und Speicher / Runtime and Memory,Tcl shell; console-based Tcl interpreter runtime; no GUI support; runs Tcl scripts from files or interactively; command: `tclsh script.tcl` or `tclsh` for interactive shell.,Tcl-Shell; konsolenbasierte Tcl-Interpreter-Laufzeit; keine GUI-Unterstützung; führt Tcl-Skripte aus Dateien oder interaktiv aus; Befehl: `tclsh script.tcl` oder `tclsh` für interaktive Shell.,,,,
wish,Runtime und Speicher / Runtime and Memory,Windowing shell; Tcl/Tk interpreter with GUI support; runtime for Tk applications; includes complete Tcl interpreter plus Tk widgets; command: `wish script.tcl` or `wish` for interactive GUI shell.,Windowing-Shell; Tcl/Tk-Interpreter mit GUI-Unterstützung; Laufzeit für Tk-Anwendungen; enthält vollständigen Tcl-Interpreter plus Tk-Widgets; Befehl: `wish script.tcl` oder `wish` für interaktive GUI-Shell.,,,,
safe::interpAddToAccessPath,Safe Interpreter / Safe-Interpreter,"Add a directory to a safe interpreter's accessible file paths. Syntax: safe::interpAddToAccessPath slave directory. Returns a virtual token like $1/. The slave can read files there (via source, open) but does not see the real host path. Part of the safe:: high-level API on top of low-level interp commands.","Fuegt ein Verzeichnis den zugreifbaren Pfaden eines Safe-Interpreters hinzu. Syntax: safe::interpAddToAccessPath slave directory. Liefert ein virtuelles Token wie $1/. Der Slave kann dort Dateien lesen (per source, open), sieht aber nicht den echten Host-Pfad. Teil der safe::-Hi-Level-API ueber den Low-Level-interp-Befehlen.",,,,
safe::interpConfigure,Safe Interpreter / Safe-Interpreter,"Get or set configuration options of a safe interpreter. Syntax: safe::interpConfigure slave ?option? ?value? ... Options: -accessPath, -statics, -nested, -deleteHook. Without option: returns full configuration. Used to inspect or change limits after creation.","Liefert oder setzt Konfigurationsoptionen eines Safe-Interpreters. Syntax: safe::interpConfigure slave ?option? ?value? ... Optionen: -accessPath, -statics, -nested, -deleteHook. Ohne Option: liefert die volle Konfiguration. Verwendet zur Inspektion oder Aenderung von Limits nach Erstellung.",,,,
safe::interpDelete,Safe Interpreter / Safe-Interpreter,Delete a safe interpreter and run its delete hook. Syntax: safe::interpDelete slave. Equivalent to interp delete plus the cleanup the safe:: API installed. Preferred over plain interp delete for safe interpreters.,Loescht einen Safe-Interpreter und fuehrt seinen Delete-Hook aus. Syntax: safe::interpDelete slave. Entspricht interp delete plus dem Cleanup den die safe::-API installiert hat. Bevorzugt gegenueber reinem interp delete bei Safe-Interpretern.,,,,
safe::loadTk,Safe Interpreter / Safe-Interpreter,"Load Tk into a safe interpreter in a restricted form. Syntax: safe::loadTk slave ?-use windowPath?. Loaded Tk is constrained: no native menus, no system dialogs that touch the filesystem, no global resource access. Allows GUI in untrusted code with limited damage potential.","Laedt Tk in einen Safe-Interpreter in eingeschraenkter Form. Syntax: safe::loadTk slave ?-use windowPath?. Geladenes Tk ist eingeschraenkt: keine nativen Menues, keine System-Dialoge die das Dateisystem beruehren, kein globaler Ressourcen-Zugriff. Erlaubt GUI in unvertrauten Code mit begrenztem Schadenpotenzial.",,,,
Activate,Scrollbar-Begriffe / Scrollbar Terms,"Highlight a scrollbar element (arrow1, arrow2, slider).","Ein Scrollbar-Element hervorheben (arrow1, arrow2, slider).",,,,
Arrow1 / Arrow2,Scrollbar-Begriffe / Scrollbar Terms,Scrollbar arrow buttons at top/left and bottom/right for incremental scrolling.,Scrollbar-Pfeil-Buttons oben/links und unten/rechts für inkrementelles Scrollen.,,,,
Delta,Scrollbar-Begriffe / Scrollbar Terms,Convert pixel motion to fraction of scrollbar movement.,Pixelbewegung in Bruchteil der Scrollbar-Bewegung umwandeln.,,,,
Fraction,Scrollbar-Begriffe / Scrollbar Terms,Convert pixel coordinate to scrollbar fraction value (0.0 to 1.0).,Pixelkoordinate in Scrollbar-Bruchteilwert umwandeln (0.0 bis 1.0).,,,,
Get,Scrollbar-Begriffe / Scrollbar Terms,Retrieve current scrollbar position and size values.,Aktuelle Scrollbar-Position und Größenwerte abrufen.,,,,
Identify,Scrollbar-Begriffe / Scrollbar Terms,Determine which scrollbar element is at given coordinates.,"Bestimmen, welches Scrollbar-Element sich an gegebenen Koordinaten befindet.",,,,
Jump,Scrollbar-Begriffe / Scrollbar Terms,Scrollbar mode where view updates only when slider is released (not during drag).,"Scrollbar-Modus, bei dem Ansicht nur aktualisiert wird, wenn Slider losgelassen wird (nicht während Ziehen).",,,,
Orient,Scrollbar-Begriffe / Scrollbar Terms,Scrollbar orientation: `vertical` (default) or `horizontal`.,Scrollbar-Ausrichtung: `vertical` (Standard) oder `horizontal`.,,,,
Scrollbar,Scrollbar-Begriffe / Scrollbar Terms,Widget for scrolling through content that exceeds visible area; can be vertical or horizontal.,"Widget zum Scrollen durch Inhalt, der den sichtbaren Bereich überschreitet; kann vertikal oder horizontal sein.",,,,
Scrollcommand,Scrollbar-Begriffe / Scrollbar Terms,"Command linking scrollbar to scrollable widget (e.g., `-yscrollcommand`).","Befehl, der Scrollbar mit scrollbarem Widget verknüpft (z.B. `-yscrollcommand`).",,,,
Set,Scrollbar-Begriffe / Scrollbar Terms,Configure scrollbar position and size based on visible portion (called by scrolled widget).,Scrollbar-Position und -Größe basierend auf sichtbarem Bereich konfigurieren (von gescrolltem Widget aufgerufen).,,,,
Slider,Scrollbar-Begriffe / Scrollbar Terms,The movable part of scrollbar indicating current view position.,"Der bewegliche Teil der Scrollbar, der die aktuelle Ansichtsposition anzeigt.",,,,
Trough,Scrollbar-Begriffe / Scrollbar Terms,The background track area of scrollbar where slider moves.,"Der Hintergrund-Track-Bereich der Scrollbar, in dem sich der Slider bewegt.",,,,
Xscrollcommand / Yscrollcommand,Scrollbar-Begriffe / Scrollbar Terms,Options connecting widget's horizontal/vertical scrolling to scrollbar.,"Optionen, die horizontales/vertikales Scrollen des Widgets mit Scrollbar verbinden.",,,,
Shebang (#!),Shell und Skript-Umgebungen / Shell and Script Environments,First line in script specifying interpreter; format: `#!/path/to/interpreter`; Unix/Linux only; makes script executable; for Tcl: `#!/usr/bin/tclsh` or `#!/usr/bin/env tclsh`; Windows doesn't use shebangs.,"Erste Zeile im Skript, die Interpreter spezifiziert; Format: `#!/path/to/interpreter`; nur Unix/Linux; macht Skript ausführbar; für Tcl: `#!/usr/bin/tclsh` oder `#!/usr/bin/env tclsh`; Windows verwendet keine Shebangs.",,,,
Shell Script,Shell und Skript-Umgebungen / Shell and Script Environments,"Script written for Unix shell (sh, bash, etc.); text file with shell commands; executable with chmod +x; shebang line specifies shell; Tcl more powerful for complex tasks but shell scripts common for system tasks.","Skript geschrieben für Unix-Shell (sh, bash, etc.); Text-Datei mit Shell-Befehlen; ausführbar mit chmod +x; Shebang-Zeile spezifiziert Shell; Tcl mächtiger für komplexe Aufgaben aber Shell-Skripte üblich für System-Aufgaben.",,,,
bash,Shell und Skript-Umgebungen / Shell and Script Environments,"Bourne-Again Shell; enhanced Unix shell with more features than sh; most common Linux shell; supports arrays, functions, advanced scripting; Tcl scripts can call bash: `exec bash -c ""command""`; compatible with sh scripts.","Bourne-Again Shell; erweiterte Unix-Shell mit mehr Features als sh; häufigste Linux-Shell; unterstützt Arrays, Funktionen, fortgeschrittenes Scripting; Tcl-Skripte können bash aufrufen: `exec bash -c ""command""`; kompatibel mit sh-Skripten.",,,,
bat / .bat (Batch File),Shell und Skript-Umgebungen / Shell and Script Environments,Windows batch script file; contains series of commands for cmd.exe; DOS/Windows equivalent of shell scripts; simple scripting language; call from Tcl: `exec cmd /c script.bat`; limited compared to Tcl but widely used on Windows.,Windows-Batch-Skript-Datei; enthält Serie von Befehlen für cmd.exe; DOS/Windows-Äquivalent von Shell-Skripten; einfache Skriptsprache; Aufruf von Tcl: `exec cmd /c script.bat`; limitiert verglichen mit Tcl aber weit verbreitet auf Windows.,,,,
cmd (Windows),Shell und Skript-Umgebungen / Shell and Script Environments,"Windows Command Processor; command-line interpreter for Windows; replaces older COMMAND.COM; executes batch files (.bat, .cmd); Tcl calls: `exec cmd /c ""command""`; different syntax from Unix shells; uses backslash for paths.","Windows-Befehls-Prozessor; Kommandozeilen-Interpreter für Windows; ersetzt älteres COMMAND.COM; führt Batch-Dateien aus (.bat, .cmd); Tcl-Aufrufe: `exec cmd /c ""command""`; andere Syntax als Unix-Shells; verwendet Backslash für Pfade.",,,,
sh (Shell),Shell und Skript-Umgebungen / Shell and Script Environments,Unix shell (Bourne shell); command interpreter and scripting language; standard on Unix/Linux; invokes scripts with `#!/bin/sh` shebang; Tcl can call shell scripts: `exec sh script.sh`; modern systems often use bash as sh.,Unix-Shell (Bourne-Shell); Befehls-Interpreter und Skriptsprache; Standard auf Unix/Linux; ruft Skripte auf mit `#!/bin/sh` Shebang; Tcl kann Shell-Skripte aufrufen: `exec sh script.sh`; moderne Systeme verwenden oft bash als sh.,,,,
Accept,Socket/Netzwerk-Begriffe / Socket/Network Terms,Accept incoming connection on server socket; returns new channel for client.,Eingehende Verbindung auf Server-Socket annehmen; gibt neuen Kanal für Client zurück.,,,,
Blocking,Socket/Netzwerk-Begriffe / Socket/Network Terms,Channel mode where operations wait until complete; set with `fconfigure -blocking`.,"Kanal-Modus, bei dem Operationen warten, bis sie vollständig sind; gesetzt mit `fconfigure -blocking`.",,,,
Buffering,Socket/Netzwerk-Begriffe / Socket/Network Terms,"Channel buffer mode: `full`, `line`, or `none`; controls when data is flushed.","Kanal-Puffermodus: `full`, `line` oder `none`; steuert, wann Daten geleert werden.",,,,
Client Socket,Socket/Netzwerk-Begriffe / Socket/Network Terms,Socket connecting to remote server for communication.,"Socket, der sich mit entferntem Server zur Kommunikation verbindet.",,,,
Connect,Socket/Netzwerk-Begriffe / Socket/Network Terms,Establish connection from client to server socket.,Verbindung von Client zu Server-Socket herstellen.,,,,
Fileevent,Socket/Netzwerk-Begriffe / Socket/Network Terms,"Register callback for channel events (readable, writable); enables asynchronous I/O.","Callback für Kanal-Ereignisse registrieren (readable, writable); ermöglicht asynchrone E/A.",,,,
Host,Socket/Netzwerk-Begriffe / Socket/Network Terms,Network hostname or IP address for socket connection.,Netzwerk-Hostname oder IP-Adresse für Socket-Verbindung.,,,,
Listen,Socket/Netzwerk-Begriffe / Socket/Network Terms,Server socket waiting for incoming connections.,Server-Socket wartet auf eingehende Verbindungen.,,,,
Non-blocking,Socket/Netzwerk-Begriffe / Socket/Network Terms,Channel mode where operations return immediately; enables asynchronous I/O.,"Kanal-Modus, bei dem Operationen sofort zurückkehren; ermöglicht asynchrone E/A.",,,,
Port,Socket/Netzwerk-Begriffe / Socket/Network Terms,"Network port number for socket communication (e.g., 80 for HTTP, 443 for HTTPS).","Netzwerk-Portnummer für Socket-Kommunikation (z.B. 80 für HTTP, 443 für HTTPS).",,,,
Readable,Socket/Netzwerk-Begriffe / Socket/Network Terms,Fileevent condition indicating data available for reading from channel.,"Fileevent-Bedingung, die anzeigt, dass Daten zum Lesen aus Kanal verfügbar sind.",,,,
Server Socket,Socket/Netzwerk-Begriffe / Socket/Network Terms,Socket listening for incoming client connections; created with `-server` option.,"Socket, der auf eingehende Client-Verbindungen wartet; erstellt mit `-server`-Option.",,,,
TLS 1.2,Socket/Netzwerk-Begriffe / Socket/Network Terms,"Version 1.2 of Transport Layer Security (2008, RFC 5246) — the minimum acceptable TLS version for current Internet traffic. The TLS extension enables it via the `-tls1.2 1` socket option, often together with `-tls1.3 1`. Older versions (TLS 1.0 / 1.1, SSL 3.0) are insecure and should be disabled with `-tls1 0 -tls1.1 0 -ssl3 0`.","Version 1.2 von Transport Layer Security (2008, RFC 5246) — die minimal akzeptable TLS-Version für aktuellen Internet-Verkehr. Die TLS-Erweiterung aktiviert sie über die Socket-Option `-tls1.2 1`, oft zusammen mit `-tls1.3 1`. Ältere Versionen (TLS 1.0 / 1.1, SSL 3.0) sind unsicher und sollten mit `-tls1 0 -tls1.1 0 -ssl3 0` deaktiviert werden.","package require tls

# Modern secure baseline
tls::init \
    -ssl2 0 -ssl3 0 -tls1 0 -tls1.1 0 \
    -tls1.2 1 -tls1.3 1 \
    -require 1 \
    -cafile /etc/ssl/certs/ca-certificates.crt

set sock [tls::socket api.example.com 443]
# After handshake, query the negotiated version:
set info [tls::status $sock]
puts ""Negotiated: [dict get $info protocol]""   ;# e.g. TLSv1.2 or TLSv1.3",,"TLS 1.3, tls::socket, tls::init, tls::status, http::register","tls(n), RFC 5246"
TLS 1.3,Socket/Netzwerk-Begriffe / Socket/Network Terms,"Version 1.3 of Transport Layer Security (2018, RFC 8446) — the current state of the art. Removes weak ciphers, simplifies the handshake to a single round-trip (1-RTT) and supports 0-RTT resumption. Enabled in the TLS extension via `-tls1.3 1`. Requires a sufficiently recent OpenSSL build underneath (1.1.1 or later); older tcltls/openssl combinations may silently fall back to TLS 1.2.","Version 1.3 von Transport Layer Security (2018, RFC 8446) — der aktuelle Stand der Technik. Entfernt schwache Cipher, vereinfacht den Handshake auf eine einzige Round-Trip (1-RTT) und unterstützt 0-RTT-Resumption. Wird in der TLS-Erweiterung über `-tls1.3 1` aktiviert. Setzt einen ausreichend aktuellen OpenSSL-Build voraus (1.1.1 oder neuer); ältere tcltls/openssl-Kombinationen fallen still auf TLS 1.2 zurück.","package require tls

# Force TLS 1.3 only (rejects servers that can't speak it)
set sock [tls::socket -tls1.2 0 -tls1.3 1 -require 1 \
                     -cafile /etc/ssl/certs/ca-certificates.crt \
                     example.com 443]

# Verify what we got
set info [tls::status $sock]
if {[dict get $info protocol] ne ""TLSv1.3""} {
    close $sock
    error ""Server does not support TLS 1.3""
}
puts ""Cipher: [dict get $info cipher]""
close $sock",,"TLS 1.2, tls::socket, tls::init, tls::status, OpenSSL","tls(n), RFC 8446"
URL,Socket/Netzwerk-Begriffe / Socket/Network Terms,Uniform Resource Locator; web address for network resources.,Uniform Resource Locator; Webadresse für Netzwerkressourcen.,,,,
Writable,Socket/Netzwerk-Begriffe / Socket/Network Terms,Fileevent condition indicating channel ready for writing data.,"Fileevent-Bedingung, die anzeigt, dass Kanal bereit zum Schreiben von Daten ist.",,,,
http Package,Socket/Netzwerk-Begriffe / Socket/Network Terms,"Tcl package for HTTP client operations (e.g., `package require http`).",Tcl-Paket für HTTP-Client-Operationen (z.B. `package require http`).,,,,
http::register,Socket/Netzwerk-Begriffe / Socket/Network Terms,Registers a transport handler for a URL scheme with the `http` package. The canonical use is binding `https` to a TLS socket factory so that subsequent `http::geturl https://...` calls transparently establish TLS. The handler must be a command that returns a socket — typically `::tls::socket` plus options.,"Registriert für ein URL-Schema einen Transport-Handler beim `http`-Paket. Die kanonische Verwendung ist die Bindung von `https` an einen TLS-Socket-Factory, damit folgende `http::geturl https://...`-Aufrufe transparent eine TLS-Verbindung aufbauen. Der Handler muss ein Kommando sein, das einen Socket zurückgibt — typischerweise `::tls::socket` plus Optionen.","package require http
package require tls

# Configure TLS once, register, then use http normally
tls::init -tls1.2 1 -tls1.3 1 \
          -cafile /etc/ssl/certs/ca-certificates.crt \
          -require 1
http::register https 443 ::tls::socket

set tok [http::geturl https://example.com/]
puts [http::data $tok]
http::cleanup $tok

# Equivalent with options passed inline
http::register https 443 [list ::tls::socket -require 1 \
    -cafile /etc/ssl/certs/ca-certificates.crt]",,"tls::socket, TLS 1.2, TLS 1.3, http::geturl","http(n), tls(n)"
socket,Socket/Netzwerk-Begriffe / Socket/Network Terms,"Create network socket connection to server or listen for connections (e.g., `socket localhost 8080`).",Netzwerk-Socket-Verbindung zum Server erstellen oder auf Verbindungen warten (z.B. `socket localhost 8080`).,,,,
tls::socket,Socket/Netzwerk-Begriffe / Socket/Network Terms,"Socket-creation command from the TLS extension that wraps a TCP socket in TLS/SSL. Drop-in replacement for the built-in `socket` command — accepts the same -async / -server / host / port arguments plus TLS-specific options like -tls1.2, -tls1.3, -cafile, -certfile, -require, -command. Returned channel is read/written like any Tcl socket; the TLS handshake happens transparently on first I/O (or explicitly via `tls::handshake`).","Socket-Erzeugungs-Kommando der TLS-Erweiterung, das einen TCP-Socket in TLS/SSL einpackt. Drop-in-Ersatz für das eingebaute `socket`-Kommando — nimmt die gleichen -async / -server / host / port Argumente plus TLS-spezifische Optionen wie -tls1.2, -tls1.3, -cafile, -certfile, -require, -command. Der zurückgegebene Channel wird wie jeder Tcl-Socket gelesen/geschrieben; der TLS-Handshake findet beim ersten I/O transparent statt (oder explizit via `tls::handshake`).","package require tls

# Simple HTTPS-capable client socket
set sock [tls::socket -require 1 -cafile /etc/ssl/certs/ca-certificates.crt \
                     example.com 443]
fconfigure $sock -encoding utf-8
puts $sock ""GET / HTTP/1.1""
puts $sock ""Host: example.com""
puts $sock ""Connection: close""
puts $sock """"
flush $sock

while {[gets $sock line] >= 0} {
    puts $line
}
close $sock

# Or wire into http via http::register (preferred)
http::register https 443 ::tls::socket",,"http::register, TLS 1.2, TLS 1.3, socket, fconfigure","tls(n), https://core.tcl-lang.org/tcltls/"
Bold,Sonstige wichtige Begriffe / Other Important Terms,Font weight style making text appear thicker and darker.,"Schriftgewicht-Stil, der Text dicker und dunkler erscheinen lässt.",,,,
Expand,Sonstige wichtige Begriffe / Other Important Terms,Whether a widget should expand to fill extra space in pack geometry manager.,"Ob ein Widget sich ausdehnen soll, um zusätzlichen Raum im Pack-Geometry-Manager zu füllen.",,,,
Focus,Sonstige wichtige Begriffe / Other Important Terms,The widget that currently receives keyboard input.,"Das Widget, das aktuell Tastatureingaben erhält.",,,,
Font,Sonstige wichtige Begriffe / Other Important Terms,"Specification of typeface, size, and style for text display (e.g., `{Arial 12 bold}`).","Spezifikation von Schriftart, Größe und Stil für Textanzeige (z.B. `{Arial 12 bold}`).",,,,
Font Family,Sonstige wichtige Begriffe / Other Important Terms,"The typeface name such as Arial, Times, Courier, Helvetica.","Der Schriftartname wie Arial, Times, Courier, Helvetica.",,,,
Font Size,Sonstige wichtige Begriffe / Other Important Terms,The size of the font in points (positive) or pixels (negative).,Die Größe der Schrift in Punkten (positiv) oder Pixeln (negativ).,,,,
Grab,Sonstige wichtige Begriffe / Other Important Terms,"Restrict input to a specific window or widget, blocking other windows.","Eingabe auf ein bestimmtes Fenster oder Widget beschränken, andere Fenster blockieren.",,,,
"Ipadding (ipadx, ipady)",Sonstige wichtige Begriffe / Other Important Terms,Internal padding inside a widget's border; affects widget's internal spacing.,Interner Abstand innerhalb der Widget-Grenze; beeinflusst die interne Abstände des Widgets.,,,,
Italic,Sonstige wichtige Begriffe / Other Important Terms,Font style that slants text to the right for emphasis.,"Schriftstil, der Text zur Betonung nach rechts neigt.",,,,
Modal,Sonstige wichtige Begriffe / Other Important Terms,A window or dialog that blocks interaction with other windows until closed.,"Ein Fenster oder Dialog, das Interaktion mit anderen Fenstern blockiert, bis es geschlossen wird.",,,,
Overstrike,Sonstige wichtige Begriffe / Other Important Terms,Font decoration that draws a line through the middle of text (strikethrough).,"Schriftdekoration, die eine Linie durch die Mitte des Textes zieht (durchgestrichen).",,,,
"Padding (padx, pady)",Sonstige wichtige Begriffe / Other Important Terms,"Extra space added around a widget; `padx` for horizontal, `pady` for vertical.","Zusätzlicher Raum um ein Widget; `padx` für horizontal, `pady` für vertikal.",,,,
Photo,Sonstige wichtige Begriffe / Other Important Terms,"Full-color image type in Tk, supporting various image formats.","Vollfarben-Bildtyp in Tk, unterstützt verschiedene Bildformate.",,,,
Roman,Sonstige wichtige Begriffe / Other Important Terms,"Normal, upright font style (opposite of italic).","Normaler, aufrechter Schriftstil (Gegenteil von kursiv).",,,,
Side,Sonstige wichtige Begriffe / Other Important Terms,"Which side to pack a widget against (top, bottom, left, right).","An welcher Seite ein Widget angeordnet werden soll (top, bottom, left, right).",,,,
Sticky,Sonstige wichtige Begriffe / Other Important Terms,"Specifies which sides of grid cell a widget should stick to (n, s, e, w, or combinations).","Gibt an, an welchen Seiten der Grid-Zelle ein Widget haften soll (n, s, e, w oder Kombinationen).",,,,
Weight,Sonstige wichtige Begriffe / Other Important Terms,Relative size proportion for grid rows/columns when resizing; higher weight gets more space.,Relative Größenproportion für Grid-Zeilen/-Spalten beim Skalieren; höheres Gewicht erhält mehr Platz.,,,,
""" "" (Quotes)",Spezielle Tcl-Zeichen / Special Tcl Characters,Double quotes group words allowing substitution of variables and commands within.,Doppelte Anführungszeichen gruppieren Wörter und erlauben Substitution von Variablen und Befehlen darin.,,,,
# (Comment),Spezielle Tcl-Zeichen / Special Tcl Characters,Hash marks beginning of comment; text after # on line is ignored (must be at command start).,Raute markiert Beginn eines Kommentars; Text nach # auf Zeile wird ignoriert (muss am Befehlsanfang stehen).,,,,
$ (Variable Substitution),Spezielle Tcl-Zeichen / Special Tcl Characters,Dollar sign triggers variable substitution; replaces `$varname` with variable's value.,Dollarzeichen löst Variablensubstitution aus; ersetzt `$varname` durch Wert der Variable.,,,,
", (Comma)",Spezielle Tcl-Zeichen / Special Tcl Characters,Comma separates list elements or function arguments in expressions.,Komma trennt Listenelemente oder Funktionsargumente in Ausdrücken.,,,,
... (Ellipsis),Spezielle Tcl-Zeichen / Special Tcl Characters,Three dots used in some contexts to indicate continuation or range.,"Drei Punkte verwendet in einigen Kontexten, um Fortsetzung oder Bereich anzuzeigen.",,,,
:: (Namespace Separator),Spezielle Tcl-Zeichen / Special Tcl Characters,"Double colon separates namespace components in qualified names (e.g., `::tk::button`).",Doppelter Doppelpunkt trennt Namespace-Komponenten in qualifizierten Namen (z.B. `::tk::button`).,,,,
; (Semicolon),Spezielle Tcl-Zeichen / Special Tcl Characters,"Command separator; allows multiple commands on one line (e.g., `set x 5; set y 10`). ⚠️ **Best Practice Note:** Using semicolons is UNCOMMON in Tcl/Tk code; best practice is to write one command per line WITHOUT semicolons for better readability, maintainability, and debugging. Semicolons are mainly used in interactive shell or one-liners.","Befehlstrenner; erlaubt mehrere Befehle auf einer Zeile (z.B. `set x 5; set y 10`). ⚠️ **Best-Practice-Hinweis:** Semikolons sind UNÜBLICH in Tcl/Tk-Code; Best Practice ist eine Anweisung pro Zeile OHNE Semikolon für bessere Lesbarkeit, Wartbarkeit und Debugging. Semikolons werden hauptsächlich in interaktiver Shell oder One-Linern verwendet.",,,,
[ ] (Command Substitution),Spezielle Tcl-Zeichen / Special Tcl Characters,"Square brackets execute enclosed command and substitute its result (e.g., `set total [expr $a + $b]`).",Eckige Klammern führen eingeschlossenen Befehl aus und substituieren sein Ergebnis (z.B. `set total [expr $a + $b]`).,,,,
\ (Backslash/Escape),Spezielle Tcl-Zeichen / Special Tcl Characters,"Escape character; prevents special interpretation of next character or creates special sequences (`\n`, `\t`, `\\`).","Escape-Zeichen; verhindert spezielle Interpretation des nächsten Zeichens oder erstellt Sondersequenzen (`\n`, `\t`, `\\`).",,,,
\$ \[ \] (Escaped Special Characters),Spezielle Tcl-Zeichen / Special Tcl Characters,Escaped versions of special characters to use them literally without substitution.,"Escaped Versionen von Sonderzeichen, um sie buchstäblich ohne Substitution zu verwenden.",,,,
\\ (Backslash Literal),Spezielle Tcl-Zeichen / Special Tcl Characters,Escape sequence for literal backslash character.,Escape-Sequenz für literales Backslash-Zeichen.,,,,
\n (Newline),Spezielle Tcl-Zeichen / Special Tcl Characters,Escape sequence for newline/line break character.,Escape-Sequenz für Zeilenumbruch-Zeichen.,,,,
\r (Carriage Return),Spezielle Tcl-Zeichen / Special Tcl Characters,Escape sequence for carriage return character.,Escape-Sequenz für Wagenrücklauf-Zeichen.,,,,
\t (Tab),Spezielle Tcl-Zeichen / Special Tcl Characters,Escape sequence for horizontal tab character.,Escape-Sequenz für horizontales Tabulator-Zeichen.,,,,
{ } (Grouping/Literal),Spezielle Tcl-Zeichen / Special Tcl Characters,Curly braces group words and prevent substitution; used for code blocks and literal strings.,Geschweifte Klammern gruppieren Wörter und verhindern Substitution; verwendet für Codeblöcke und literale Strings.,,,,
Control Character,Spezielle Werte und Konzepte / Special Values and Concepts,"Non-printable ASCII character (0-31, 127); controls display/behavior: \n (newline), \t (tab), \r (carriage return), etc.; not visible but has effect; often escaped in strings; can cause display issues.","Nicht-druckbares ASCII-Zeichen (0-31, 127); steuert Anzeige/Verhalten: \n (Zeilenumbruch), \t (Tab), \r (Wagenrücklauf), etc.; nicht sichtbar aber hat Effekt; oft escaped in Strings; kann Anzeige-Probleme verursachen.",,,,
Empty String,Spezielle Werte und Konzepte / Special Values and Concepts,"String with zero length; Tcl's equivalent of null/nil in other languages; represented as """" or {}; default value for many operations; test: `$var eq """"` or `![string length $var]`; not same as undefined variable.","String mit Länge null; Tcls Äquivalent von null/nil in anderen Sprachen; dargestellt als """" oder {}; Standard-Wert für viele Operationen; Test: `$var eq """"` oder `![string length $var]`; nicht gleich wie undefinierte Variable.",,,,
NULL,Spezielle Werte und Konzepte / Special Values and Concepts,"Concept of ""no value"" or ""nothing""; ⚠️ Tcl has NO null value - uses empty string """" instead; empty string tests: `$var eq """"` or `string length $var == 0`; different from undefined (variable doesn't exist); C extensions use NULL pointer but Tcl doesn't expose this.","Konzept von ""kein Wert"" oder ""nichts""; ⚠️ Tcl hat KEINEN null-Wert - verwendet stattdessen leeren String """"; Leerer-String-Tests: `$var eq """"` oder `string length $var == 0`; anders als undefined (Variable existiert nicht); C-Extensions verwenden NULL-Pointer aber Tcl exponiert dies nicht.",,,,
Printable Character,Spezielle Werte und Konzepte / Special Values and Concepts,"Character that produces visible output; ASCII 32-126 (space through ~); excludes control characters (0-31, 127); test in Tcl: `string is print $char`; important for display, validation; non-printable may need escaping.","Zeichen, das sichtbare Ausgabe erzeugt; ASCII 32-126 (Leerzeichen bis ~); schließt Steuerzeichen aus (0-31, 127); Test in Tcl: `string is print $char`; wichtig für Anzeige, Validierung; nicht-druckbare benötigen möglicherweise Escaping.",,,,
Undefined Variable,Spezielle Werte und Konzepte / Special Values and Concepts,Variable that doesn't exist; different from empty string; accessing causes error; test existence: `info exists varname`; use default values: `${varname:-default}` in some contexts; common source of errors.,"Variable, die nicht existiert; anders als leerer String; Zugriff verursacht Fehler; Existenz testen: `info exists varname`; Standard-Werte verwenden: `${varname:-default}` in einigen Kontexten; häufige Fehlerquelle.",,,,
Whitespace,Spezielle Werte und Konzepte / Special Values and Concepts,"Invisible spacing characters; includes space (32), tab (\t), newline (\n), carriage return (\r); Tcl word separator; trim with `string trim`; test: `string is space $char`; often ignored in parsing.","Unsichtbare Abstandszeichen; umfasst Leerzeichen (32), Tab (\t), Zeilenumbruch (\n), Wagenrücklauf (\r); Tcl-Wort-Trenner; entfernen mit `string trim`; Test: `string is space $char`; oft ignoriert beim Parsen.",,,,
prefix (Build System),Spezielle Werte und Konzepte / Special Values and Concepts,"Installation base directory; default `/usr/local`; affects all installation paths (bindir, libdir, etc.); set with `./configure --prefix=/path`; typical values: `/usr`, `/usr/local`, `/opt/software`, `$HOME/local`; all installed files under prefix hierarchy.","Installations-Basis-Verzeichnis; Standard `/usr/local`; beeinflusst alle Installations-Pfade (bindir, libdir, etc.); setzen mit `./configure --prefix=/path`; typische Werte: `/usr`, `/usr/local`, `/opt/software`, `$HOME/local`; alle installierten Dateien unter Prefix-Hierarchie.",,,,
Call Stack,Stack-Level und Scope / Stack Level and Scope,Sequence of procedure calls leading to current execution point; levels represent depth.,"Sequenz von Prozeduraufrufen, die zum aktuellen Ausführungspunkt führen; Levels repräsentieren Tiefe.",,,,
Frame (Stack Frame),Stack-Level und Scope / Stack Level and Scope,"Execution context containing local variables, return address, and procedure state.","Ausführungskontext mit lokalen Variablen, Rücksprungadresse und Prozedur-Zustand.",,,,
Global Scope,Stack-Level und Scope / Stack Level and Scope,Top-level scope where variables are accessible throughout entire program.,"Oberste Ebene des Gültigkeitsbereichs, wo Variablen im gesamten Programm zugreifbar sind.",,,,
Level,Stack-Level und Scope / Stack Level and Scope,"Stack frame level in call hierarchy; level 0 is current procedure, level 1 is caller, etc.","Stack-Frame-Ebene in Aufruf-Hierarchie; Level 0 ist aktuelle Prozedur, Level 1 ist Aufrufer, etc.",,,,
Local Variable,Stack-Level und Scope / Stack Level and Scope,Variable accessible only within current procedure or block.,Variable nur innerhalb aktueller Prozedur oder Block zugreifbar.,,,,
Scope,Stack-Level und Scope / Stack Level and Scope,"Region of code where variable is accessible; can be local, global, or namespace scope.","Codebereich, in dem Variable zugreifbar ist; kann lokaler, globaler oder Namespace-Gültigkeitsbereich sein.",,,,
Stack Frame,Stack-Level und Scope / Stack Level and Scope,Data structure storing local variables and execution state for each procedure call.,"Datenstruktur, die lokale Variablen und Ausführungszustand für jeden Prozeduraufruf speichert.",,,,
global,Stack-Level und Scope / Stack Level and Scope,"Tcl command that imports a variable from the global namespace (`::`) into the current procedure scope. `global myvar` does NOT make `myvar` globally accessible — that variable already exists at global level; `global` simply creates a local-scope alias so the proc can read and write it as `$myvar`. Without `global`, a proc accessing `$myvar` would create or read a local variable of the same name. Companion to `variable` (which does the equivalent for namespace-scoped variables) and `upvar` (which links to any caller frame).","Tcl-Befehl, der eine Variable aus dem globalen Namespace (`::`) in den aktuellen Prozedur-Scope importiert. `global myvar` macht `myvar` NICHT global zugaenglich — diese Variable existiert bereits auf globaler Ebene; `global` erzeugt nur einen Local-Scope-Alias, sodass die Proc sie als `$myvar` lesen und schreiben kann. Ohne `global` wuerde eine Proc, die auf `$myvar` zugreift, eine lokale Variable gleichen Namens erzeugen oder lesen. Pendant zu `variable` (das dasselbe fuer Namespace-bezogene Variablen tut) und `upvar` (das auf jeden Caller-Frame verlinkt).",,,,
global vs variable (scope clarification),Stack-Level und Scope / Stack Level and Scope,"`global name` links the local scope to an existing variable in the global namespace (`::name`). `variable name` creates or links to a namespace variable when used inside `namespace eval`, or declares a TclOO instance variable inside a class definition—different mechanisms; `global` never declares namespace-scoped variables.","`global name` bindet den lokalen Kontext an eine bestehende Variable im globalen Namespace (`::name`). `variable name` legt im Kontext von `namespace eval` eine Namespace-Variable an bzw. verknüpft sie, in TclOO-Klassen deklariert es eine Instanzvariable—unterschiedliche Mechanismen; `global` deklariert keine Namespace-Variablen.",,,,
info level,Stack-Level und Scope / Stack Level and Scope,Query information about stack levels; returns procedure name and arguments at specified level.,Informationen über Stack-Levels abfragen; gibt Prozedurnamen und Argumente auf angegebener Ebene zurück.,,,,
namespace,Stack-Level und Scope / Stack Level and Scope,"Tcl mechanism for grouping commands and variables to avoid name collisions; created with `namespace eval`; supports nested hierarchy with `::` separator (e.g., `namespace eval ::myns { proc helper {} {...} }`); related: `namespace import`, `namespace export`, `namespace current`.","Tcl-Mechanismus zum Gruppieren von Befehlen und Variablen zur Vermeidung von Namenskonflikten; erstellt mit `namespace eval`; unterstützt verschachtelte Hierarchie mit `::`-Trenner (z.B. `namespace eval ::myns { proc helper {} {...} }`); verwandt: `namespace import`, `namespace export`, `namespace current`.",,,,
namespace eval,Stack-Level und Scope / Stack Level and Scope,"Execute script in specified namespace context (e.g., `namespace eval ::myns {...}`).",Skript in angegebenem Namespace-Kontext ausführen (z.B. `namespace eval ::myns {...}`).,,,,
uplevel,Stack-Level und Scope / Stack Level and Scope,"Execute script in different stack level (e.g., `uplevel 1 {set x 5}` sets variable in caller's context).",Skript in anderer Stack-Ebene ausführen (z.B. `uplevel 1 {set x 5}` setzt Variable im Kontext des Aufrufers).,,,,
upvar,Stack-Level und Scope / Stack Level and Scope,"Create local reference to variable in different stack level (e.g., `upvar 1 varname localname`).",Lokale Referenz auf Variable in anderer Stack-Ebene erstellen (z.B. `upvar 1 varname localname`).,,,,
Concatenation,String-Operationen / String Operations,String concatenation by placing strings next to each other or using `append` command.,String-Verkettung durch Aneinandersetzen von Strings oder Verwendung des `append`-Befehls.,,,,
Match Pattern,String-Operationen / String Operations,"Pattern matching with `string match` using wildcards: `*` (any chars), `?` (single char), `[abc]` (char set).","Mustererkennung mit `string match` unter Verwendung von Wildcards: `*` (beliebige Zeichen), `?` (einzelnes Zeichen), `[abc]` (Zeichensatz).",,,,
Regular Expression,String-Operationen / String Operations,Pattern matching using `regexp` with full regex syntax for complex string operations.,Mustererkennung mit `regexp` unter Verwendung vollständiger Regex-Syntax für komplexe String-Operationen.,,,,
format %c,String-Subcommands / String Subcommands,"Converts a numeric codepoint into a one-character string. `format %c $cp` returns the character whose Unicode codepoint is `$cp`. The most direct way to build a character from its codepoint at runtime — distinct from building a literal escape like `""\u1F600""`.","Wandelt einen numerischen Codepoint in einen Ein-Zeichen-String um. `format %c $cp` liefert das Zeichen, dessen Unicode-Codepoint `$cp` ist. Der direkteste Weg, ein Zeichen zur Laufzeit aus seinem Codepoint zu erzeugen — nicht zu verwechseln mit einem literalen Escape-String wie `""\u1F600""`.","```tcl
format %c 65         ;# ""A""
format %c 0x20AC     ;# ""€""
format %c 0x1F600    ;# grinning face emoji (Tcl 9)
# Build hex-escape literal as a string (NOT a real char):
format ""\\u%04X"" 0x20AC   ;# literal ""\u20AC"", not €",,"Codepoint, scan %c, format",format(n)
scan %c,String-Subcommands / String Subcommands,Reads a single character from the input string and stores its Unicode codepoint as an integer. The inverse of `format %c`. With a width modifier (`%Nc`) reads N characters as a list of codepoints.,Liest ein einzelnes Zeichen aus dem Eingabe-String und speichert dessen Unicode-Codepoint als Ganzzahl. Umkehrung von `format %c`. Mit Breiten-Modifier (`%Nc`) liest es N Zeichen als Liste von Codepoints.,"```tcl
scan A %c cp                ;# cp = 65
scan ä %c cp                ;# cp = 228
scan ""ABC"" ""%c%c%c"" a b c   ;# a=65, b=66, c=67
scan ""Hello"" ""%5c"" cps      ;# cps = list of 5 codepoints",,"Codepoint, format %c, scan",scan(n)
scan %x,String-Subcommands / String Subcommands,"Parses a hexadecimal number from the input string into an integer. Accepts a leading `0x` or plain hex digits. Frequently used to convert hex strings (e.g. codepoint notations like ""1F600"") into numeric values that can then be passed to `format %c`.","Parst eine hexadezimale Zahl aus dem Eingabe-String in eine Ganzzahl. Akzeptiert führendes `0x` oder reine Hex-Ziffern. Häufig genutzt, um Hex-Strings (z.B. Codepoint-Notationen wie ""1F600"") in numerische Werte umzuwandeln, die dann an `format %c` weitergegeben werden.","```tcl
scan ""1F600"" %x cp     ;# cp = 128512
scan ""0xFF""  %x n      ;# n = 255
scan ""ff80""  %x n      ;# n = 65408
# Pipeline: hex string -> codepoint -> character:
scan ""1F600"" %x cp
format %c $cp          ;# grinning face emoji (Tcl 9)",,"scan, format %c, Codepoint",scan(n)
string cat,String-Subcommands / String Subcommands,"Concatenate strings without interpreter overhead (Tcl 8.6+; e.g., `string cat $a $b $c`).",Strings ohne Interpreter-Overhead verketten (Tcl 8.6+; z.B. `string cat $a $b $c`).,,,,
string compare,String-Subcommands / String Subcommands,"Compare strings lexicographically; returns -1, 0, or 1.","Strings lexikographisch vergleichen; gibt -1, 0 oder 1 zurück.",,,,
string equal,String-Subcommands / String Subcommands,Test string equality; returns boolean (more efficient than `==` for strings).,String-Gleichheit testen; gibt Boolean zurück (effizienter als `==` für Strings).,,,,
string first / string last,String-Subcommands / String Subcommands,Find first/last occurrence of substring in string; returns index or -1.,Erstes/letztes Vorkommen von Substring in String finden; gibt Index oder -1 zurück.,,,,
string is,String-Subcommands / String Subcommands,"Test if string matches type: `alnum`, `alpha`, `digit`, `integer`, `double`, `boolean`, etc.","Testen, ob String Typ entspricht: `alnum`, `alpha`, `digit`, `integer`, `double`, `boolean`, etc.",,,,
string map,String-Subcommands / String Subcommands,"Perform multiple string replacements using mapping list (e.g., `string map {old new bad good} $str`).",Mehrere String-Ersetzungen mit Mapping-Liste durchführen (z.B. `string map {old new bad good} $str`).,,,,
string range,String-Subcommands / String Subcommands,"Extract substring from start to end index (e.g., `string range $str 0 5`).",Substring von Start- bis End-Index extrahieren (z.B. `string range $str 0 5`).,,,,
string repeat,String-Subcommands / String Subcommands,"Repeat string specified number of times (e.g., `string repeat ""-"" 40`).","String angegebene Anzahl Male wiederholen (z.B. `string repeat ""-"" 40`).",,,,
string replace,String-Subcommands / String Subcommands,"Replace characters in range with new string (e.g., `string replace $str 2 5 ""new""`).","Zeichen im Bereich durch neuen String ersetzen (z.B. `string replace $str 2 5 ""new""`).",,,,
string tolower / string toupper,String-Subcommands / String Subcommands,Convert string to lowercase/uppercase.,String in Kleinbuchstaben/Großbuchstaben konvertieren.,,,,
string totitle,String-Subcommands / String Subcommands,"Convert first character of each word to uppercase, rest to lowercase.","Ersten Buchstaben jedes Wortes in Großbuchstaben, Rest in Kleinbuchstaben konvertieren.",,,,
string trim,String-Subcommands / String Subcommands,Remove leading and trailing characters (whitespace by default) from string.,Führende und nachfolgende Zeichen (standardmäßig Leerzeichen) aus String entfernen.,,,,
string trimleft / string trimright,String-Subcommands / String Subcommands,Remove characters from left/right side of string only.,Zeichen nur von linker/rechter Seite des Strings entfernen.,,,,
CMake,System-Bibliotheken / System Libraries,"Cross-platform build-system generator. Reads a `CMakeLists.txt` declarative description and emits native build files (Makefiles on Unix, MSBuild on Windows, Ninja, Xcode projects). Standard for C/C++ libraries; Tcl extensions written in C often use CMake instead of the older TEA (Tcl Extension Architecture). Run sequence: `cmake -B build .`, then `cmake --build build`.","Plattformuebergreifender Build-System-Generator. Liest eine deklarative `CMakeLists.txt`-Beschreibung und emittiert native Build-Dateien (Makefiles auf Unix, MSBuild auf Windows, Ninja, Xcode-Projekte). Standard fuer C/C++-Bibliotheken; Tcl-Erweiterungen in C nutzen oft CMake statt der aelteren TEA (Tcl Extension Architecture). Ablauf: `cmake -B build .`, dann `cmake --build build`.",,,,
Fontconfig,System-Bibliotheken / System Libraries,"Linux library that resolves font requests — ""find me a font that is Sans-Serif, Bold, 12pt"" — by scanning installed fonts and matching against a configuration database (`/etc/fonts/`, `~/.fonts/`, system caches). Used by Cairo, Pango, GTK, Qt, and most modern Linux graphics. Tk on Linux integrates with Fontconfig for font discovery in `font names` and `font configure`. Not present on Windows/macOS.","Linux-Bibliothek, die Font-Anfragen aufloest — ""finde einen Font, der Sans-Serif, Bold, 12pt ist"" — indem sie installierte Fonts scannt und gegen eine Konfigurations-Datenbank (`/etc/fonts/`, `~/.fonts/`, System-Caches) matcht. Genutzt von Cairo, Pango, GTK, Qt und den meisten modernen Linux-Grafiken. Tk auf Linux integriert mit Fontconfig fuer Font-Discovery in `font names` und `font configure`. Auf Windows/macOS nicht vorhanden.",,,,
GLib,System-Bibliotheken / System Libraries,"Low-level utility library from the GTK ecosystem — provides data structures (hash tables, lists, trees), event loop (GMainLoop), threading primitives, file utilities, type system (GObject). The foundation that GTK, Cairo (optionally), Pango build on. Not directly used from Tcl, but understanding it helps when reading source code of cairo-bindings or porting GTK examples to Tcl.","Low-Level-Utility-Bibliothek aus dem GTK-Oekosystem — bietet Datenstrukturen (Hash-Tabellen, Listen, Baeume), Event-Loop (GMainLoop), Threading-Primitive, File-Utilities, Type-System (GObject). Das Fundament, auf dem GTK, Cairo (optional), Pango aufbauen. Aus Tcl heraus nicht direkt genutzt, aber ihr Verstaendnis hilft beim Lesen von Quellcode der Cairo-Bindings oder beim Portieren von GTK-Beispielen nach Tcl.",,,,
HarfBuzz,System-Bibliotheken / System Libraries,"Open-source text-shaping engine — the standard for converting Unicode text to positioned glyphs across modern software (Firefox, Chrome, LibreOffice, GTK, Qt, KDE, Android, ChromeOS). Handles OpenType features: ligatures, contextual alternates, kerning, complex scripts (Arabic, Devanagari, Thai, etc.). Tk 9 uses it for shaping after Bidi run analysis. Pronounced ""harf-buzz"" (Arabic ""movement of letters""). Companion to FreeType (which provides the raster glyphs HarfBuzz positions).","Open-Source-Text-Shaping-Engine — der Standard zur Konvertierung von Unicode-Text in positionierte Glyphen in moderner Software (Firefox, Chrome, LibreOffice, GTK, Qt, KDE, Android, ChromeOS). Behandelt OpenType-Features: Ligaturen, kontextuelle Alternativen, Kerning, komplexe Schriften (Arabisch, Devanagari, Thai usw.). Tk 9 nutzt es fuer Shaping nach Bidi-Run-Analyse. Ausgesprochen ""harf-buzz"" (Arabisch ""Bewegung der Buchstaben""). Pendant zu FreeType (das die Raster-Glyphen liefert, die HarfBuzz positioniert).",,,,
ICU,System-Bibliotheken / System Libraries,"International Components for Unicode — IBM/open-source library for full Unicode support: case mapping, collation (locale-aware sorting), normalization (NFC/NFD/NFKC/NFKD), text boundary analysis, calendar/time-zone math, message formatting. Large, comprehensive, heavyweight. Tcl 9 borrows ICU's collation algorithm in some places but does not link ICU directly; the build-time choice is ""use ICU or use Tcl's own simpler implementations"". Distinct from HarfBuzz (which is shaping-only).","International Components for Unicode — IBM-/Open-Source-Bibliothek fuer vollen Unicode-Support: Case-Mapping, Collation (locale-bewusste Sortierung), Normalisierung (NFC/NFD/NFKC/NFKD), Text-Grenzen-Analyse, Kalender-/Zeitzonen-Mathematik, Nachrichten-Formatierung. Gross, umfassend, schwergewichtig. Tcl 9 borgt ICUs Collation-Algorithmus an einigen Stellen, linkt ICU aber nicht direkt; die Build-Wahl ist ""ICU nutzen oder Tcls eigene einfachere Implementierung"". Verschieden von HarfBuzz (das nur Shaping macht).",,,,
OpenGL,System-Bibliotheken / System Libraries,"Cross-platform 3D graphics API maintained by Khronos. Provides immediate-mode and shader-based rendering, depth/stencil buffers, texture management. The Tcl world accesses OpenGL through extensions: Togl (Tk widget for OpenGL contexts), TclOpenGL. Modern OpenGL (3.x+) is core-profile and shader-only; older code uses the deprecated fixed-function pipeline.","Plattformuebergreifende 3D-Grafik-API von Khronos. Bietet Immediate-Mode- und Shader-basiertes Rendering, Tiefen-/Stencil-Buffer, Texture-Management. Die Tcl-Welt spricht OpenGL ueber Erweiterungen an: Togl (Tk-Widget fuer OpenGL-Kontexte), TclOpenGL. Modernes OpenGL (3.x+) ist Core-Profile und Shader-only; aelterer Code nutzt die veraltete Fixed-Function-Pipeline.",,,,
Pango,System-Bibliotheken / System Libraries,"Text-layout library originally from GNOME — handles font selection (via Fontconfig), shaping (via HarfBuzz), bidirectional text (Arabic, Hebrew), complex scripts (Indic, Arabic ligatures). The text-rendering side of the Cairo/Pango pair. Tcl encounters Pango indirectly: when Cairo bindings render text, Pango may be the underlying shaper. Not commonly used directly from Tcl.","Text-Layout-Bibliothek urspruenglich aus GNOME — uebernimmt Font-Auswahl (via Fontconfig), Shaping (via HarfBuzz), bidirektionalen Text (Arabisch, Hebraeisch), komplexe Schriften (indische, arabische Ligaturen). Die Text-Render-Seite des Cairo/Pango-Paares. Tcl beruehrt Pango indirekt: wenn Cairo-Bindings Text rendern, kann Pango der darunter liegende Shaper sein. Aus Tcl heraus nicht haeufig direkt verwendet.",,,,
SDL,System-Bibliotheken / System Libraries,"Simple DirectMedia Layer — cross-platform multimedia library for games and interactive applications. Provides window management, input (keyboard/mouse/joystick), audio, OpenGL/Vulkan context creation. Bridges between OS abstractions. Tcl bindings exist (TclSDL2, sdltcl) but are less common than Tk for typical GUI work; SDL shines for game-style applications. Often used as a backup display target on platforms where Tk is limited.","Simple DirectMedia Layer — plattformuebergreifende Multimedia-Bibliothek fuer Spiele und interaktive Anwendungen. Bietet Fenster-Management, Eingabe (Tastatur/Maus/Joystick), Audio, OpenGL/Vulkan-Kontext-Erzeugung. Brueckt zwischen OS-Abstraktionen. Tcl-Bindings existieren (TclSDL2, sdltcl), sind aber weniger gaengig als Tk fuer typische GUI-Arbeit; SDL glaenzt bei Spiele-artigen Anwendungen. Oft als Backup-Display-Target auf Plattformen, wo Tk limitiert ist.",,,,
SheenBidi,System-Bibliotheken / System Libraries,"C library implementing the Unicode Bidirectional Algorithm (UAX #9) — takes logical-order text and produces visual-order runs with their bidi levels. Used by Tk 9's Unix build (`tk-src/unix/bidi/`, vendored as a unity build via `SheenBidi.c`). Faster and smaller than the historic FriBidi. Output is consumed by HarfBuzz for the actual glyph shaping. Build activation: `--enable-bidi` in Tk 9's configure.","C-Bibliothek, die den Unicode Bidirectional Algorithm (UAX #9) implementiert — nimmt Text in logischer Reihenfolge und produziert visuelle-Reihenfolge-Runs mit ihren Bidi-Levels. Verwendet von Tk 9s Unix-Build (`tk-src/unix/bidi/`, vendored als Unity-Build via `SheenBidi.c`). Schneller und kleiner als das historische FriBidi. Output wird von HarfBuzz fuer das eigentliche Glyph-Shaping konsumiert. Build-Aktivierung: `--enable-bidi` in Tk 9s configure.",,,,
Initialization Script,System-Initialisierung / System Initialization,"Script run at startup to configure environment; can be custom script for application initialization; set with TCLLIBPATH or modify init.tcl; used for auto-loading setup, package paths, global variables.","Skript beim Start ausgeführt zum Konfigurieren der Umgebung; kann eigenes Skript für Anwendungs-Initialisierung sein; gesetzt mit TCLLIBPATH oder init.tcl ändern; verwendet für Auto-Loading-Setup, Paket-Pfade, globale Variablen.",,,,
init.tcl,System-Initialisierung / System Initialization,"Tcl initialization script executed automatically when interpreter starts; located in tcl_library directory; defines auto-loading, unknown command handler, package system initialization; sets up `auto_path`, `tcl_pkgPath`; creates `auto_load`, `auto_mkindex` procedures; critical for Tcl runtime environment.","Tcl-Initialisierungs-Skript automatisch ausgeführt beim Interpreter-Start; befindet sich in tcl_library-Verzeichnis; definiert Auto-Loading, Unknown-Command-Handler, Paket-System-Initialisierung; setzt `auto_path`, `tcl_pkgPath`; erstellt `auto_load`, `auto_mkindex`-Prozeduren; kritisch für Tcl-Laufzeitumgebung.",,,,
tk.tcl,System-Initialisierung / System Initialization,"Tk initialization script; executed when Tk package loaded; sets up Tk-specific bindings, options, and procedures; located in tk_library directory; defines standard Tk behaviors.","Tk-Initialisierungs-Skript; ausgeführt wenn Tk-Paket geladen wird; richtet Tk-spezifische Bindings, Optionen und Prozeduren ein; befindet sich in tk_library-Verzeichnis; definiert Standard-Tk-Verhalten.",,,,
tk_library,System-Initialisierung / System Initialization,Global variable containing path to Tk library directory; contains tk.tcl and Tk support files; set when Tk loaded; typically `$prefix/lib/tk8.6`.,Globale Variable mit Pfad zum Tk-Bibliotheks-Verzeichnis; enthält tk.tcl und Tk-Unterstützungs-Dateien; gesetzt wenn Tk geladen; typischerweise `$prefix/lib/tk8.6`.,,,,
argc / argv / argv0,Systemvariablen / System Variables,"Command-line argument count, list, and program name.","Kommandozeilen-Argument-Anzahl, -Liste und Programmname.",,,,
auto_path,Systemvariablen / System Variables,List of directories searched for packages and scripts.,"Liste von Verzeichnissen, die nach Paketen und Skripten durchsucht werden.",,,,
errorCode,Systemvariablen / System Variables,Machine-readable error code from most recent error.,Maschinenlesbarer Fehler-Code vom letzten Fehler.,,,,
errorInfo,Systemvariablen / System Variables,Stack trace from most recent error.,Stack-Trace vom letzten Fehler.,,,,
tcl_library,Systemvariablen / System Variables,Directory containing standard Tcl library scripts.,Verzeichnis mit Standard-Tcl-Bibliotheks-Skripten.,,,,
tcl_patchLevel,Systemvariablen / System Variables,"Detailed Tcl version including patch level (e.g., ""8.6.13"").","Detaillierte Tcl-Version inklusive Patch-Level (z.B. ""8.6.13"").",,,,
tcl_platform,Systemvariablen / System Variables,"Array containing platform information (os, machine, platform, wordSize, etc.).","Array mit Plattform-Informationen (os, machine, platform, wordSize, etc.).",,,,
tcl_platform(machine),Systemvariablen / System Variables,"Hardware architecture (x86_64, arm64, etc.).","Hardware-Architektur (x86_64, arm64, etc.).",,,,
tcl_platform(os),Systemvariablen / System Variables,"Operating system name (Linux, Windows NT, Darwin, etc.).","Betriebssystem-Name (Linux, Windows NT, Darwin, etc.).",,,,
tcl_platform(platform),Systemvariablen / System Variables,"Platform type: unix, windows, or macintosh.","Plattform-Typ: unix, windows oder macintosh.",,,,
tcl_platform(user),Systemvariablen / System Variables,Element of the `tcl_platform` array giving the login name of the user running the script. On Unix the value of `$USER` or the result of `getpwuid(getuid())`; on Windows the value from `GetUserName`. Preferred over `env(USER)` or `env(USERNAME)` because it is portable across platforms.,"Element des `tcl_platform`-Arrays mit dem Login-Namen des Benutzers, der das Skript ausführt. Auf Unix der Wert von `$USER` oder das Ergebnis von `getpwuid(getuid())`; auf Windows der Wert aus `GetUserName`. Bevorzugt gegenüber `env(USER)` oder `env(USERNAME)`, weil plattformübergreifend portabel.","puts ""Hello, $::tcl_platform(user)!""

# Per-user data directory (portable)
set dataDir [file join $::env(HOME) .myapp $::tcl_platform(user)]
file mkdir $dataDir",,"tcl_platform, tcl_platform(platform), env",tclvars(n)
tcl_version,Systemvariablen / System Variables,"Tcl version string (e.g., ""8.6"").","Tcl-Versions-String (z.B. ""8.6"").",,,,
$db allrows,TDBC (Tcl Database Connectivity) / TDBC (Tcl-Datenbank-Konnektivität),Execute query and return all rows as list of dictionaries.,Query ausführen und alle Zeilen als Liste von Dictionaries zurückgeben.,,,,
$db begintransaction,TDBC (Tcl Database Connectivity) / TDBC (Tcl-Datenbank-Konnektivität),"Begin database transaction (e.g., `$db begintransaction`).",Datenbank-Transaktion beginnen (z.B. `$db begintransaction`).,,,,
$db close,TDBC (Tcl Database Connectivity) / TDBC (Tcl-Datenbank-Konnektivität),Close database connection and release resources.,Datenbank-Verbindung schließen und Ressourcen freigeben.,,,,
$db commit,TDBC (Tcl Database Connectivity) / TDBC (Tcl-Datenbank-Konnektivität),"Commit current transaction, making changes permanent.","Aktuelle Transaktion committen, Änderungen permanent machen.",,,,
$db connect,TDBC (Tcl Database Connectivity) / TDBC (Tcl-Datenbank-Konnektivität),"Create database connection (e.g., `tdbc::sqlite3::connection create db ""database.db""`).","Datenbank-Verbindung erstellen (z.B. `tdbc::sqlite3::connection create db ""database.db""`).",,,,
$db execute,TDBC (Tcl Database Connectivity) / TDBC (Tcl-Datenbank-Konnektivität),"Execute SQL statement directly without preparation (e.g., `$db execute ""CREATE TABLE...""`).","SQL-Statement direkt ohne Vorbereitung ausführen (z.B. `$db execute ""CREATE TABLE...""`).",,,,
$db foreach,TDBC (Tcl Database Connectivity) / TDBC (Tcl-Datenbank-Konnektivität),"Iterate over query results (e.g., `$db foreach row ""SELECT * FROM users"" {...}`).","Über Query-Ergebnisse iterieren (z.B. `$db foreach row ""SELECT * FROM users"" {...}`).",,,,
$db prepare,TDBC (Tcl Database Connectivity) / TDBC (Tcl-Datenbank-Konnektivität),"Prepare SQL statement for execution (e.g., `$db prepare ""SELECT * FROM users WHERE id=:id""`).","SQL-Statement für Ausführung vorbereiten (z.B. `$db prepare ""SELECT * FROM users WHERE id=:id""`).",,,,
$db rollback,TDBC (Tcl Database Connectivity) / TDBC (Tcl-Datenbank-Konnektivität),"Roll back current transaction, discarding all changes.","Aktuelle Transaktion zurückrollen, alle Änderungen verwerfen.",,,,
$rs close,TDBC (Tcl Database Connectivity) / TDBC (Tcl-Datenbank-Konnektivität),Close result set and release resources.,Ergebnismenge schließen und Ressourcen freigeben.,,,,
$rs columns,TDBC (Tcl Database Connectivity) / TDBC (Tcl-Datenbank-Konnektivität),Return list of column names in result set.,Liste der Spaltennamen in Ergebnismenge zurückgeben.,,,,
$rs nextrow,TDBC (Tcl Database Connectivity) / TDBC (Tcl-Datenbank-Konnektivität),"Advance to next row in result set; returns 1 if available, 0 if exhausted.","Zur nächsten Zeile in Ergebnismenge vorrücken; gibt 1 zurück wenn verfügbar, 0 wenn erschöpft.",,,,
$rs rowcount,TDBC (Tcl Database Connectivity) / TDBC (Tcl-Datenbank-Konnektivität),"Return number of rows affected by statement (INSERT, UPDATE, DELETE).","Anzahl der von Statement betroffenen Zeilen zurückgeben (INSERT, UPDATE, DELETE).",,,,
$stmt allrows,TDBC (Tcl Database Connectivity) / TDBC (Tcl-Datenbank-Konnektivität),Execute prepared statement and return all result rows.,Vorbereitetes Statement ausführen und alle Ergebnis-Zeilen zurückgeben.,,,,
$stmt close,TDBC (Tcl Database Connectivity) / TDBC (Tcl-Datenbank-Konnektivität),Close prepared statement and release resources.,Vorbereitetes Statement schließen und Ressourcen freigeben.,,,,
$stmt execute,TDBC (Tcl Database Connectivity) / TDBC (Tcl-Datenbank-Konnektivität),"Execute prepared statement with parameter values (e.g., `$stmt execute -id 42`).",Vorbereitetes Statement mit Parameter-Werten ausführen (z.B. `$stmt execute -id 42`).,,,,
$stmt foreach,TDBC (Tcl Database Connectivity) / TDBC (Tcl-Datenbank-Konnektivität),Execute prepared statement and iterate over results.,Vorbereitetes Statement ausführen und über Ergebnisse iterieren.,,,,
Bind Variable,TDBC (Tcl Database Connectivity) / TDBC (Tcl-Datenbank-Konnektivität),"Named placeholder in SQL statement (e.g., `:id`, `:name`) for parameter binding.","Benannter Platzhalter in SQL-Statement (z.B. `:id`, `:name`) für Parameter-Bindung.",,,,
Transaction,TDBC (Tcl Database Connectivity) / TDBC (Tcl-Datenbank-Konnektivität),Database transaction grouping multiple operations for atomic execution.,"Datenbank-Transaktion, die mehrere Operationen für atomare Ausführung gruppiert.",,,,
tdbc,TDBC (Tcl Database Connectivity) / TDBC (Tcl-Datenbank-Konnektivität),"Tcl Database Connectivity - standard database abstraction layer (e.g., `package require tdbc`).",Tcl Database Connectivity - Standard-Datenbank-Abstraktionsschicht (z.B. `package require tdbc`).,,,,
tdbc::connection,TDBC (Tcl Database Connectivity) / TDBC (Tcl-Datenbank-Konnektivität),Database connection object providing query and transaction methods.,Datenbank-Verbindungs-Objekt mit Query- und Transaktions-Methoden.,,,,
tdbc::mysql,TDBC (Tcl Database Connectivity) / TDBC (Tcl-Datenbank-Konnektivität),"TDBC driver for MySQL/MariaDB databases (e.g., `package require tdbc::mysql`).",TDBC-Treiber für MySQL/MariaDB-Datenbanken (z.B. `package require tdbc::mysql`).,,,,
tdbc::odbc,TDBC (Tcl Database Connectivity) / TDBC (Tcl-Datenbank-Konnektivität),"TDBC driver for ODBC data sources (e.g., `package require tdbc::odbc`).",TDBC-Treiber für ODBC-Datenquellen (z.B. `package require tdbc::odbc`).,,,,
tdbc::postgres,TDBC (Tcl Database Connectivity) / TDBC (Tcl-Datenbank-Konnektivität),"TDBC driver for PostgreSQL databases (e.g., `package require tdbc::postgres`).",TDBC-Treiber für PostgreSQL-Datenbanken (z.B. `package require tdbc::postgres`).,,,,
tdbc::resultset,TDBC (Tcl Database Connectivity) / TDBC (Tcl-Datenbank-Konnektivität),Result set object from query execution providing row iteration and column access.,Ergebnismenge-Objekt aus Query-Ausführung mit Zeilen-Iteration und Spalten-Zugriff.,,,,
tdbc::sqlite3,TDBC (Tcl Database Connectivity) / TDBC (Tcl-Datenbank-Konnektivität),"TDBC driver for SQLite databases (e.g., `package require tdbc::sqlite3`).",TDBC-Treiber für SQLite-Datenbanken (z.B. `package require tdbc::sqlite3`).,,,,
tdbc::statement,TDBC (Tcl Database Connectivity) / TDBC (Tcl-Datenbank-Konnektivität),Prepared SQL statement object that can be executed multiple times with different parameters.,"Vorbereitetes SQL-Statement-Objekt, das mehrfach mit verschiedenen Parametern ausgeführt werden kann.",,,,
--with-tcl,TEA (Tcl Extension Architecture) / TEA (Tcl-Extension-Architektur),Configure option specifying directory containing tclConfig.sh.,Configure-Option zum Angeben des Verzeichnisses mit tclConfig.sh.,,,,
--with-tk,TEA (Tcl Extension Architecture) / TEA (Tcl-Extension-Architektur),Configure option specifying directory containing tkConfig.sh.,Configure-Option zum Angeben des Verzeichnisses mit tkConfig.sh.,,,,
TEA,TEA (Tcl Extension Architecture) / TEA (Tcl-Extension-Architektur),Tcl Extension Architecture; standardized build system for Tcl extensions using autotools.,Tcl Extension Architecture; standardisiertes Build-System für Tcl-Extensions mit autotools.,,,,
TEA_ADD_SOURCES / TEA_ADD_HEADERS,TEA (Tcl Extension Architecture) / TEA (Tcl-Extension-Architektur),TEA macros specifying source and header files for extension.,TEA-Makros zum Spezifizieren von Quell- und Header-Dateien für Extension.,,,,
TEA_INIT,TEA (Tcl Extension Architecture) / TEA (Tcl-Extension-Architektur),TEA macro initializing extension build configuration.,TEA-Makro zum Initialisieren der Extension-Build-Konfiguration.,,,,
TEA_LOAD_TCLCONFIG / TEA_LOAD_TKCONFIG,TEA (Tcl Extension Architecture) / TEA (Tcl-Extension-Architektur),TEA macros loading Tcl/Tk build configuration settings.,TEA-Makros zum Laden von Tcl/Tk-Build-Konfigurations-Einstellungen.,,,,
TEA_PATH_TCLCONFIG,TEA (Tcl Extension Architecture) / TEA (Tcl-Extension-Architektur),TEA macro locating Tcl installation and tclConfig.sh file.,TEA-Makro zum Lokalisieren von Tcl-Installation und tclConfig.sh-Datei.,,,,
TEA_PUBLIC_TCL_HEADERS,TEA (Tcl Extension Architecture) / TEA (Tcl-Extension-Architektur),TEA macro making Tcl headers available to extension build.,TEA-Makro zum Verfügbarmachen von Tcl-Headern für Extension-Build.,,,,
pkgIndex.tcl,TEA (Tcl Extension Architecture) / TEA (Tcl-Extension-Architektur),Package index file mapping package names to load scripts for auto-loading.,"Paket-Index-Datei, die Paketnamen auf Lade-Skripte für Auto-Loading abbildet.",,,,
tcl.m4,TEA (Tcl Extension Architecture) / TEA (Tcl-Extension-Architektur),Autoconf macros file providing TEA functionality for finding Tcl/Tk and configuring extensions.,"Autoconf-Makros-Datei, die TEA-Funktionalität zum Finden von Tcl/Tk und Konfigurieren von Extensions bietet.",,,,
tclConfig.sh,TEA (Tcl Extension Architecture) / TEA (Tcl-Extension-Architektur),"File containing Tcl build configuration (compiler flags, paths, version).","Datei mit Tcl-Build-Konfiguration (Compiler-Flags, Pfade, Version).",,,,
tclconfig,TEA (Tcl Extension Architecture) / TEA (Tcl-Extension-Architektur),Directory containing TEA autoconf macros (tcl.m4) for Tcl extension building.,Verzeichnis mit TEA-autoconf-Makros (tcl.m4) für Tcl-Extension-Bau.,,,,
tkConfig.sh,TEA (Tcl Extension Architecture) / TEA (Tcl-Extension-Architektur),File containing Tk build configuration for building Tk extensions.,Datei mit Tk-Build-Konfiguration für Bau von Tk-Extensions.,,,,
Element,TTK Theme und Style / TTK Theme and Style,"Basic building block of ttk widget appearance (border, field, indicator, etc.).","Grundbaustein des TTK-Widget-Aussehens (Border, Field, Indicator, etc.).",,,,
Theme,TTK Theme und Style / TTK Theme and Style,"Consistent visual appearance system for ttk widgets; includes clam, alt, default, classic.","Konsistentes visuelles Erscheinungsbild-System für TTK-Widgets; umfasst clam, alt, default, classic.",,,,
ttk::style,TTK Theme und Style / TTK Theme and Style,"Configure ttk widget appearance using theme system (e.g., `ttk::style configure TButton -background blue`).",TTK-Widget-Aussehen mit Theme-System konfigurieren (z.B. `ttk::style configure TButton -background blue`).,,,,
ttk::style configure,TTK Theme und Style / TTK Theme and Style,Set default options for ttk widget style class.,Standard-Optionen für TTK-Widget-Stil-Klasse setzen.,,,,
ttk::style element create,TTK Theme und Style / TTK Theme and Style,Create custom theme element for ttk widgets.,Benutzerdefiniertes Theme-Element für TTK-Widgets erstellen.,,,,
ttk::style layout,TTK Theme und Style / TTK Theme and Style,Define or query element layout for ttk widget style.,Element-Layout für TTK-Widget-Stil definieren oder abfragen.,,,,
ttk::style lookup,TTK Theme und Style / TTK Theme and Style,Query effective option value for style in specific state.,Effektiven Optionswert für Stil in spezifischem Zustand abfragen.,,,,
ttk::style map,TTK Theme und Style / TTK Theme and Style,"Set state-dependent options for ttk widget style (e.g., map active, disabled states).","Zustandsabhängige Optionen für TTK-Widget-Stil setzen (z.B. active, disabled Zustände abbilden).",,,,
ttk::style theme names,TTK Theme und Style / TTK Theme and Style,Return list of available ttk themes.,Liste verfügbarer TTK-Themes zurückgeben.,,,,
ttk::style theme use,TTK Theme und Style / TTK Theme and Style,"Set active ttk theme (e.g., `ttk::style theme use clam`).",Aktives TTK-Theme setzen (z.B. `ttk::style theme use clam`).,,,,
ttk::combobox,TTK-Widgets / TTK Widgets,Themed dropdown / typeahead widget. Syntax: ttk::combobox .cb -textvariable v -values {a b c} -state normal|readonly|disabled -postcommand cmd. Generates <<ComboboxSelected>> event on selection. -state readonly prevents free-text entry. The themed alternative to tk_optionMenu and a custom listbox+entry combination.,Themed Dropdown- / Typeahead-Widget. Syntax: ttk::combobox .cb -textvariable v -values {a b c} -state normal|readonly|disabled -postcommand cmd. Generiert <<ComboboxSelected>>-Event bei Auswahl. -state readonly verhindert Freitext. Themed-Alternative zu tk_optionMenu und einer Custom-Listbox+Entry-Kombination.,,,,
ttk::notebook,TTK-Widgets / TTK Widgets,"Tabbed widget container. Syntax: ttk::notebook .nb; .nb add .frame -text ""Tab1"" -underline 0; .nb select .frame; .nb tab .frame -text ""..."". Generates <<NotebookTabChanged>> event. Themed alternative to BWidget NoteBook. Each tab hosts a child frame.","Tab-Container-Widget. Syntax: ttk::notebook .nb; .nb add .frame -text ""Tab1"" -underline 0; .nb select .frame; .nb tab .frame -text ""..."". Generiert <<NotebookTabChanged>>-Event. Themed-Alternative zum BWidget-NoteBook. Jeder Tab beherbergt einen Child-Frame.",,,,
ttk::progressbar,TTK-Widgets / TTK Widgets,"Progress indicator. Syntax: ttk::progressbar .pb -mode determinate|indeterminate -maximum 100 -value 50 -variable v -orient horizontal|vertical. determinate: shows progress 0..max. indeterminate: animation, no concrete value. Use .pb start ?ms? / .pb stop for indeterminate animation.","Fortschritts-Anzeige. Syntax: ttk::progressbar .pb -mode determinate|indeterminate -maximum 100 -value 50 -variable v -orient horizontal|vertical. determinate: zeigt Fortschritt 0..max. indeterminate: Animation, kein konkreter Wert. .pb start ?ms? / .pb stop fuer indeterminate-Animation.",,,,
ttk::separator,TTK-Widgets / TTK Widgets,Themed line widget for visual separation. Syntax: ttk::separator .sep -orient horizontal|vertical. Replaces the old TLabel-with-relief workaround. Often used in toolbars and forms.,Themed Linien-Widget fuer visuelle Trennung. Syntax: ttk::separator .sep -orient horizontal|vertical. Ersetzt den alten TLabel-mit-Relief-Workaround. Oft in Toolbars und Formularen genutzt.,,,,
ttk::sizegrip,TTK-Widgets / TTK Widgets,Resize handle in the bottom-right corner of a window (visual cue for resize). Syntax: ttk::sizegrip .sg. Pack at the bottom-right of a toplevel. On X11/macOS the OS handles resize anyway; on Windows this is a visible cue.,Resize-Griff in der unteren rechten Ecke eines Fensters (visuelles Feedback). Syntax: ttk::sizegrip .sg. In die untere rechte Ecke eines Toplevels packen. Auf X11/macOS uebernimmt das OS das Resize ohnehin; auf Windows ist das ein sichtbarer Hinweis.,,,,
ttk::spinbox,TTK-Widgets / TTK Widgets,TTK version of spinbox widget with up/down arrows for numeric input.,TTK-Version des Spinbox-Widgets mit Auf/Ab-Pfeilen für numerische Eingabe.,,,,
ttk::treeview,TTK-Widgets / TTK Widgets,TTK widget displaying hierarchical data in tree or table format (already mentioned but adding here for completeness).,"TTK-Widget zur Anzeige hierarchischer Daten in Baum- oder Tabellenformat (bereits erwähnt, aber hier für Vollständigkeit).",,,,
Cell,Tabellen und Layout / Tables and Layout,Individual element at row/column intersection in table; contains single data value; in grid: widget occupies cell(s); in tablelist: editable or read-only cell.,Einzelnes Element an Zeilen-/Spalten-Kreuzung in Tabelle; enthält einzelnen Daten-Wert; in Grid: Widget belegt Zelle(n); in tablelist: bearbeitbare oder schreibgeschützte Zelle.,,,,
Column,Tabellen und Layout / Tables and Layout,Vertical line in table or grid; contains cells down rows; in grid manager: `-column` option; in tablelist: each column has header and type; in text: character position in line.,Vertikale Linie in Tabelle oder Raster; enthält Zellen nach unten; in Grid-Manager: `-column`-Option; in tablelist: jede Spalte hat Header und Typ; im Text: Zeichen-Position in Zeile.,,,,
Columnspan,Tabellen und Layout / Tables and Layout,"Number of columns cell occupies in grid; in Tk: `-columnspan` option (e.g., `grid .widget -columnspan 3`); cell extends horizontally across multiple columns.","Anzahl der Spalten, die Zelle im Grid belegt; in Tk: `-columnspan`-Option (z.B. `grid .widget -columnspan 3`); Zelle erstreckt sich horizontal über mehrere Spalten.",,,,
Grid (Layout),Tabellen und Layout / Tables and Layout,Table-like layout system in Tk; arranges widgets in rows and columns; cells can span multiple rows/columns; command: `grid .widget -row 0 -column 0`.,Tabellenartiges Layout-System in Tk; ordnet Widgets in Zeilen und Spalten an; Zellen können mehrere Zeilen/Spalten überspannen; Befehl: `grid .widget -row 0 -column 0`.,,,,
Row,Tabellen und Layout / Tables and Layout,Horizontal line in table or grid; contains cells across columns; in Tcl grid manager: `-row` option specifies row position; in tablelist: each row is data record.,Horizontale Linie in Tabelle oder Raster; enthält Zellen über Spalten; in Tcl-Grid-Manager: `-row`-Option spezifiziert Zeilen-Position; in tablelist: jede Zeile ist Datensatz.,,,,
Rowspan,Tabellen und Layout / Tables and Layout,"Number of rows cell occupies in grid; in Tk: `-rowspan` option (e.g., `grid .widget -rowspan 2`); cell extends vertically across multiple rows.","Anzahl der Zeilen, die Zelle im Grid belegt; in Tk: `-rowspan`-Option (z.B. `grid .widget -rowspan 2`); Zelle erstreckt sich vertikal über mehrere Zeilen.",,,,
Table,Tabellen und Layout / Tables and Layout,"Two-dimensional data structure arranged in rows and columns; Tcl packages: tablelist (tklib), tktable; can be implemented with grid geometry manager or text widget.","Zweidimensionale Datenstruktur angeordnet in Zeilen und Spalten; Tcl-Pakete: tablelist (tklib), tktable; kann mit Grid-Geometry-Manager oder Text-Widget implementiert werden.",,,,
Table Header,Tabellen und Layout / Tables and Layout,Top row in table containing column names/titles; typically fixed and styled differently; in tablelist: configured with `-columns` option.,Oberste Zeile in Tabelle mit Spalten-Namen/Titeln; typischerweise fixiert und anders gestaltet; in tablelist: konfiguriert mit `-columns`-Option.,,,,
Bindtag,Tag-Systeme / Tag Systems,Tag in bindtags list determining event binding lookup order; controls which bindings fire for widget events.,"Tag in Bindtags-Liste, der Event-Binding-Lookup-Reihenfolge bestimmt; steuert welche Bindings für Widget-Ereignisse feuern.",,,,
Tag (Canvas),Tag-Systeme / Tag Systems,Label associated with canvas items for grouping and manipulation; one item can have multiple tags; special tag `all` refers to all items; `current` refers to item under mouse.,Label verknüpft mit Canvas-Elementen für Gruppierung und Manipulation; ein Element kann mehrere Tags haben; spezieller Tag `all` bezieht sich auf alle Elemente; `current` bezieht sich auf Element unter Maus.,,,,
Tag (General),Tag-Systeme / Tag Systems,"Named identifier associated with data or elements; used in multiple Tcl/Tk contexts: text widget tags, canvas tags, bindtags, HTML-like tags.","Benannte Kennung verknüpft mit Daten oder Elementen; verwendet in mehreren Tcl/Tk-Kontexten: Text-Widget-Tags, Canvas-Tags, Bindtags, HTML-ähnliche Tags.",,,,
Tag (Text Widget),Tag-Systeme / Tag Systems,"Named region in text widget for applying formatting, bindings, or properties to character ranges; multiple tags can overlap (e.g., `.text tag add bold 1.0 1.5`).","Benannte Region im Text-Widget zum Anwenden von Formatierung, Bindings oder Eigenschaften auf Zeichenbereiche; mehrere Tags können überlappen (z.B. `.text tag add bold 1.0 1.5`).",,,,
Tag Names (Text Widget),Tag-Systeme / Tag Systems,"Command returning list of all tags defined in text widget (e.g., `.text tag names`).","Befehl, der Liste aller im Text-Widget definierten Tags zurückgibt (z.B. `.text tag names`).",,,,
Tag Priority (Text Widget),Tag-Systeme / Tag Systems,Order in which text tags are applied when overlapping; later tags have higher priority; controlled by tag creation order or `tag raise`/`tag lower` commands.,"Reihenfolge, in der Text-Tags angewendet werden wenn überlappend; spätere Tags haben höhere Priorität; gesteuert durch Tag-Erstellungs-Reihenfolge oder `tag raise`/`tag lower`-Befehle.",,,,
Tag Range,Tag-Systeme / Tag Systems,Start and end indices defining region where tag is applied in text widget; one tag can have multiple ranges.,"Start- und End-Indizes, die Region definieren, wo Tag im Text-Widget angewendet wird; ein Tag kann mehrere Bereiche haben.",,,,
delete,Tcl-Befehle erweitert / Tcl Commands Extended,Context-dependent: text widget: delete characters (`.text delete 1.0 end`); listbox: delete items (`.listbox delete 0 end`); canvas: use `delete` tag; not standalone Tcl command; widget-specific; removes content without destroying widget.,Kontext-abhängig: Text-Widget: Zeichen löschen (`.text delete 1.0 end`); Listbox: Elemente löschen (`.listbox delete 0 end`); Canvas: `delete`-Tag verwenden; kein eigenständiger Tcl-Befehl; Widget-spezifisch; entfernt Inhalt ohne Widget zu zerstören.,,,,
forget,Tcl-Befehle erweitert / Tcl Commands Extended,Remove widget from geometry manager without destroying; syntax: `pack forget .widget` or `grid forget .widget`; widget still exists but not displayed; can be re-managed later; useful for hiding/showing widgets; retains widget state.,Widget von Geometry-Manager entfernen ohne zu zerstören; Syntax: `pack forget .widget` oder `grid forget .widget`; Widget existiert noch aber nicht angezeigt; kann später wieder verwaltet werden; nützlich für Verstecken/Zeigen von Widgets; behält Widget-Zustand.,,,,
BAWT,Tcl-Deployment und Distribution / Tcl Deployment and Distribution,"Build All With Tcl — cross-compilation framework for Tcl/Tk and its ecosystem. Builds Tcl, Tk, and many extensions for multiple target platforms from one configuration. Used to produce the Tclkit/Tclbi distributions on tcl3d.org. Approach: declarative build descriptions per package, automatic dependency ordering, cross-toolchain support. Useful when needing custom Tcl distributions or supporting many platforms.","Build All With Tcl — Cross-Kompilations-Framework fuer Tcl/Tk und sein Oekosystem. Baut Tcl, Tk und viele Erweiterungen fuer mehrere Zielplattformen aus einer Konfiguration. Wird verwendet um die Tclkit/Tclbi-Distributionen auf tcl3d.org zu produzieren. Ansatz: deklarative Build-Beschreibungen pro Paket, automatische Abhaengigkeits-Ordnung, Cross-Toolchain-Support. Nuetzlich wenn man eigene Tcl-Distributionen oder viele Plattformen unterstuetzen muss.",,,,
Bytecode (Tcl),Tcl-Deployment und Distribution / Tcl Deployment and Distribution,Compiled intermediate representation of Tcl scripts; generated automatically at runtime by Tcl interpreter for faster execution; stored in memory as Tcl_Obj internal representation; transparent to programmer; can be pre-compiled with TclPro or tbcload.,Kompilierte Zwischendarstellung von Tcl-Skripten; automatisch zur Laufzeit vom Tcl-Interpreter generiert für schnellere Ausführung; im Speicher gespeichert als Tcl_Obj interne Darstellung; transparent für Programmierer; kann mit TclPro oder tbcload vorkompiliert werden.,,,,
FreeWrap,Tcl-Deployment und Distribution / Tcl Deployment and Distribution,Tool wrapping Tcl/Tk applications into standalone executables; alternative to starpack approach; creates single .exe (Windows) or binary (Unix); includes interpreter and all dependencies; simpler than starkit/sdx but less flexible.,Tool zum Verpacken von Tcl/Tk-Anwendungen in eigenständige ausführbare Dateien; Alternative zu Starpack-Ansatz; erstellt einzelne .exe (Windows) oder Binary (Unix); enthält Interpreter und alle Abhängigkeiten; einfacher als starkit/sdx aber weniger flexibel.,,,,
Metakit,Tcl-Deployment und Distribution / Tcl Deployment and Distribution,"Embedded database library used as the VFS backend for classic Tcl 8.6 Starpacks. A single-file, column-oriented database that Starkits/Starpacks use to package application files (Tcl scripts, libraries, images, etc.) into the appended VFS. Accessed via the `vfs::mk4` Tcl extension. Predates ZipFS by about two decades; replaced in Tcl 9 by ZipFS for simplicity. Still mature and stable for Tcl 8.6 deployment.","Eingebettete Datenbank-Bibliothek, die als VFS-Backend fuer klassische Tcl-8.6-Starpacks verwendet wird. Eine single-file spalten-orientierte Datenbank, die Starkits/Starpacks nutzen, um Anwendungsdateien (Tcl-Scripts, Bibliotheken, Bilder usw.) in das angehaengte VFS zu packen. Angesprochen ueber die `vfs::mk4`-Tcl-Erweiterung. Etwa zwei Jahrzehnte aelter als ZipFS; in Tcl 9 zugunsten von ZipFS ersetzt. Fuer Tcl-8.6-Deployment weiterhin reif und stabil.",,,,
SDX (Starkit Developer eXtension),Tcl-Deployment und Distribution / Tcl Deployment and Distribution,"Tool for creating, manipulating, and wrapping starkits/starpacks; commands: `sdx qwrap` (create starkit), `sdx unwrap` (extract), `sdx wrap` (package); manages VFS and metadata; essential for starkit development.","Tool zum Erstellen, Manipulieren und Verpacken von Starkits/Starpacks; Befehle: `sdx qwrap` (Starkit erstellen), `sdx unwrap` (extrahieren), `sdx wrap` (paketieren); verwaltet VFS und Metadaten; essentiell für Starkit-Entwicklung.",,,,
Starkit,Tcl-Deployment und Distribution / Tcl Deployment and Distribution,"Self-contained Tcl application archive; ZIP file with .kit extension containing Tcl scripts, libraries, and resources; uses Virtual File System; runs with tclkit; format: standard ZIP with main.tcl entry point in VFS.","Eigenständiges Tcl-Anwendungs-Archiv; ZIP-Datei mit .kit-Endung enthaltend Tcl-Skripte, Bibliotheken und Ressourcen; verwendet Virtual File System; läuft mit tclkit; Format: Standard-ZIP mit main.tcl-Einstiegspunkt im VFS.",,,,
Starpack,Tcl-Deployment und Distribution / Tcl Deployment and Distribution,Starkit wrapped with tclkit runtime into single executable; combines application and interpreter; truly standalone - no external dependencies; created by appending starkit to tclkit; platform-specific.,Starkit verpackt mit tclkit-Laufzeit in einzelne ausführbare Datei; kombiniert Anwendung und Interpreter; wirklich eigenständig - keine externen Abhängigkeiten; erstellt durch Anhängen von Starkit an tclkit; plattformspezifisch.,,,,
TclCompiler,Tcl-Deployment und Distribution / Tcl Deployment and Distribution,"Tool compiling Tcl scripts to bytecode or native code; multiple implementations: TclPro Compiler (commercial, discontinued), tbcload (bytecode), various third-party tools; improves startup time and provides some obfuscation.","Tool zum Kompilieren von Tcl-Skripten zu Bytecode oder nativem Code; mehrere Implementierungen: TclPro Compiler (kommerziell, eingestellt), tbcload (Bytecode), verschiedene Drittanbieter-Tools; verbessert Startzeit und bietet etwas Verschleierung.",,,,
Tclkit,Tcl-Deployment und Distribution / Tcl Deployment and Distribution,"Single-file Tcl/Tk runtime combining interpreter, libraries, and Virtual File System (VFS); self-contained executable for deployment; no installation needed; available for multiple platforms; runs starkits and standalone scripts.","Einzeldatei Tcl/Tk-Laufzeitumgebung, die Interpreter, Bibliotheken und Virtual File System (VFS) kombiniert; eigenständige ausführbare Datei für Deployment; keine Installation nötig; verfügbar für mehrere Plattformen; führt Starkits und eigenständige Skripte aus.",,,,
VFS (Virtual File System),Tcl-Deployment und Distribution / Tcl Deployment and Distribution,"Tcl package providing virtual file system layer; allows ZIP archives, HTTP, FTP to appear as directories; used by starkits for embedded resources; transparent to Tcl file operations; `package require vfs`.","Tcl-Paket mit virtueller Dateisystem-Schicht; ermöglicht ZIP-Archive, HTTP, FTP als Verzeichnisse erscheinen zu lassen; verwendet von Starkits für eingebettete Ressourcen; transparent für Tcl-Datei-Operationen; `package require vfs`.",,,,
ZipFS,Tcl-Deployment und Distribution / Tcl Deployment and Distribution,"ZIP-based virtual filesystem built into Tcl 9 core. Mounts ZIP files as if they were directories, so any Tcl code that does `open`, `glob`, `source`, `file exists` works transparently against ZIP contents. The mechanism that makes Zipkits work. Used at runtime via `zipfs mount /vfs/myapp myapp.zip`. Replaces Metakit/VFS as the standard deployment infrastructure in Tcl 9.","ZIP-basiertes virtuelles Dateisystem, eingebaut im Tcl-9-Core. Mountet ZIP-Dateien, als waeren sie Verzeichnisse, sodass jeder Tcl-Code mit `open`, `glob`, `source`, `file exists` transparent auf ZIP-Inhalte zugreift. Der Mechanismus, der Zipkits ermoeglicht. Zur Laufzeit verwendet via `zipfs mount /vfs/myapp myapp.zip`. Ersetzt Metakit/VFS als Standard-Deployment-Infrastruktur in Tcl 9.",,,,
Zipkit,Tcl-Deployment und Distribution / Tcl Deployment and Distribution,"Tcl 9 single-file-binary format. The successor to Starpack: instead of Metakit + SDX, a Zipkit is a Tcl interpreter binary with a ZIP archive appended at the end. The interpreter mounts the appended ZIP as ZipFS at startup. No external tools needed for creation — `tclsh9` can build Zipkits itself via the built-in `zipfs mkimg` command. Smaller than Starpacks, simpler to build, but Tcl-9-only.","Tcl-9-Single-File-Binary-Format. Nachfolger des Starpacks: statt Metakit + SDX ist ein Zipkit eine Tcl-Interpreter-Binary mit angehaengtem ZIP-Archiv am Ende. Der Interpreter mountet das angehaengte ZIP als ZipFS beim Start. Keine externen Werkzeuge zur Erzeugung noetig — `tclsh9` baut Zipkits selbst via den eingebauten `zipfs mkimg`-Befehl. Kleiner als Starpacks, einfacher zu bauen, aber Tcl-9-only.",,,,
tbcload,Tcl-Deployment und Distribution / Tcl Deployment and Distribution,Tcl package loading precompiled bytecode files (.tbc extension); provides bytecode compilation and loading; improves startup performance; basic code obfuscation; usage: `package require tbcload; source script.tbc`.,Tcl-Paket zum Laden vorkompilierter Bytecode-Dateien (.tbc-Endung); bietet Bytecode-Kompilierung und -Laden; verbessert Startperformance; grundlegende Code-Verschleierung; Verwendung: `package require tbcload; source script.tbc`.,,,,
ABI,Tcl-Konzepte / Tcl Concepts,"Application Binary Interface — the contract between compiled code modules: function-calling conventions, struct layout, register usage, name mangling, symbol visibility. Distinct from API (source-level interface): two code bases can be source-compatible but ABI-incompatible if compiled with different compilers, struct definitions, or alignment rules. For Tcl C extensions: matching ABI between extension and Tcl interpreter is critical — wrong ABI causes crashes, not compile errors. Tcl's Stubs mechanism exists specifically to insulate extensions from interpreter-version ABI changes.","Application Binary Interface — der Vertrag zwischen kompilierten Code-Modulen: Funktions-Aufrufkonventionen, Struct-Layout, Register-Nutzung, Name-Mangling, Symbol-Sichtbarkeit. Verschieden von API (Source-Level-Schnittstelle): zwei Code-Basen koennen source-kompatibel, aber ABI-inkompatibel sein, wenn sie mit unterschiedlichen Compilern, Struct-Definitionen oder Alignment-Regeln kompiliert werden. Fuer Tcl-C-Erweiterungen: uebereinstimmende ABI zwischen Erweiterung und Tcl-Interpreter ist kritisch — falsche ABI verursacht Crashs, keine Compile-Errors. Tcls Stubs-Mechanismus existiert genau um Erweiterungen vor Interpreter-Versions-ABI-Aenderungen zu isolieren.",,,,
API,Tcl-Konzepte / Tcl Concepts,"Application Programming Interface — the source-code-level contract between code modules: which functions exist, what arguments they take, what types they return, what they do. Generally stable across compilers, OSes, and architectures (a function declared the same way will compile the same way). Tcl-level analog: the documented commands of a package. C-level analog: the headers an extension exposes. Distinct from ABI (binary-level contract).","Application Programming Interface — der Source-Code-Level-Vertrag zwischen Code-Modulen: welche Funktionen existieren, welche Argumente sie nehmen, welche Typen sie zurueckgeben, was sie tun. In der Regel stabil ueber Compiler, OSes und Architekturen hinweg (eine gleich deklarierte Funktion kompiliert gleich). Tcl-Level-Pendant: die dokumentierten Befehle eines Pakets. C-Level-Pendant: die Header, die eine Erweiterung exponiert. Verschieden von ABI (Binary-Level-Vertrag).",,,,
Bind-Substitutions (%),Tcl-Konzepte / Tcl Concepts,"Special `%`-prefixed sequences in Tk `bind` scripts that Tk substitutes with event-specific values just before the script runs. The most common: `%W` (widget), `%x` `%y` (mouse coords relative to widget), `%X` `%Y` (root coords), `%K` (keysym), `%A` (ASCII char), `%b` (button number), `%s` (state modifier bits), `%T` (event type), `%t` (timestamp). The full list is in the `bind` man page. Use them in `bind` arguments, never elsewhere — they only get expanded by Tk's binding interpreter. Common pitfall: must be doubled in Tcl-substituted strings (`""%W""` not `%W` if the binding string is also passing through Tcl interpolation).","Spezielle mit `%` praefigierte Sequenzen in Tk-`bind`-Scripts, die Tk kurz vor Script-Ausfuehrung mit Event-spezifischen Werten ersetzt. Die haeufigsten: `%W` (Widget), `%x` `%y` (Maus-Koordinaten relativ zum Widget), `%X` `%Y` (Root-Koordinaten), `%K` (Keysym), `%A` (ASCII-Zeichen), `%b` (Button-Nummer), `%s` (State-Modifier-Bits), `%T` (Event-Typ), `%t` (Zeitstempel). Vollstaendige Liste in der `bind`-Manpage. Nur in `bind`-Argumenten benutzen, sonst nirgends — sie werden nur von Tks Binding-Interpreter expandiert. Haeufige Falle: muessen verdoppelt werden, wenn der Binding-String auch durch Tcl-Interpolation laeuft.",,,,
Channel-Driver,Tcl-Konzepte / Tcl Concepts,"The C-level interface for implementing custom Tcl channels. A Channel-Driver is a struct of function pointers (`Tcl_ChannelType`) implementing `read`, `write`, `seek`, `close`, `getOptions`, `setOptions`, `watch`, etc. Once registered via `Tcl_CreateChannel`, the driver presents a new channel type to scripts that works with all standard Tcl I/O commands (`puts`, `gets`, `read`, `chan event`). Used by Tcl extensions for sockets, pipes, memory channels, encrypted channels, compression channels.","Die C-Level-Schnittstelle zum Implementieren eigener Tcl-Kanaele. Ein Channel-Driver ist ein Struct aus Funktions-Zeigern (`Tcl_ChannelType`), die `read`, `write`, `seek`, `close`, `getOptions`, `setOptions`, `watch` usw. implementieren. Einmal via `Tcl_CreateChannel` registriert, praesentiert der Driver Scripts einen neuen Kanal-Typ, der mit allen Standard-Tcl-IO-Befehlen funktioniert (`puts`, `gets`, `read`, `chan event`). Verwendet von Tcl-Erweiterungen fuer Sockets, Pipes, Memory-Kanaele, verschluesselte Kanaele, Kompressions-Kanaele.",,,,
ClientData,Tcl-Konzepte / Tcl Concepts,"Generic pointer type in the Tcl C-API, used as a type-erased payload for callbacks. When you register a command, trace, or channel handler via the Tcl C-API, you pass a `ClientData` value that gets passed back to your callback. Effectively `void *` with a Tcl-specific name. Idiomatic usage: the `ClientData` points to a C struct holding the extension's per-callback state.","Generischer Pointer-Typ in der Tcl-C-API, verwendet als typ-geloeschte Nutzlast fuer Callbacks. Beim Registrieren eines Befehls, Traces oder Channel-Handlers via Tcl-C-API uebergibt man einen `ClientData`-Wert, der an den eigenen Callback zurueck uebergeben wird. Im Wesentlichen `void *` mit Tcl-spezifischem Namen. Idiomatische Verwendung: das `ClientData` zeigt auf ein C-Struct mit dem Pro-Callback-Zustand der Erweiterung.",,,,
Closure (Tcl),Tcl-Konzepte / Tcl Concepts,"A function bundled with a captured environment of variable values. Tcl supports closures three ways: (1) `apply {{args} body $namespace}` — Lambda forms with namespace context; (2) capturing values into a `dict` or list passed to the callback; (3) TclOO objects holding state. The first is the most direct: `set incr [list apply {{x} {return [expr {$x + 1}]}}]; {*}$incr 5` works as a true closure. Common use: deferred callbacks for `after`, `bind`, `fileevent` where the callback needs values from the current scope. Distinct from ""closure"" in the math sense (transitive closure of a graph) — this entry is the language-design meaning.","Eine Funktion gebuendelt mit einer gefangenen Umgebung von Variablenwerten. Tcl unterstuetzt Closures auf drei Wegen: (1) `apply {{args} body $namespace}` — Lambda-Form mit Namespace-Kontext; (2) Werte in einen `dict` oder eine Liste packen, die an den Callback uebergeben wird; (3) TclOO-Objekte mit Zustand. Erste Variante ist am direktesten: `set incr [list apply {{x} {return [expr {$x + 1}]}}]; {*}$incr 5` funktioniert als echte Closure. Typischer Einsatz: aufgeschobene Callbacks fuer `after`, `bind`, `fileevent`, bei denen der Callback Werte aus dem aktuellen Scope braucht. Verschieden von ""Closure"" im mathematischen Sinn (transitive Huelle eines Graphen) — dieser Eintrag meint die Sprachdesign-Bedeutung.",,,,
Command-Prefix,Tcl-Konzepte / Tcl Concepts,"A Tcl design pattern: a callback is represented as a partial command — a list of words that will later be extended with additional arguments and executed. Used pervasively: `bind`, `after`, `trace add variable`, `fileevent`, channel `-command` options, ensemble dispatch. The pattern: `lappend cmd ...` and later `{*}$cmd extra_arg`. Allows clean parameter capture and is type-safe (a script string would need quoting/eval).","Ein Tcl-Design-Pattern: ein Callback wird als partieller Befehl dargestellt — eine Liste von Wortern, die spaeter mit zusaetzlichen Argumenten erweitert und ausgefuehrt wird. Allgegenwaertig: `bind`, `after`, `trace add variable`, `fileevent`, Kanal-`-command`-Optionen, Ensemble-Dispatch. Das Muster: `lappend cmd ...` und spaeter `{*}$cmd extra_arg`. Erlaubt sauberes Parameter-Capture und ist typsicher (ein Script-String braeuchte Quoting/eval).",,,,
Duality (Tcl),Tcl-Konzepte / Tcl Concepts,"Tcl's core type model: every value has two representations simultaneously — a string form (the canonical, always-up-to-date Unicode text) and an internal form (a list, dict, integer, double, etc., cached for fast access). When a value is used as a string, the string form is read; when used as a list, the cached list representation is used. The two are kept in sync by the interpreter. Distinct from ""shimmering"": duality is the *static* property of having both representations; shimmering is the *dynamic* cost of repeatedly switching between them.","Tcls Kern-Typ-Modell: jeder Wert hat zwei Repraesentationen gleichzeitig — eine String-Form (der kanonische, immer aktuelle Unicode-Text) und eine interne Form (eine Liste, ein Dict, ein Integer, ein Double usw., fuer schnellen Zugriff gecached). Wird der Wert als String genutzt, wird die String-Form gelesen; wird er als Liste genutzt, wird die gecachte Listen-Repraesentation genutzt. Der Interpreter haelt beide synchron. Verschieden von ""Shimmering"": Duality ist die *statische* Eigenschaft, beide Repraesentationen zu haben; Shimmering ist der *dynamische* Aufwand staendigen Hin-und-Her-Wechselns.",,,,
Encoding-Profile,Tcl-Konzepte / Tcl Concepts,"Tcl 9 concept: a profile controls how `encoding convertto` / `convertfrom` handle invalid byte sequences or characters not representable in the target encoding. Three profiles: `strict` (raise an error on any invalid input — default in Tcl 9), `replace` (substitute U+FFFD for invalid input), `tcl8` (the lenient Tcl-8 behaviour for backward compatibility). Set via `encoding convertto -profile replace utf-8 $str`. A breaking change from Tcl 8.6 where lenient was implicit.","Tcl-9-Konzept: ein Profil steuert wie `encoding convertto` / `convertfrom` mit ungueltigen Byte-Sequenzen oder im Ziel-Encoding nicht darstellbaren Zeichen umgehen. Drei Profile: `strict` (Fehler bei jeder ungueltigen Eingabe — Default in Tcl 9), `replace` (Ersetzung mit U+FFFD bei ungueltiger Eingabe), `tcl8` (das nachsichtige Tcl-8-Verhalten fuer Abwaerts-Kompatibilitaet). Gesetzt via `encoding convertto -profile replace utf-8 $str`. Eine Breaking Change gegenueber Tcl 8.6, wo nachsichtiges Verhalten implizit war.",,,,
IDNA,Tcl-Konzepte / Tcl Concepts,"Internationalized Domain Names in Applications — standard (RFC 5891 / Punycode RFC 3492) for representing domain names with non-ASCII characters. `encoding convertto idna ""münchen.de""` returns the ASCII Punycode form. Supported by Tcl's `encoding` command since Tcl 9.0. Used for HTTP requests, DNS lookups, certificate validation — anywhere a domain name must be in ASCII over the wire.","Internationalized Domain Names in Applications — Standard (RFC 5891 / Punycode RFC 3492) zur Darstellung von Domain-Namen mit nicht-ASCII-Zeichen. `encoding convertto idna ""muenchen.de""` liefert die ASCII-Punycode-Form. Vom `encoding`-Befehl in Tcl seit 9.0 unterstuetzt. Verwendet fuer HTTP-Requests, DNS-Lookups, Zertifikats-Validierung — ueberall wo ein Domain-Name on-the-wire ASCII sein muss.",,,,
Idle-Callback,Tcl-Konzepte / Tcl Concepts,"A callback registered via `after idle script` — runs not after a fixed delay, but when the event loop becomes idle (no other events pending, no `update` running). Standard mechanism for deferring work that should happen ""soon, after the current chaos settles"" — typical use: redrawing a widget after multiple property changes, without doing it once per change. Implemented as a separate priority queue in the event loop; idle callbacks fire just before the event loop would block waiting for new events. Counterpart to `after $ms script` which fires on a timer.","Ein Callback, registriert via `after idle script` — laeuft nicht nach einer festen Verzoegerung, sondern wenn die Eventloop idle wird (keine anderen Events ausstehend, kein `update` laufend). Standard-Mechanismus zum Verschieben von Arbeit, die ""bald, nachdem das aktuelle Chaos sich gelegt hat"" passieren soll — typischer Einsatz: ein Widget nach mehreren Property-Aenderungen neu zeichnen, ohne das pro Aenderung zu tun. Implementiert als separate Prioritaets-Queue in der Eventloop; Idle-Callbacks feuern direkt bevor die Eventloop blockieren wuerde, um auf neue Events zu warten. Pendant zu `after $ms script`, das auf einen Timer feuert.",,,,
Internal Representation (intrep),Tcl-Konzepte / Tcl Concepts,"The cached, typed form of a Tcl_Obj alongside its canonical string form. When you `set x 42`, the string form is `""42""` and the intrep gets set to an integer once arithmetic touches it. When `lindex $list 0` is called, the list's intrep is the parsed C-array of items. Reads through the intrep are O(1); falling back to re-parsing the string would be O(n). Custom intreps (declared via Tcl_ObjType) are how extensions like rl_json or sqlite3 keep parsed-and-typed data on the Tcl side without repeated parse cost.","Die gecachte, typisierte Form eines Tcl_Obj neben seiner kanonischen String-Form. Bei `set x 42` ist die String-Form `""42""` und der intrep wird auf Integer gesetzt, sobald Arithmetik ihn beruehrt. Bei `lindex $list 0` ist der intrep der Liste das geparste C-Array der Elemente. Lesezugriffe ueber den intrep sind O(1); ein Fallback auf Re-Parsen des Strings waere O(n). Eigene Intreps (deklariert via Tcl_ObjType) sind das Mittel, mit dem Erweiterungen wie rl_json oder sqlite3 geparste und typisierte Daten auf Tcl-Seite halten ohne wiederholten Parse-Aufwand.",,,,
MVC (Model-View-Controller),Tcl-Konzepte / Tcl Concepts,"Architectural pattern that separates an application into three concerns: Model (data and business rules), View (the visual representation of the data), Controller (input handling and coordination). In Tcl/Tk, the Tk widget hierarchy is the View; Model is typically pure-Tcl objects (often TclOO or `dict` structures) with no Tk dependencies; Controller is the binding/callback layer. Variant patterns common in Tcl/Tk practice: MVP (Model-View-Presenter), MVVM (Model-View-ViewModel), and the simpler Observer pattern. The point is decoupling — Model code should be testable without instantiating Tk.","Architektur-Pattern, das eine Anwendung in drei Belange trennt: Model (Daten und Geschaeftsregeln), View (visuelle Repraesentation der Daten), Controller (Eingabe-Handling und Koordination). In Tcl/Tk ist die Tk-Widget-Hierarchie die View; Model sind typisch reine Tcl-Objekte (oft TclOO oder `dict`-Strukturen) ohne Tk-Abhaengigkeiten; Controller ist die Binding-/Callback-Schicht. Verbreitete Varianten in Tcl/Tk-Praxis: MVP (Model-View-Presenter), MVVM (Model-View-ViewModel) und das einfachere Observer-Pattern. Punkt ist Entkoppelung — Model-Code sollte ohne Tk-Instanzierung testbar sein.",,,,
Notifier (Tcl),Tcl-Konzepte / Tcl Concepts,"Tcl's platform-abstraction layer for the event loop — wraps the OS event mechanism (select/poll/epoll on Linux, kqueue on macOS/BSD, WaitForMultipleObjects on Windows) into a uniform interface. The Notifier polls file descriptors, timers, and other event sources, and dispatches them to Tcl callbacks. Replaceable: an embedder of Tcl can install a custom Notifier (e.g. to integrate with another event loop like GLib's). Implemented in `tclNotify.c` and platform-specific files like `tclUnixNotfy.c`.","Tcls Plattform-Abstraktions-Schicht fuer die Eventloop — kapselt den OS-Event-Mechanismus (select/poll/epoll unter Linux, kqueue unter macOS/BSD, WaitForMultipleObjects unter Windows) in eine einheitliche Schnittstelle. Der Notifier pollt Filedeskriptoren, Timer und andere Eventquellen und dispatched sie an Tcl-Callbacks. Ersetzbar: ein Tcl-Einbettender kann einen eigenen Notifier installieren (z.B. zur Integration mit einer anderen Eventloop wie GLibs). Implementiert in `tclNotify.c` und plattform-spezifischen Dateien wie `tclUnixNotfy.c`.",,,,
Reentrancy,Tcl-Konzepte / Tcl Concepts,"A property of Tcl's event loop: a callback may itself enter the event loop (via `update`, `vwait`, `tkwait`, modal dialogs) — at which point further events fire while the first callback is still on the stack. The result is ""reentrant"" execution: callbacks stacked inside callbacks. Common source of subtle bugs (""why does my button handler run twice?""). Mitigation: avoid `update` in handlers; use `after idle` to defer work; design with reentrancy in mind. Implemented in `tclEvent.c` / `tclNotify.c`.","Eine Eigenschaft von Tcls Eventloop: ein Callback kann selbst die Eventloop betreten (via `update`, `vwait`, `tkwait`, modale Dialoge) — woraufhin weitere Events feuern, waehrend der erste Callback noch auf dem Stack ist. Resultat: ""reentrante"" Ausfuehrung — Callbacks stapeln sich in Callbacks. Haeufige Quelle subtiler Bugs (""warum laeuft mein Button-Handler zweimal?""). Gegenmittel: `update` in Handlern vermeiden; `after idle` zum Verschieben von Arbeit nutzen; mit Reentrancy im Hinterkopf entwerfen. Implementiert in `tclEvent.c` / `tclNotify.c`.",,,,
TCL_MEM_DEBUG,Tcl-Konzepte / Tcl Concepts,"Compile-time define that activates Tcl's debugging memory allocator. When enabled (typically via `--enable-symbols=mem` at configure time), `ckalloc`/`ckfree` become checked allocators tracking every block; the Tcl-level `memory` command becomes available for inspection (`memory info`, `memory active file`, `memory trace on`, `memory validate on`). Must be set consistently across Tcl-core and all extensions in one build — mixing debug and non-debug allocators causes hopeless confusion. Standard development setup, disabled for production.","Compile-Zeit-Define, das Tcls Debug-Memory-Allokator aktiviert. Bei Aktivierung (typisch via `--enable-symbols=mem` bei configure) werden `ckalloc`/`ckfree` zu gepruefte Allokatoren, die jeden Block tracken; der Tcl-Level-`memory`-Befehl wird zur Inspektion verfuegbar (`memory info`, `memory active file`, `memory trace on`, `memory validate on`). Muss konsistent in Tcl-Core und allen Erweiterungen eines Builds gesetzt sein — Mischen von Debug und Non-Debug fuehrt zu hoffnungsloser Verwirrung. Standard-Entwicklungs-Setup, fuer Production deaktiviert.",,,,
TIP,Tcl-Konzepte / Tcl Concepts,"Tcl Improvement Proposal — the formal process for proposing, discussing, and ratifying changes to the Tcl/Tk core. Each TIP gets a number (TIP 100, TIP 352, etc.), an author, a state (Draft, Final, Accepted, Rejected, Withdrawn), and a detailed specification. TIPs are how new language features (`const`, `lseq`, encoding profiles), new commands, and policy changes get standardized. The Tcl Style Guide is itself TIP 352. The TIP archive lives at `core.tcl-lang.org/tips/`.","Tcl Improvement Proposal — der formale Prozess zur Vorschlag, Diskussion und Ratifizierung von Aenderungen am Tcl/Tk-Kern. Jeder TIP bekommt eine Nummer (TIP 100, TIP 352, usw.), einen Autor, einen Status (Draft, Final, Accepted, Rejected, Withdrawn) und eine detaillierte Spezifikation. TIPs sind der Weg, wie neue Sprachfeatures (`const`, `lseq`, Encoding-Profile), neue Befehle und Policy-Aenderungen standardisiert werden. Der Tcl Style Guide ist selbst TIP 352. Das TIP-Archiv liegt auf `core.tcl-lang.org/tips/`.",,,,
Tcl C-API,Tcl-Konzepte / Tcl Concepts,"The C-language interface to the Tcl interpreter — the set of functions, types, and macros (`Tcl_CreateInterp`, `Tcl_Eval`, `Tcl_NewObj`, `Tcl_SetResult`, ...) that lets C code embed or extend Tcl. Stable across Tcl versions only via the Stubs mechanism. Documented in the `Tcl_xxx(3)` man pages. The foundation for every Tcl extension that contains compiled code (vs. pure-Tcl `.tm` modules).","Die C-Sprachen-Schnittstelle zum Tcl-Interpreter — der Satz von Funktionen, Typen und Makros (`Tcl_CreateInterp`, `Tcl_Eval`, `Tcl_NewObj`, `Tcl_SetResult`, ...), der C-Code erlaubt, Tcl einzubetten oder zu erweitern. Stabil ueber Tcl-Versionen hinweg nur via Stubs-Mechanismus. Dokumentiert in den `Tcl_xxx(3)`-Manpages. Das Fundament fuer jede Tcl-Erweiterung mit kompiliertem Code (im Gegensatz zu pure-Tcl-`.tm`-Modulen).",,,,
Tcl_Interp,Tcl-Konzepte / Tcl Concepts,"The Tcl C-API struct representing a Tcl interpreter — the most important type in the API. Holds the command table, variable namespaces, result string, error info, current frame, stubs table. Every Tcl C-API call that operates on a script context takes a `Tcl_Interp *` as its first argument. Created via `Tcl_CreateInterp`, destroyed via `Tcl_DeleteInterp`. A single process can have many `Tcl_Interp`s (one per thread, plus child interpreters via `interp create`).","Das Tcl-C-API-Struct, das einen Tcl-Interpreter repraesentiert — der wichtigste Typ in der API. Haelt die Befehlstabelle, Variable-Namespaces, Result-String, Error-Info, aktuellen Frame, Stubs-Tabelle. Jeder Tcl-C-API-Aufruf, der in einem Script-Kontext arbeitet, nimmt einen `Tcl_Interp *` als erstes Argument. Erzeugt via `Tcl_CreateInterp`, zerstoert via `Tcl_DeleteInterp`. Ein Prozess kann viele `Tcl_Interp`s haben (einer pro Thread, plus Kind-Interpreter via `interp create`).",,,,
Tcl_InvalidateStringRep,Tcl-Konzepte / Tcl Concepts,"Tcl C-API function that marks a Tcl_Obj's cached string form as stale — must be called after mutating the intrep, so the next string read regenerates it. The companion to `updateStringProc` in a Tcl_ObjType. Forgetting `Tcl_InvalidateStringRep` after modifying intrep is one of the classic Tcl C-extension bugs: subsequent reads see the *old* string while the intrep contains new data.","Tcl-C-API-Funktion, die die gecachte String-Form eines Tcl_Obj als veraltet markiert — muss aufgerufen werden nach dem Mutieren des Intreps, sodass das naechste String-Lesen ihn neu erzeugt. Das Pendant zu `updateStringProc` in einem Tcl_ObjType. `Tcl_InvalidateStringRep` nach Intrep-Modifikation zu vergessen ist einer der klassischen Tcl-C-Erweiterungs-Bugs: nachfolgende Lesezugriffe sehen den *alten* String, waehrend der Intrep neue Daten enthaelt.",,,,
Tcl_ObjType,Tcl-Konzepte / Tcl Concepts,"C struct in the Tcl C-API that describes a custom internal representation type for a `Tcl_Obj`. Defines four callbacks: `freeIntRepProc` (cleanup), `dupIntRepProc` (copy on duplication), `updateStringProc` (rebuild canonical string form), `setFromAnyProc` (parse from a string). Lets a C extension cache parsed forms (e.g. JSON DOM, compiled regex, parsed date) on a Tcl value so subsequent reads avoid re-parsing. The basis of every type-specialized Tcl extension.","C-Struct in der Tcl-C-API, das einen eigenen Internal-Representation-Typ fuer einen `Tcl_Obj` beschreibt. Definiert vier Callbacks: `freeIntRepProc` (Cleanup), `dupIntRepProc` (Kopie bei Duplikation), `updateStringProc` (kanonische String-Form neu bauen), `setFromAnyProc` (Parse aus String). Erlaubt einer C-Erweiterung, geparste Formen (z.B. JSON-DOM, kompilierte Regex, geparstes Datum) auf einem Tcl-Wert zu cachen, sodass nachfolgende Lesezugriffe das erneute Parsen umgehen. Grundlage jeder typ-spezialisierten Tcl-Erweiterung.",,,,
Undo/Redo-Pattern,Tcl-Konzepte / Tcl Concepts,"Architectural pattern for reversing and re-applying user actions. Tk's Text widget has it built-in via `-undo true`, exposing `edit undo` / `edit redo` subcommands. For Canvas, custom data structures, and other UI state, the common implementations are: (a) Command pattern — store each action as a command object with `do`/`undo` methods, push to an undo-stack; (b) Memento pattern — store full state snapshots, switch between them. The Command approach is more memory-efficient; the Memento approach is simpler to implement. Critical detail: clear the redo-stack on any new user action (so branching the history doesn't get confusing).","Architektur-Pattern zum Rueckgaengig-Machen und Wieder-Anwenden von Benutzeraktionen. Tks Text-Widget hat es eingebaut ueber `-undo true`, das `edit undo` / `edit redo`-Unterbefehle bereitstellt. Fuer Canvas, eigene Datenstrukturen und sonstigen UI-Zustand sind die ueblichen Implementierungen: (a) Command-Pattern — jede Aktion als Befehlsobjekt mit `do`/`undo`-Methoden speichern, auf einen Undo-Stack pushen; (b) Memento-Pattern — vollstaendige Zustands-Snapshots speichern und zwischen ihnen wechseln. Der Command-Ansatz ist speichereffizienter; der Memento-Ansatz einfacher zu implementieren. Kritisches Detail: Redo-Stack bei jeder neuen Benutzeraktion leeren (damit Verzweigen der Historie nicht verwirrt).",,,,
Zero-Copy,Tcl-Konzepte / Tcl Concepts,"Design pattern where data is shared between subsystems without intermediate copies — typically by passing a pointer plus length, or by mapping the same memory into multiple address spaces. In Tcl C-extensions: returning data from C to Tcl via a Tcl_Obj that wraps the C buffer directly (no `memcpy`), or sharing JSON DOM trees between rl_json and a C library. Saves both CPU and memory for large payloads. Trade-off: more complex memory-ownership rules.","Design-Pattern, bei dem Daten zwischen Subsystemen ohne Zwischenkopien geteilt werden — typischerweise durch Uebergabe eines Pointers plus Laenge, oder durch Mappen desselben Speichers in mehrere Adressraeume. In Tcl-C-Erweiterungen: Daten von C nach Tcl ueber einen Tcl_Obj zurueckgeben, der den C-Buffer direkt umhuellt (kein `memcpy`), oder JSON-DOM-Baeume zwischen rl_json und einer C-Bibliothek teilen. Spart CPU und Speicher bei grossen Datenmengen. Trade-Off: komplexere Memory-Ownership-Regeln.",,,,
_ANSI_ARGS_,Tcl-Konzepte / Tcl Concepts,"C macro defined in `tcl.h` that allows procedure prototypes to work on both ANSI-C and pre-ANSI K&R compilers. Usage: `EXTERN int Tcl_Eval _ANSI_ARGS_((Tcl_Interp *interp, char *cmd));`. On ANSI compilers it expands to the full argument list; on K&R compilers it expands to `()`. Largely historical now — every relevant compiler is ANSI — but appears throughout the Tcl 8.x C-API headers and older extension code.","C-Makro, definiert in `tcl.h`, das Prozedur-Prototypen sowohl mit ANSI-C- als auch mit Pre-ANSI-K&R-Compilern funktionieren laesst. Verwendung: `EXTERN int Tcl_Eval _ANSI_ARGS_((Tcl_Interp *interp, char *cmd));`. Bei ANSI-Compilern expandiert es zur vollen Argumentliste; bei K&R-Compilern zu `()`. Inzwischen weitgehend historisch — jeder relevante Compiler ist ANSI — taucht aber in den Tcl-8.x-C-API-Headern und in alterer Erweiterungs-Code auf.",,,,
argv,Tcl-Konzepte / Tcl Concepts,"Built-in Tcl variable holding the command-line arguments passed to the script as a Tcl list. Counterpart: `argc` for the count, `argv0` for the program name. Standard idiom for arg parsing: `foreach arg $argv { ... }`. Available in every Tcl script run from the shell.","Eingebaute Tcl-Variable, die die an das Script uebergebenen Kommandozeilen-Argumente als Tcl-Liste haelt. Pendant: `argc` fuer die Anzahl, `argv0` fuer den Programm-Namen. Standard-Idiom fuer Argument-Parsing: `foreach arg $argv { ... }`. In jedem aus der Shell gestarteten Tcl-Script verfuegbar.",,,,
argv0,Tcl-Konzepte / Tcl Concepts,"Built-in Tcl variable holding the name of the program being executed — what was given as `argv[0]` to the C `main`. Useful for re-executing oneself, error messages, or behaviour that depends on the program name (a script could behave differently when invoked as `tclsh` vs. `wish` vs. a custom name).","Eingebaute Tcl-Variable mit dem Namen des laufenden Programms — das, was als `argv[0]` an die C-`main` uebergeben wurde. Nuetzlich fuer Selbst-Reexecution, Fehlermeldungen oder Verhalten, das vom Programm-Namen abhaengt (ein Script koennte sich anders verhalten, wenn es als `tclsh` vs. `wish` vs. unter eigenem Namen aufgerufen wird).",,,,
ckalloc / ckfree,Tcl-Konzepte / Tcl Concepts,"Memory-allocation wrappers in the Tcl C-API that route through Tcl's allocator. Use `ckalloc(size)` instead of `malloc`, `ckfree(ptr)` instead of `free`, `ckrealloc(ptr, size)` instead of `realloc`. When the Tcl core is built with `TCL_MEM_DEBUG`, these become checked allocators that detect double-frees, leaks, and buffer overruns — exposed via the Tcl-level `memory` command. Without `TCL_MEM_DEBUG`, they are thin wrappers with no overhead. Required for all extension memory that may be passed back to Tcl.","Memory-Allokations-Wrapper in der Tcl-C-API, die durch Tcls Allokator gehen. `ckalloc(size)` statt `malloc`, `ckfree(ptr)` statt `free`, `ckrealloc(ptr, size)` statt `realloc`. Wenn der Tcl-Core mit `TCL_MEM_DEBUG` gebaut wird, sind das gepruefte Allokatoren, die Double-Frees, Leaks und Buffer-Ueberlaeufe erkennen — exponiert ueber den Tcl-Level-`memory`-Befehl. Ohne `TCL_MEM_DEBUG` sind sie duenne Wrapper ohne Overhead. Pflicht fuer alle Erweiterungs-Speicher, die an Tcl zurueckgereicht werden koennen.",,,,
encoding (Befehl),Tcl-Konzepte / Tcl Concepts,"Tcl ensemble command for character-encoding operations. Subcommands: `encoding system ?name?` (query/set the system encoding), `encoding names` (list available encodings), `encoding convertto ?-profile profile? encoding string` (convert Tcl-internal string to bytes), `encoding convertfrom ?-profile profile? encoding bytes` (convert bytes to Tcl-internal string), `encoding dirs ?list?` (encoding-file search path). Tcl 9 adds `-profile strict|replace|tcl8` to handle invalid sequences. Separate from `fconfigure -encoding` which is per-channel.","Tcl-Ensemble-Befehl fuer Zeichen-Encoding-Operationen. Unterbefehle: `encoding system ?name?` (System-Encoding abfragen/setzen), `encoding names` (verfuegbare Encodings auflisten), `encoding convertto ?-profile profile? encoding string` (Tcl-internen String in Bytes konvertieren), `encoding convertfrom ?-profile profile? encoding bytes` (Bytes in Tcl-internen String konvertieren), `encoding dirs ?list?` (Encoding-Datei-Suchpfad). Tcl 9 ergaenzt `-profile strict|replace|tcl8` fuer ungueltige Sequenzen. Verschieden von `fconfigure -encoding`, das pro Kanal arbeitet.",,,,
exit (Befehl),Tcl-Konzepte / Tcl Concepts,"Tcl command that terminates the application. `exit ?returncode?` ends the process with the given return code (default 0). Before exiting, registered cleanup handlers run (e.g. `exit` handlers added via `package require Tk`'s window close-down). Distinct from `return` (which exits a proc) and `break` (which exits a loop). In a Tk application, closing the last window typically calls `exit 0` automatically. Returning a non-zero code is the convention for ""an error happened"" — useful when the Tcl script is invoked from a shell that checks the exit code.","Tcl-Befehl, der die Anwendung beendet. `exit ?returncode?` beendet den Prozess mit dem angegebenen Return-Code (Default 0). Vor dem Beenden laufen registrierte Cleanup-Handler (z.B. `exit`-Handler, die `package require Tk` beim Schliessen des Fensters hinzugefuegt hat). Verschieden von `return` (das eine Proc verlaesst) und `break` (das eine Schleife verlaesst). In einer Tk-Anwendung ruft das Schliessen des letzten Fensters typisch automatisch `exit 0` auf. Einen Non-Zero-Code zurueckzugeben ist die Konvention fuer ""ein Fehler ist passiert"" — nuetzlich wenn das Tcl-Script aus einer Shell aufgerufen wird, die den Exit-Code prueft.",,,,
info frame,Tcl-Konzepte / Tcl Concepts,"Tcl introspection command that returns information about the current or specified stack frame: file, line number, command text, calling proc, namespace. `info frame 0` returns the current frame; `info frame -1` the caller. The primary tool for error reporters and custom stack traces — gives more detail than `info level`. Available since Tcl 8.5.","Tcl-Introspection-Befehl, der Information ueber den aktuellen oder spezifizierten Stack-Frame liefert: Datei, Zeilennummer, Befehlstext, aufrufende Prozedur, Namespace. `info frame 0` liefert den aktuellen Frame; `info frame -1` den Aufrufer. Das primaere Werkzeug fuer Error-Reporter und eigene Stack-Traces — liefert mehr Detail als `info level`. Verfuegbar seit Tcl 8.5.",,,,
info library,Tcl-Konzepte / Tcl Concepts,"Tcl introspection subcommand returning the path to the Tcl runtime library directory — where `init.tcl`, `tcltest`, `msgcat`, and other built-in `.tcl` files live. Use case: locating Tcl-side resources programmatically (e.g. an extension finding shared scripts). Typical value: `/usr/lib/tcl9.0` or `C:\Tcl\lib\tcl9.0`.","Tcl-Introspection-Unterbefehl, der den Pfad zum Tcl-Runtime-Library-Verzeichnis liefert — wo `init.tcl`, `tcltest`, `msgcat` und andere eingebaute `.tcl`-Dateien liegen. Anwendungsfall: programmatisches Finden Tcl-seitiger Ressourcen (z.B. eine Erweiterung, die geteilte Scripts sucht). Typischer Wert: `/usr/lib/tcl9.0` oder `C:\Tcl\lib\tcl9.0`.",,,,
interp (Befehl),Tcl-Konzepte / Tcl Concepts,"Tcl command for managing child interpreters. Each interpreter has its own command and variable namespaces — useful for sandboxing untrusted code, multi-tenant applications, or isolation of plug-ins. Main subcommands: `interp create ?-safe? name` (create child, optionally without I/O and dangerous commands), `interp eval name script` (run script in child), `interp alias name newcmd master oldcmd args` (expose a master command in the child under a new name), `interp delete name`, `interp hide`/`expose` (control which commands are visible), `interp limit` (CPU/command-count limits). The foundation of Safe Tcl.","Tcl-Befehl zur Verwaltung von Kind-Interpretern. Jeder Interpreter hat seine eigenen Befehls- und Variablen-Namespaces — nuetzlich fuer Sandboxing nicht vertrauenswuerdigen Codes, Multi-Tenant-Anwendungen oder Isolation von Plug-Ins. Wichtige Unterbefehle: `interp create ?-safe? name` (Kind anlegen, optional ohne I/O und gefaehrliche Befehle), `interp eval name script` (Script im Kind ausfuehren), `interp alias name newcmd master oldcmd args` (Master-Befehl im Kind unter neuem Namen verfuegbar machen), `interp delete name`, `interp hide`/`expose` (Sichtbarkeit von Befehlen steuern), `interp limit` (CPU-/Befehls-Zaehler-Limits). Das Fundament von Safe Tcl.",,,,
load,Tcl-Konzepte / Tcl Concepts,"Tcl command that loads a compiled extension (shared library) into the interpreter. `load /path/to/library.so packagename` opens the shared object and calls its init function (`Packagename_Init`) which registers new Tcl commands. The C side of the package-loading equation — pure-Tcl packages use `source`, compiled-C packages use `load`. Honours Tcl's stubs mechanism: a stubs-enabled extension works with multiple Tcl versions; a non-stubs extension is bound to one specific Tcl version. Companion to `unload`.","Tcl-Befehl, der eine kompilierte Erweiterung (Shared Library) in den Interpreter laedt. `load /path/zur/library.so paketname` oeffnet das Shared Object und ruft seine Init-Funktion (`Paketname_Init`) auf, die neue Tcl-Befehle registriert. Die C-Seite der Paket-Lade-Gleichung — pure-Tcl-Pakete nutzen `source`, kompilierte-C-Pakete nutzen `load`. Befolgt Tcls Stubs-Mechanismus: eine Stubs-fähige Erweiterung funktioniert mit mehreren Tcl-Versionen; eine Non-Stubs-Erweiterung ist an eine spezifische Tcl-Version gebunden. Pendant zu `unload`.",,,,
msgcat,Tcl-Konzepte / Tcl Concepts,"Tcl's standard internationalization module (message catalog). Stores per-locale translations in `.msg` files under a `msgs/` directory; `mc ""Hello""` returns the translation for the active locale. Loaded by `package require msgcat`. The locale is set by `::msgcat::mclocale en` or auto-detected from environment (`$LANG`). Standard mechanism for multi-language Tcl applications; works without any external library.","Tcls Standard-Internationalisierungs-Modul (Message Catalog). Speichert Pro-Locale-Uebersetzungen in `.msg`-Dateien unter einem `msgs/`-Verzeichnis; `mc ""Hello""` liefert die Uebersetzung fuer die aktive Locale. Geladen via `package require msgcat`. Die Locale wird durch `::msgcat::mclocale en` gesetzt oder aus der Umgebung erkannt (`$LANG`). Standard-Mechanismus fuer mehrsprachige Tcl-Anwendungen; funktioniert ohne externe Bibliothek.",,,,
namespace ensemble,Tcl-Konzepte / Tcl Concepts,"Tcl mechanism for creating a command that dispatches to multiple sub-commands based on the first argument. `namespace ensemble create -command myCmd -map {add ::ns::add_impl, sub ::ns::sub_impl}` makes `myCmd add 1 2` call `::ns::add_impl 1 2`. Supports prefix matching, `-unknown` callbacks for dynamic dispatch, nested ensembles. The same mechanism powers built-in `info`, `string`, `file`, `dict`, `chan`. Standard pattern for designing command sets that scale.","Tcl-Mechanismus zum Erzeugen eines Befehls, der basierend auf dem ersten Argument an mehrere Unterbefehle dispatched. `namespace ensemble create -command myCmd -map {add ::ns::add_impl, sub ::ns::sub_impl}` macht, dass `myCmd add 1 2` `::ns::add_impl 1 2` aufruft. Unterstuetzt Prefix-Matching, `-unknown`-Callbacks fuer dynamischen Dispatch, verschachtelte Ensembles. Derselbe Mechanismus treibt die eingebauten `info`, `string`, `file`, `dict`, `chan`. Standard-Pattern fuer skalierende Befehls-Sets.",,,,
package (Befehl),Tcl-Konzepte / Tcl Concepts,"Tcl ensemble command for package management. Main subcommands: `package require name ?version?` (load a package; raises error if not available), `package provide name version` (declare that the current script provides a package), `package ifneeded name version script` (register a script that loads the package on demand — used in `pkgIndex.tcl`), `package versions name` (list installed versions), `package present name` (return loaded version, error if not loaded), `package forget name` (remove from registry), `package names` (list all known packages). The foundation of Tcl's library system alongside `tcl::tm` modules.","Tcl-Ensemble-Befehl fuer Paket-Verwaltung. Wichtige Unterbefehle: `package require name ?version?` (Paket laden; Fehler wenn nicht verfuegbar), `package provide name version` (deklariert dass das aktuelle Script ein Paket bereitstellt), `package ifneeded name version script` (registriert ein Script, das das Paket on-demand laedt — wird in `pkgIndex.tcl` verwendet), `package versions name` (installierte Versionen auflisten), `package present name` (geladene Version liefern, Fehler wenn nicht geladen), `package forget name` (aus Registry entfernen), `package names` (alle bekannten Pakete auflisten). Das Fundament von Tcls Library-System neben den `tcl::tm`-Modulen.",,,,
package present,Tcl-Konzepte / Tcl Concepts,"Tcl built-in command that returns the currently-loaded version of a package, or raises an error if the package is not loaded. Contrasted with `package require` which loads the package if not already loaded. Useful for: (a) verifying that a `package require` actually succeeded with the expected version; (b) inspection without side-effects (""is this loaded?""). Returns the version as a string. `package versions name` lists all installed versions; `package present name` returns just the active one.","Tcl-Built-in-Befehl, der die aktuell geladene Version eines Pakets liefert, oder einen Fehler wirft, wenn das Paket nicht geladen ist. Im Gegensatz zu `package require`, das das Paket laedt, falls noch nicht geschehen. Nuetzlich fuer: (a) Verifikation, dass ein `package require` mit der erwarteten Version erfolgreich war; (b) seiteneffekt-freie Inspektion (""ist das geladen?""). Liefert die Version als String. `package versions name` listet alle installierten Versionen; `package present name` liefert nur die aktive.",,,,
parray,Tcl-Konzepte / Tcl Concepts,"Tcl convenience command that prints the contents of an array to stdout in a readable form, one element per line. `parray myArr` displays all keys and values. Standard debugging aid for inspecting array state. Defined in `init.tcl` (the boot-up script), so available in every interactive Tcl session. Sister command to `puts` for arrays.","Tcl-Komfort-Befehl, der den Inhalt eines Arrays in lesbarer Form auf stdout ausgibt, ein Element pro Zeile. `parray myArr` zeigt alle Schluessel und Werte. Standard-Debugging-Hilfe zur Inspektion von Array-Zustand. Definiert in `init.tcl` (dem Boot-Up-Script), daher in jeder interaktiven Tcl-Sitzung verfuegbar. Schwester-Befehl zu `puts` fuer Arrays.",,,,
rethrow,Tcl-Konzepte / Tcl Concepts,"In Tcl `try`/`on error`/`trap` blocks: re-raising a caught exception to propagate it upward unchanged, after performing some local action (logging, cleanup). Idiom: `try { ... } on error {msg opts} { log $msg; return -options $opts $msg }`. The `-options $opts` preserves the original error code, error info, line number — so the outer handler sees the original error, not a freshly-built one.","In Tcls `try`/`on error`/`trap`-Bloecken: das Wieder-Auswerfen einer gefangenen Exception, um sie unveraendert nach oben zu propagieren, nachdem eine lokale Aktion (Logging, Cleanup) erfolgt ist. Idiom: `try { ... } on error {msg opts} { log $msg; return -options $opts $msg }`. Das `-options $opts` erhaelt den originalen Error-Code, Error-Info, Zeilennummer — sodass der aeussere Handler den Original-Fehler sieht, nicht einen frisch gebauten.",,,,
return -code,Tcl-Konzepte / Tcl Concepts,"Tcl mechanism to return from a procedure with a specific completion code: `return -code ok` (normal), `error` (exception), `return` (caller's caller returns too), `break`/`continue` (loop control), `5+` (custom codes). The basis for `try`/`catch` and Tcl's exception model. `error msg` is essentially `return -code error -errorinfo ... msg`. Custom codes (≥5) let users build their own control structures.","Tcl-Mechanismus, um aus einer Prozedur mit einem bestimmten Vollendungs-Code zurueckzukehren: `return -code ok` (normal), `error` (Exception), `return` (auch der Aufrufer des Aufrufers kehrt zurueck), `break`/`continue` (Schleifensteuerung), `5+` (Custom-Codes). Die Grundlage fuer `try`/`catch` und Tcls Exception-Modell. `error msg` ist im Wesentlichen `return -code error -errorinfo ... msg`. Custom-Codes (≥5) erlauben das Bauen eigener Kontrollstrukturen.",,,,
set,Tcl-Konzepte / Tcl Concepts,"The most fundamental Tcl command — assigns and retrieves variable values. Two forms: `set varname value` assigns the value and returns it; `set varname` returns the current value (error if unset). Tcl's variable system has no separate ""declaration"" — `set` both creates the variable and assigns it. Returns the assigned/retrieved value, so `set x [set y 42]` works and leaves both x and y as 42. The basis of every Tcl script.","Der fundamentalste Tcl-Befehl — weist Variablenwerten zu und liest sie. Zwei Formen: `set varname value` weist den Wert zu und liefert ihn zurueck; `set varname` liefert den aktuellen Wert (Fehler bei nicht gesetzter Variable). Tcls Variablen-System hat keine separate ""Deklaration"" — `set` erzeugt die Variable und weist sie gleichzeitig zu. Liefert den zugewiesenen/gelesenen Wert zurueck, daher funktioniert `set x [set y 42]` und laesst beide x und y auf 42. Die Basis jedes Tcl-Scripts.",,,,
source,Tcl-Konzepte / Tcl Concepts,"Tcl command that reads and evaluates a script file in the current interpreter and namespace. `source filename.tcl` runs the file's contents as if typed at that point. Used for: splitting an application into multiple files, loading configuration scripts, dynamic plug-in loading. Honours the current `encoding system` for reading the file. Variables, procs, and namespaces defined in the file become available in the caller's scope (the file does not have its own scope). Returns the result of the last command executed.","Tcl-Befehl, der eine Script-Datei im aktuellen Interpreter und Namespace einliest und ausfuehrt. `source filename.tcl` fuehrt den Datei-Inhalt aus, als waere er an dieser Stelle getippt worden. Verwendet fuer: Aufteilen einer Anwendung in mehrere Dateien, Laden von Konfigurations-Scripts, dynamisches Plug-In-Laden. Befolgt das aktuelle `encoding system` beim Lesen der Datei. Im File definierte Variablen, Procs und Namespaces sind im Scope des Aufrufers verfuegbar (die Datei hat keinen eigenen Scope). Liefert das Ergebnis des letzten ausgefuehrten Befehls.",,,,
tcl_interactive,Tcl-Konzepte / Tcl Concepts,Built-in Tcl variable that is `1` when running in interactive mode (REPL prompt) and `0` otherwise. Used by code that should behave differently in scripts vs. an interactive session — e.g. only printing prompts or progress messages when the user is watching. Set by `tclsh` / `wish` at startup based on whether stdin is a terminal.,"Eingebaute Tcl-Variable, die `1` ist bei interaktivem Modus (REPL-Prompt) und sonst `0`. Verwendet von Code, der sich in Scripts anders verhalten soll als in einer interaktiven Sitzung — z.B. nur Prompts oder Fortschrittsmeldungen ausgeben, wenn der Nutzer zusieht. Wird von `tclsh` / `wish` beim Start gesetzt, basierend darauf, ob stdin ein Terminal ist.",,,,
tcl_precision,Tcl-Konzepte / Tcl Concepts,"Built-in Tcl variable controlling the number of significant digits used when converting floating-point values to strings. Default: `0`, which means ""enough digits to round-trip exactly"". Old default was `12` digits. Setting it to other values affects every implicit float-to-string conversion in the interpreter. Most modern code should leave it at `0`; only set it for compatibility with old code or specific formatting needs.","Eingebaute Tcl-Variable, die die Anzahl signifikanter Stellen bei Float-nach-String-Konversion steuert. Default: `0`, was ""genug Stellen fuer exakten Round-Trip"" bedeutet. Alter Default war `12` Stellen. Andere Werte beeinflussen jede implizite Float-nach-String-Konversion im Interpreter. Moderner Code laesst sie meist auf `0`; nur fuer Kompatibilitaet mit altem Code oder spezielle Formatierungs-Anforderungen aendern.",,,,
tclshrc,Tcl-Konzepte / Tcl Concepts,"Tcl's per-user initialization file. When `tclsh` (or `wish`) starts in interactive mode, it sources `~/.tclshrc` (Unix) or `~/tclshrc.tcl` (Windows) if present. Use it for persistent shell customization: `auto_path` extensions, frequently-used `package require`s, custom prompts via `tcl_prompt1`. Analog to `.bashrc` for Tcl. Non-interactive runs (script execution) do not source it.","Tcls benutzer-spezifische Initialisierungsdatei. Wenn `tclsh` (oder `wish`) interaktiv startet, sourct es `~/.tclshrc` (Unix) oder `~/tclshrc.tcl` (Windows), falls vorhanden. Nutzbar fuer persistente Shell-Anpassung: `auto_path`-Erweiterungen, haeufig verwendete `package require`s, eigene Prompts via `tcl_prompt1`. Pendant zu `.bashrc` fuer Tcl. Nicht-interaktive Laufe (Script-Ausfuehrung) sourcen es nicht.",,,,
tls (Tcl-Paket),Tcl-Konzepte / Tcl Concepts,"Tcl extension providing TLS/SSL support for sockets. Wraps OpenSSL (or compatible libraries). `package require tls` then `tls::socket -host www.example.com -port 443` creates an encrypted socket usable with all standard Tcl I/O commands. Required for any HTTPS work — the `http` package transparently uses `tls::socket` if `tls::register` was called. Supports certificate verification, client certificates, SNI, ALPN. The de-facto standard for secure-channel work in Tcl.","Tcl-Erweiterung, die TLS-/SSL-Unterstuetzung fuer Sockets bietet. Verpackt OpenSSL (oder kompatible Bibliotheken). `package require tls` und dann `tls::socket -host www.example.com -port 443` erzeugt einen verschluesselten Socket, nutzbar mit allen Standard-Tcl-I/O-Befehlen. Erforderlich fuer jede HTTPS-Arbeit — das `http`-Paket nutzt transparent `tls::socket`, wenn `tls::register` aufgerufen wurde. Unterstuetzt Zertifikat-Verifikation, Client-Zertifikate, SNI, ALPN. Der De-facto-Standard fuer Secure-Channel-Arbeit in Tcl.",,,,
trace (Befehl),Tcl-Konzepte / Tcl Concepts,"Tcl ensemble command for monitoring variable, command, and execution events. Three subcommand families: `trace add variable name ops cmd` (callback on read/write/unset), `trace add command name ops cmd` (callback on rename/delete), `trace add execution name ops cmd` (callback when a command runs — enter/leave/enterstep/leavestep). Companion subcommands: `trace remove ...`, `trace info ...`. Used for: debugging (log every change to a variable), reactive programming (recompute derived values on change), data binding (sync widget to variable). The mechanism behind Tk's `-textvariable`.","Tcl-Ensemble-Befehl zum Beobachten von Variablen-, Befehls- und Ausfuehrungs-Ereignissen. Drei Unterbefehl-Familien: `trace add variable name ops cmd` (Callback bei read/write/unset), `trace add command name ops cmd` (Callback bei rename/delete), `trace add execution name ops cmd` (Callback wenn ein Befehl laeuft — enter/leave/enterstep/leavestep). Begleitende Unterbefehle: `trace remove ...`, `trace info ...`. Verwendet fuer: Debugging (jede Aenderung einer Variable loggen), reaktive Programmierung (abgeleitete Werte bei Aenderung neu berechnen), Data-Binding (Widget mit Variable synchronisieren). Der Mechanismus hinter Tks `-textvariable`.",,,,
unload,Tcl-Konzepte / Tcl Concepts,"Tcl command that unloads a previously `load`ed extension. Calls the extension's `Packagename_Unload` function (which must clean up registered commands and freed allocated memory) and removes the shared library from the interpreter. Less commonly used than `load`: most extensions don't bother implementing a clean `Unload` function, so unloading them can leak resources or leave the interpreter in an inconsistent state. Useful in long-running embedders that want to swap implementations at runtime.","Tcl-Befehl, der eine zuvor mit `load` geladene Erweiterung entlaedt. Ruft die `Paketname_Unload`-Funktion der Erweiterung auf (die registrierte Befehle aufraeumen und allokierten Speicher freigeben muss) und entfernt die Shared Library aus dem Interpreter. Weniger haeufig verwendet als `load`: viele Erweiterungen implementieren kein sauberes `Unload`, sodass das Entladen Ressourcen leaken oder den Interpreter in inkonsistentem Zustand hinterlassen kann. Nuetzlich in lang-laufenden Embeddern, die Implementierungen zur Laufzeit wechseln wollen.",,,,
Action Pattern,Tcl-Patterns und Konzepte / Tcl Patterns and Concepts,"Architectural pattern for GUI applications: every user interaction is represented as a discrete ""action"" — a named, parameter-bundled command object that performs the work. Buttons, menu items, keyboard shortcuts, and toolbar entries all invoke the same action by name; the action itself encapsulates ""what happens"". Enables uniform enable/disable logic, consistent undo/redo (each action knows how to undo itself), and clean separation between UI bindings and behaviour. Standard in modern GUI toolkits (Qt's QAction, Swing's Action, Cocoa's first-responder chain).","Architektur-Pattern fuer GUI-Anwendungen: jede Benutzerinteraktion wird als diskrete ""Action"" repraesentiert — ein benanntes, parameter-gebuendeltes Befehlsobjekt, das die Arbeit verrichtet. Buttons, Menue-Eintraege, Tastenkuerzel und Toolbar-Eintraege rufen alle dieselbe Action via Name auf; die Action selbst kapselt das ""was passiert"". Erlaubt einheitliche Enable/Disable-Logik, konsistente Undo/Redo (jede Action weiss wie sie sich rueckgaengig macht) und klare Trennung zwischen UI-Bindings und Verhalten. Standard in modernen GUI-Toolkits (Qts QAction, Swings Action, Cocoas First-Responder-Chain).",,,,
Aspect-Ratio-Fit,Tcl-Patterns und Konzepte / Tcl Patterns and Concepts,"Image-and-layout pattern for scaling content into a target area while keeping its aspect ratio. Two variants: **Contain (Fit)** — scale by `min(targetW/imgW, targetH/imgH)` so the entire image fits, with letterbox bars on the unused dimension; **Cover (Fill)** — scale by `max(targetW/imgW, targetH/imgH)` so the image fills the whole area, cropping the overflow. Letterbox = horizontal bars (top/bottom); Pillarbox = vertical bars (left/right). The same formulas appear in HTML/CSS (`object-fit: contain` vs `object-fit: cover`), in PowerPoint's ""Format Picture"", in Tk's `photo copy -shrink`, and in pdf4tcl's image sizing.","Bild- und Layout-Pattern zum Skalieren von Inhalt in einen Zielbereich unter Erhalt des Seitenverhaeltnisses. Zwei Varianten: **Contain (Fit)** — skalieren mit `min(targetW/imgW, targetH/imgH)`, sodass das ganze Bild reinpasst, mit Letterbox-Balken auf der unbenutzten Dimension; **Cover (Fill)** — skalieren mit `max(targetW/imgW, targetH/imgH)`, sodass das Bild den ganzen Bereich fuellt und der Ueberhang abgeschnitten wird. Letterbox = horizontale Balken (oben/unten); Pillarbox = vertikale Balken (links/rechts). Dieselben Formeln tauchen in HTML/CSS (`object-fit: contain` vs `object-fit: cover`), in PowerPoints ""Bild formatieren"", in Tks `photo copy -shrink` und in pdf4tcls Bildgroesse auf.",,,,
Command Pattern,Tcl-Patterns und Konzepte / Tcl Patterns and Concepts,Pattern encapsulating commands as objects; natural in Tcl where procedures are first-class commands.,"Muster zur Kapselung von Befehlen als Objekte; natürlich in Tcl, wo Prozeduren First-Class-Befehle sind.",,,,
Debounce / Throttle,Tcl-Patterns und Konzepte / Tcl Patterns and Concepts,"Two event-rate-limiting techniques. **Debounce**: defer running a callback until the event-stream pauses — typical for ""user finished typing in search field"": `after cancel $::debounceId; set ::debounceId [after 300 doSearch]`. The cancel-and-reset pattern ensures only the last keystroke triggers a search. **Throttle**: run a callback at most every N milliseconds even during a continuous event stream — typical for ""scroll position update"": a flag prevents re-entry until the timer fires. Debounce trades responsiveness for fewer calls; throttle gives steady update frequency. Both implemented with `after` in pure Tcl.","Zwei Techniken zur Begrenzung der Event-Rate. **Debounce**: einen Callback erst dann laufen lassen, wenn der Event-Strom pausiert — typisch fuer ""Nutzer hat Tippen im Suchfeld beendet"": `after cancel $::debounceId; set ::debounceId [after 300 doSearch]`. Das Cancel-und-Reset-Muster sorgt dafuer, dass nur der letzte Tastendruck eine Suche ausloest. **Throttle**: einen Callback hoechstens alle N Millisekunden laufen lassen, auch bei kontinuierlichem Event-Strom — typisch fuer ""Scroll-Position-Update"": ein Flag verhindert Wieder-Eintritt, bis der Timer feuert. Debounce tauscht Responsivitaet gegen weniger Aufrufe; Throttle liefert stetige Update-Frequenz. Beide in pure-Tcl mit `after` implementierbar.",,,,
Drag-and-Drop (Tk),Tcl-Patterns und Konzepte / Tcl Patterns and Concepts,"Mechanism for transferring data by clicking-and-dragging from one widget to another. Tk has no built-in cross-application drag-and-drop; the `tkdnd` extension provides it on Unix/Windows/macOS, supporting standard MIME types (`text/uri-list`, `text/plain`, files). Intra-application DnD can be built manually with `bind <ButtonPress-1>`/`<B1-Motion>`/`<ButtonRelease-1>` plus an ""is over a valid drop target?"" check using `winfo containing` or `find` (Canvas). Two distinct concepts: drag source (where data comes from) and drop target (where it goes).","Mechanismus zur Daten-Uebertragung per Klicken-und-Ziehen von einem Widget zu einem anderen. Tk hat kein eingebautes anwendungsuebergreifendes Drag-and-Drop; die `tkdnd`-Erweiterung bietet es auf Unix/Windows/macOS und unterstuetzt Standard-MIME-Typen (`text/uri-list`, `text/plain`, Dateien). Intra-Anwendungs-DnD laesst sich manuell mit `bind <ButtonPress-1>`/`<B1-Motion>`/`<ButtonRelease-1>` plus einer ""ist ueber gueltigem Drop-Target?""-Pruefung via `winfo containing` oder `find` (Canvas) bauen. Zwei eigene Konzepte: Drag-Source (woher die Daten kommen) und Drop-Target (wohin sie gehen).",,,,
Factory Pattern,Tcl-Patterns und Konzepte / Tcl Patterns and Concepts,Pattern creating objects/widgets with consistent initialization; commonly implemented with procedures returning widget pathnames or TclOO objects.,"Muster zum Erstellen von Objekten/Widgets mit konsistenter Initialisierung; häufig implementiert mit Prozeduren, die Widget-Pfadnamen oder TclOO-Objekte zurückgeben.",,,,
Lazy Initialization,Tcl-Patterns und Konzepte / Tcl Patterns and Concepts,"Pattern of deferring expensive setup until the moment it's first needed, rather than at startup. Tcl/Tk idioms: a getter proc that builds-and-caches on first call (`if {![info exists ::cached]} { set ::cached [expensive] }; return $::cached`); a widget that creates its child widgets only when first shown; a database connection opened on first query. Trades start-up speed for first-use latency. Useful when most users won't trigger the expensive code path — e.g. a Preferences dialog that builds its complex layout only when the user opens it.","Pattern, teures Setup erst zu betreiben, wenn es zum ersten Mal gebraucht wird, statt beim Start. Tcl/Tk-Idiome: eine Getter-Proc, die beim ersten Aufruf baut und cached (`if {![info exists ::cached]} { set ::cached [expensive] }; return $::cached`); ein Widget, das seine Kind-Widgets erst beim ersten Anzeigen erzeugt; eine Datenbank-Verbindung beim ersten Query geoeffnet. Tauscht Startup-Geschwindigkeit gegen First-Use-Latenz. Nuetzlich wenn die meisten Nutzer den teuren Pfad nicht ausloesen — z.B. ein Preferences-Dialog, der sein komplexes Layout nur beim Oeffnen baut.",,,,
Observer Pattern,Tcl-Patterns und Konzepte / Tcl Patterns and Concepts,Pattern implementing publish-subscribe mechanism; commonly using traces or TclOO filters/mixins for event notification.,Muster zur Implementierung von Publish-Subscribe-Mechanismus; häufig mit Traces oder TclOO-Filtern/Mixins für Ereignis-Benachrichtigung.,,,,
Private (Convention),Tcl-Patterns und Konzepte / Tcl Patterns and Concepts,"Tcl naming convention for internal procedures/variables; typically prefixed with underscore (e.g., `_internal_proc`); not meant for external use; convention only, not enforced.","Tcl-Namenskonvention für interne Prozeduren/Variablen; typischerweise mit Unterstrich präfigiert (z.B. `_internal_proc`); nicht für externe Verwendung; nur Konvention, nicht erzwungen.",,,,
Public (Convention),Tcl-Patterns und Konzepte / Tcl Patterns and Concepts,Tcl naming convention for public procedures/variables; typically no leading underscore; meant for external use.,Tcl-Namenskonvention für öffentliche Prozeduren/Variablen; typischerweise kein führender Unterstrich; für externe Verwendung gedacht.,,,,
Upvar Pattern,Tcl-Patterns und Konzepte / Tcl Patterns and Concepts,Common pattern using `upvar` to modify caller's variables from procedure; creates local reference to variable in different scope.,Häufiges Muster mit `upvar` zum Ändern von Aufrufer-Variablen aus Prozedur; erstellt lokale Referenz auf Variable in anderem Gültigkeitsbereich.,,,,
Backslash Substitution,Tcl-Sprachkonzepte / Tcl Language Concepts,"Replacing backslash sequences (\n, \t, \\, etc.) with special characters.","Ersetzen von Backslash-Sequenzen (\n, \t, \\, etc.) durch Sonderzeichen.",,,,
Bytecode,Tcl-Sprachkonzepte / Tcl Language Concepts,Compiled intermediate representation of Tcl scripts for faster execution.,Kompilierte Zwischendarstellung von Tcl-Skripten für schnellere Ausführung.,,,,
Canonical Form,Tcl-Sprachkonzepte / Tcl Language Concepts,Standardized representation of lists where each element is properly quoted and separated.,"Standardisierte Darstellung von Listen, bei der jedes Element korrekt in Anführungszeichen steht und getrennt ist.",,,,
Command Substitution,Tcl-Sprachkonzepte / Tcl Language Concepts,Replacing `[command]` with the result of executing the command.,Ersetzen von `[command]` durch das Ergebnis der Befehlsausführung.,,,,
Continuation Line,Tcl-Sprachkonzepte / Tcl Language Concepts,"Backslash at end of line allows command to continue on next line (e.g., `puts ""Hello \`).","Backslash am Zeilenende erlaubt Fortsetzung des Befehls auf nächster Zeile (z.B. `puts ""Hello \`).",,,,
Expansion,Tcl-Sprachkonzepte / Tcl Language Concepts,"{*} prefix that expands list into individual arguments (e.g., `cmd {*}$list`).","{*}-Präfix, das Liste in einzelne Argumente expandiert (z.B. `cmd {*}$list`).",,,,
Literal,Tcl-Sprachkonzepte / Tcl Language Concepts,Value taken exactly as written without substitution; achieved with braces {...}.,Wert genau wie geschrieben ohne Substitution; erreicht mit geschweiften Klammern {...}.,,,,
Quoting,Tcl-Sprachkonzepte / Tcl Language Concepts,Using double quotes to group words while allowing substitution of variables and commands.,Verwendung von doppelten Anführungszeichen zum Gruppieren von Wörtern unter Erlaubnis von Substitution von Variablen und Befehlen.,,,,
Shimmering,Tcl-Sprachkonzepte / Tcl Language Concepts,"Internal conversion of Tcl_Obj between different representations (string, list, int) for performance.","Interne Konvertierung von Tcl_Obj zwischen verschiedenen Darstellungen (String, Liste, Int) für Performance.",,,,
Tcl_Obj,Tcl-Sprachkonzepte / Tcl Language Concepts,Internal C data structure representing Tcl values with multiple type representations.,"Interne C-Datenstruktur, die Tcl-Werte mit mehreren Typ-Darstellungen repräsentiert.",,,,
Variable Substitution,Tcl-Sprachkonzepte / Tcl Language Concepts,Replacing `$varname` with the value stored in the variable.,Ersetzen von `$varname` durch den in der Variable gespeicherten Wert.,,,,
Word,Tcl-Sprachkonzepte / Tcl Language Concepts,Basic unit of Tcl syntax; words are separated by whitespace and can be grouped with quotes or braces.,Grundeinheit der Tcl-Syntax; Wörter werden durch Leerzeichen getrennt und können mit Anführungszeichen oder Klammern gruppiert werden.,,,,
HiDPI,Tcl/Tk 9 - Neuerungen / Tcl/Tk 9 - New Features,"High Dots-Per-Inch displays — screens with pixel densities above the historical 96 dpi norm (Retina, 4K). Tk 9 has improved HiDPI handling: automatic scaling of widgets and fonts based on system DPI settings, better font rendering at high resolutions, support for `tk scaling` to query/set the factor. Tk 8.6 needed manual scaling tweaks per platform; Tk 9 handles most cases automatically.","High-Dots-Per-Inch-Bildschirme — Bildschirme mit Pixel-Dichten ueber der historischen 96-dpi-Norm (Retina, 4K). Tk 9 hat verbessertes HiDPI-Handling: automatische Skalierung von Widgets und Schriften basierend auf System-DPI-Einstellungen, besseres Font-Rendering bei hohen Aufloesungen, Support fuer `tk scaling` zum Abfragen/Setzen des Faktors. Tk 8.6 brauchte manuelle Skalierungs-Tricks pro Plattform; Tk 9 erledigt die meisten Faelle automatisch.",,,,
SVG (Tk Image),Tcl/Tk 9 - Neuerungen / Tcl/Tk 9 - New Features,"Tk 9 supports SVG (Scalable Vector Graphics) as an image format — `image create photo myImg -file logo.svg` works natively. Internally uses NanoSVG (a small standalone SVG parser/rasterizer). Supports core SVG features: paths, basic shapes, transforms, gradients; not the full SVG spec (no animations, no scripting, limited filters). The first Tk version with built-in scalable graphics — a real change for cross-platform UI work where high-DPI displays expect vector assets.","Tk 9 unterstuetzt SVG (Scalable Vector Graphics) als Bildformat — `image create photo myImg -file logo.svg` funktioniert nativ. Verwendet intern NanoSVG (einen kleinen standalone SVG-Parser/-Rasterizer). Unterstuetzt Kern-SVG-Features: Pfade, einfache Formen, Transformationen, Gradienten; nicht die volle SVG-Spec (keine Animationen, kein Scripting, limitierte Filter). Die erste Tk-Version mit eingebauter skalierbarer Grafik — eine echte Aenderung fuer plattformuebergreifende UI-Arbeit, wo High-DPI-Displays Vektor-Assets erwarten.",,,,
Tcl_Size,Tcl/Tk 9 - Neuerungen / Tcl/Tk 9 - New Features,"Tcl-9-standard type for size/length values in the C-API — replaces `int` in API signatures dealing with string lengths, list lengths, array sizes. Defined as `ptrdiff_t` (signed pointer-difference type), making it 64-bit on 64-bit platforms. Critical Tcl-9 migration: extensions written for Tcl 8.6 that use `int` for sizes in C-API calls need updates. Compile with `-DTCL_8_API` for compatibility-mode types or update to native `Tcl_Size` for cleanly 64-bit-clean Tcl-9 extensions.","Tcl-9-Standard-Typ fuer Groessen-/Laengen-Werte in der C-API — ersetzt `int` in API-Signaturen fuer String-Laengen, Listen-Laengen, Array-Groessen. Definiert als `ptrdiff_t` (signierter Pointer-Differenz-Typ), wodurch er auf 64-bit-Plattformen 64-bit ist. Kritische Tcl-9-Migration: Erweiterungen fuer Tcl 8.6, die `int` fuer Groessen in C-API-Aufrufen nutzen, brauchen Updates. Mit `-DTCL_8_API` fuer Kompatibilitaets-Modus-Typen kompilieren oder auf nativen `Tcl_Size` fuer sauber 64-bit-clean Tcl-9-Erweiterungen wechseln.",,,,
Tilde-Expansion,Tcl/Tk 9 - Neuerungen / Tcl/Tk 9 - New Features,"Behaviour where a leading `~` in a file path is expanded to the user's home directory — e.g. `~/myfile` becomes `/home/user/myfile`. Removed from Tcl 9 (still works in 8.6). In Tcl 9, use `file home` explicitly: `file join [file home] myfile`. The removal is for security and consistency; tilde-expansion behaviour varied between platforms and could surprise. Migration step for any Tcl 8.6 code that used `~/path` in file operations.","Verhalten, bei dem ein fuehrendes `~` in einem Datei-Pfad zum Home-Verzeichnis des Nutzers expandiert wird — z.B. `~/myfile` wird zu `/home/user/myfile`. In Tcl 9 entfernt (funktioniert weiter in 8.6). In Tcl 9 explizit `file home` verwenden: `file join [file home] myfile`. Die Entfernung dient der Sicherheit und Konsistenz; Tilde-Expansion verhielt sich plattform-abhaengig und konnte ueberraschen. Migrations-Schritt fuer Tcl-8.6-Code mit `~/pfad`-Mustern.",,,,
const,Tcl/Tk 9 - Neuerungen / Tcl/Tk 9 - New Features,"Tcl 9 command for defining constants — values that cannot be reassigned within their scope. `const PI 3.14159` makes `PI` read-only; subsequent `set PI ...` raises an error. Works at namespace level too: a constant defined in a namespace is shared and immutable. Solves the historic Tcl problem of accidentally mutating ""constants"" defined with `set`. Plain `set` still works for normal variables.","Tcl-9-Befehl zur Definition von Konstanten — Werten, die innerhalb ihres Scopes nicht neu zugewiesen werden koennen. `const PI 3.14159` macht `PI` schreibgeschuetzt; ein nachfolgendes `set PI ...` wirft einen Fehler. Funktioniert auch auf Namespace-Ebene: eine in einem Namespace definierte Konstante ist geteilt und unveraenderlich. Loest das historische Tcl-Problem versehentlichen Mutierens von ""Konstanten"" mit `set`. `set` bleibt fuer normale Variablen.",,,,
lseq,Tcl/Tk 9 - Neuerungen / Tcl/Tk 9 - New Features,"Tcl 9 command that generates numeric sequences as lists — like Python's `range()`. Three forms: `lseq 10` (0..9), `lseq 1 10` (1..10), `lseq 1 10 2` (1, 3, 5, 7, 9). Supports floating-point: `lseq 0 1 0.1`. Also accepts a `count`-form syntax (`lseq 5 count 10` → 5,6,7,8,9,10,11,12,13,14). Replaces verbose `for {set i 0} {$i < 10} {incr i} {lappend ...}` patterns.","Tcl-9-Befehl, der numerische Sequenzen als Listen erzeugt — wie Pythons `range()`. Drei Formen: `lseq 10` (0..9), `lseq 1 10` (1..10), `lseq 1 10 2` (1, 3, 5, 7, 9). Unterstuetzt Floating-Point: `lseq 0 1 0.1`. Akzeptiert auch `count`-Syntax (`lseq 5 count 10` → 5,6,7,8,9,10,11,12,13,14). Ersetzt langatmige `for`-Schleifen mit `lappend`.",,,,
nsimage,Tcl/Tk 9 - Neuerungen / Tcl/Tk 9 - New Features,"Tk 9 image type for native macOS system icons. `image create nsimage NSAlertCautionIcon` creates a Tk image referencing the OS-provided icon, which can then be used in buttons, labels, dialogs. Available icons include `NSAlertNoteIcon`, `NSStopProgressTemplate`, `NSAdvanced`, etc. macOS-only; on other platforms the call fails. Used in cross-platform code via a `tk windowingsystem` check.","Tk-9-Bildtyp fuer native macOS-System-Icons. `image create nsimage NSAlertCautionIcon` erzeugt ein Tk-Bild, das auf das OS-bereitgestellte Icon referenziert; nutzbar in Buttons, Labels, Dialogen. Verfuegbare Icons umfassen `NSAlertNoteIcon`, `NSStopProgressTemplate`, `NSAdvanced` u.a. macOS-only; auf anderen Plattformen schlaegt der Aufruf fehl. In plattformuebergreifendem Code via `tk windowingsystem`-Check verwendet.",,,,
process,Tcl/Tk 9 - Neuerungen / Tcl/Tk 9 - New Features,"Tcl 9 command for subprocess introspection and management. Subcommands: `process list` (running subprocesses), `process status $pid` (state of a specific process), `process autopurge` (auto-collect zombies). Companion to `exec` which spawns processes — `process` lets you query and manage them after spawning. Available since Tcl 9.0.","Tcl-9-Befehl fuer Subprozess-Introspection und -Management. Unterbefehle: `process list` (laufende Subprozesse), `process status $pid` (Status eines konkreten Prozesses), `process autopurge` (automatisches Einsammeln von Zombies). Pendant zu `exec`, das Prozesse startet — `process` erlaubt sie danach abzufragen und zu verwalten. Verfuegbar seit Tcl 9.0.",,,,
tk print,Tcl/Tk 9 - Neuerungen / Tcl/Tk 9 - New Features,"Tk 9 native printing command. Sends a Tk widget (typically a Text widget or Canvas) to the system print dialog: `tk print canvas .c` or `tk print text .t`. Platform-aware: uses GDI on Windows, CUPS on Linux, PrintCenter on macOS. Replaces the historic mess of widget-snapshot-to-PostScript-to-printer; first-class printing for Tcl/Tk 9.","Tk-9-Befehl fuer natives Drucken. Sendet ein Tk-Widget (typischerweise Text-Widget oder Canvas) an den System-Druckdialog: `tk print canvas .c` oder `tk print text .t`. Plattform-aware: nutzt GDI auf Windows, CUPS auf Linux, PrintCenter auf macOS. Ersetzt das historische Gewurschtel von Widget-Snapshot-zu-PostScript-zu-Drucker; erstklassiges Drucken fuer Tcl/Tk 9.",,,,
tk sysnotify,Tcl/Tk 9 - Neuerungen / Tcl/Tk 9 - New Features,"Tk 9 command for system desktop notifications. Sends OS-native notification messages: `tk sysnotify ""Title"" ""Body text""`. Uses Windows Toast on Windows, libnotify on Linux, NSUserNotification on macOS. Replaces external dependencies like `notify-send` that were the only option in Tk 8.6. Direct integration into the application's status reporting.","Tk-9-Befehl fuer System-Desktop-Benachrichtigungen. Sendet OS-native Notification-Nachrichten: `tk sysnotify ""Titel"" ""Body-Text""`. Nutzt Windows-Toast auf Windows, libnotify auf Linux, NSUserNotification auf macOS. Ersetzt externe Abhaengigkeiten wie `notify-send`, die in Tk 8.6 die einzige Option waren. Direkte Integration in das Status-Reporting der Anwendung.",,,,
mymethod,TclOO Introspection / TclOO-Introspektion,"Create callback bound to method of current object (e.g., `button -command [mymethod onClick]`).","Callback erstellen, gebunden an Methode des aktuellen Objekts (z.B. `button -command [mymethod onClick]`).",,,,
myvar,TclOO Introspection / TclOO-Introspektion,Return fully-qualified name of object variable for use in upvar/global.,Vollqualifizierten Namen der Objekt-Variable für Verwendung in upvar/global zurückgeben.,,,,
oo::copy,TclOO Introspection / TclOO-Introspektion,Create copy of object or class with new name.,Kopie von Objekt oder Klasse mit neuem Namen erstellen.,,,,
oo::define,TclOO Introspection / TclOO-Introspektion,"Modify class definition after creation (add methods, mixins, etc.).","Klassendefinition nach Erstellung ändern (Methoden, Mixins, etc. hinzufügen).",,,,
oo::objdefine,TclOO Introspection / TclOO-Introspektion,"Modify object instance after creation (add per-object methods, mixins).","Objekt-Instanz nach Erstellung ändern (objektspezifische Methoden, Mixins hinzufügen).",,,,
$map get,Tcllib struct Modules / Tcllib struct Module,Retrieve value for key from map.,Wert für Schlüssel aus Map abrufen.,,,,
$map keys,Tcllib struct Modules / Tcllib struct Module,Return list of all keys in map (in order).,Liste aller Schlüssel in Map zurückgeben (in Reihenfolge).,,,,
$map set,Tcllib struct Modules / Tcllib struct Module,Set key-value pair in map.,Schlüssel-Wert-Paar in Map setzen.,,,,
$map size,Tcllib struct Modules / Tcllib struct Module,Return number of key-value pairs in map.,Anzahl der Schlüssel-Wert-Paare in Map zurückgeben.,,,,
$map unset,Tcllib struct Modules / Tcllib struct Module,Remove key from map.,Schlüssel aus Map entfernen.,,,,
struct::dict,Tcllib struct Modules / Tcllib struct Module,"Tcllib struct module providing dict utilities beyond core Tcl. Common procs: ::struct::dict equal, contains, intersect, difference, project, fold. Treat dictionaries as math sets/relations. Useful when comparing config snapshots or transforming data tables.","Tcllib-struct-Modul mit Dict-Hilfsfunktionen ueber Core-Tcl hinaus. Wichtige Procs: ::struct::dict equal, contains, intersect, difference, project, fold. Behandelt Dictionaries als Mengen/Relationen. Nuetzlich beim Vergleich von Config-Snapshots oder Transformation von Datentabellen.",,,,
struct::map,Tcllib struct Modules / Tcllib struct Module,Tcllib data structure implementing key-value mappings with ordering.,"Tcllib-Datenstruktur, die Schlüssel-Wert-Zuordnungen mit Ordnung implementiert.",,,,
struct::map create,Tcllib struct Modules / Tcllib struct Module,"Create new map instance (e.g., `struct::map create mymap`).",Neue Map-Instanz erstellen (z.B. `struct::map create mymap`).,,,,
struct::matrix,Tcllib struct Modules / Tcllib struct Module,Tcllib two-dimensional array implementation with rows and columns.,Tcllib zweidimensionale Array-Implementierung mit Zeilen und Spalten.,,,,
struct::prioqueue,Tcllib struct Modules / Tcllib struct Module,Tcllib priority queue implementation with ordered elements.,Tcllib Priority-Queue-Implementierung mit geordneten Elementen.,,,,
struct::record,Tcllib struct Modules / Tcllib struct Module,Tcllib module defining record types with named fields (struct-like).,Tcllib-Modul zum Definieren von Record-Typen mit benannten Feldern (struct-ähnlich).,,,,
struct::skiplist,Tcllib struct Modules / Tcllib struct Module,Tcllib skip list data structure for fast sorted data access.,Tcllib Skip-List-Datenstruktur für schnellen sortierten Datenzugriff.,,,,
base64,Tcllib-Bibliotheken / Tcllib Libraries,"Tcllib module for base64 encoding/decoding (e.g., `base64::encode $data`).",Tcllib-Modul für Base64-Kodierung/Dekodierung (z.B. `base64::encode $data`).,,,,
cmdline,Tcllib-Bibliotheken / Tcllib Libraries,Tcllib module for command-line argument parsing.,Tcllib-Modul zum Parsen von Kommandozeilen-Argumenten.,,,,
csv,Tcllib-Bibliotheken / Tcllib Libraries,"Tcllib module for parsing and generating CSV files (e.g., `package require csv`).",Tcllib-Modul zum Parsen und Generieren von CSV-Dateien (z.B. `package require csv`).,,,,
csv::join,Tcllib-Bibliotheken / Tcllib Libraries,"Join list of fields into CSV-formatted line (e.g., `csv::join $fields`).",Liste von Feldern in CSV-formatierte Zeile zusammenfügen (z.B. `csv::join $fields`).,,,,
csv::read,Tcllib-Bibliotheken / Tcllib Libraries,"Read CSV file into list of records (e.g., `csv::read $channel`).",CSV-Datei in Liste von Datensätzen einlesen (z.B. `csv::read $channel`).,,,,
csv::split,Tcllib-Bibliotheken / Tcllib Libraries,"Split CSV line into list of fields (e.g., `csv::split $line`).",CSV-Zeile in Liste von Feldern aufteilen (z.B. `csv::split $line`).,,,,
fileutil,Tcllib-Bibliotheken / Tcllib Libraries,"Tcllib module with file system utilities (cat, grep, find, etc.).","Tcllib-Modul mit Dateisystem-Werkzeugen (cat, grep, find, etc.).",,,,
htmlparse,Tcllib-Bibliotheken / Tcllib Libraries,Tcllib module for parsing HTML documents.,Tcllib-Modul zum Parsen von HTML-Dokumenten.,,,,
http,Tcllib-Bibliotheken / Tcllib Libraries,"Tcl core package for HTTP client operations (e.g., `package require http`).",Tcl-Core-Paket für HTTP-Client-Operationen (z.B. `package require http`).,,,,
http::cleanup,Tcllib-Bibliotheken / Tcllib Libraries,Release resources associated with HTTP token.,"Ressourcen freigeben, die mit HTTP-Token verbunden sind.",,,,
http::code,Tcllib-Bibliotheken / Tcllib Libraries,"Get HTTP status code from token (e.g., `http::code $token` returns ""HTTP/1.1 200 OK"").","HTTP-Statuscode aus Token abrufen (z.B. `http::code $token` gibt ""HTTP/1.1 200 OK"" zurück).",,,,
http::config,Tcllib-Bibliotheken / Tcllib Libraries,"Configure HTTP package defaults (proxy, user-agent, etc.).","HTTP-Paket-Standards konfigurieren (Proxy, User-Agent, etc.).",,,,
http::data,Tcllib-Bibliotheken / Tcllib Libraries,"Extract response body from HTTP token (e.g., `http::data $token`).",Antwort-Body aus HTTP-Token extrahieren (z.B. `http::data $token`).,,,,
http::geturl,Tcllib-Bibliotheken / Tcllib Libraries,"Make HTTP request and return token for response (e.g., `http::geturl ""http://example.com""`).","HTTP-Anfrage stellen und Token für Antwort zurückgeben (z.B. `http::geturl ""http://example.com""`).",,,,
http::status,Tcllib-Bibliotheken / Tcllib Libraries,"Get request status: ok, error, timeout, reset.","Anfrage-Status abrufen: ok, error, timeout, reset.",,,,
json,Tcllib-Bibliotheken / Tcllib Libraries,"Tcllib module for parsing and generating JSON data (e.g., `package require json`).",Tcllib-Modul zum Parsen und Generieren von JSON-Daten (z.B. `package require json`).,,,,
json::dict2json,Tcllib-Bibliotheken / Tcllib Libraries,"Convert Tcl dictionary to JSON string (e.g., `json::dict2json $dict`).",Tcl-Dictionary in JSON-String konvertieren (z.B. `json::dict2json $dict`).,,,,
json::json2dict,Tcllib-Bibliotheken / Tcllib Libraries,"Parse JSON string into Tcl dictionary (e.g., `json::json2dict $jsonString`).",JSON-String in Tcl-Dictionary parsen (z.B. `json::json2dict $jsonString`).,,,,
json::write,Tcllib-Bibliotheken / Tcllib Libraries,"Create JSON structures programmatically (object, array, string, etc.).","JSON-Strukturen programmatisch erstellen (object, array, string, etc.).",,,,
logger,Tcllib-Bibliotheken / Tcllib Libraries,Tcllib module for flexible logging system with severity levels.,Tcllib-Modul für flexibles Logging-System mit Schweregrad-Stufen.,,,,
math::geometry,Tcllib-Bibliotheken / Tcllib Libraries,"Tcllib 2D geometry package. Computations: distance between points, polygon area, line intersections, point-in-polygon, bounding box, convex hull. Targeted at canvas/visualization tasks rather than CAD-grade precision.","Tcllib-2D-Geometrie-Paket. Berechnungen: Punktabstand, Polygonflaeche, Linien-Schnittpunkte, Punkt-in-Polygon, Bounding Box, konvexe Huelle. Auf Canvas-/Visualisierungs-Aufgaben ausgerichtet, nicht auf CAD-Praezision.",,,,
math::linearalgebra,Tcllib-Bibliotheken / Tcllib Libraries,"Tcllib package for linear algebra operations: matrix/vector arithmetic, dot product, cross product, transpose, determinant, inverse, linear system solving (LU, Gauss-Jordan), least squares, eigenvalues. Pure-Tcl implementation; not optimised for large matrices.","Tcllib-Paket fuer Operationen der linearen Algebra: Matrix/Vektor-Arithmetik, Skalarprodukt, Kreuzprodukt, Transponieren, Determinante, Inverse, Loesen linearer Gleichungssysteme (LU, Gauss-Jordan), Least Squares, Eigenwerte. Pure-Tcl-Implementierung; nicht fuer grosse Matrizen optimiert.",,,,
math::statistics,Tcllib-Bibliotheken / Tcllib Libraries,"Tcllib statistics package. Provides: mean, median, variance, standard deviation, quartiles, histograms, t-test, chi-squared test, ANOVA, correlation, linear regression, distribution functions (normal, t, chi-squared, F, gamma, beta). Useful for in-process data analysis without external dependencies.","Tcllib-Statistik-Paket. Bietet: Mittelwert, Median, Varianz, Standardabweichung, Quartile, Histogramme, t-Test, Chi-Quadrat-Test, ANOVA, Korrelation, lineare Regression, Verteilungsfunktionen (Normal, t, Chi-Quadrat, F, Gamma, Beta). Nuetzlich fuer In-Prozess-Datenanalyse ohne externe Abhaengigkeiten.",,,,
md5 / sha1 / sha256,Tcllib-Bibliotheken / Tcllib Libraries,Tcllib modules for cryptographic hash functions.,Tcllib-Module für kryptographische Hash-Funktionen.,,,,
snit,Tcllib-Bibliotheken / Tcllib Libraries,"Tcllib alternative to TclOO — ""Snit's Not Incr Tcl"". Syntax: snit::type Foo { variable x; method bar {} { ... } } then Foo create instance ?args?. Predates TclOO; uses delegation and method composition rather than classes/inheritance. Still in production use in many Tcllib widgets and BWidget; TclOO is the modern choice for new code.","Tcllib-Alternative zu TclOO — ""Snit's Not Incr Tcl"". Syntax: snit::type Foo { variable x; method bar {} { ... } } dann Foo create instance ?args?. Vor TclOO entstanden; nutzt Delegation und Method-Komposition statt Klassen/Vererbung. Weiterhin in vielen Tcllib-Widgets und BWidget produktiv eingesetzt; TclOO ist die moderne Wahl fuer neuen Code.",,,,
struct::graph,Tcllib-Bibliotheken / Tcllib Libraries,"Tcllib module for graph data structures (nodes, edges, algorithms).","Tcllib-Modul für Graph-Datenstrukturen (Knoten, Kanten, Algorithmen).",,,,
struct::list,Tcllib-Bibliotheken / Tcllib Libraries,Tcllib module with list manipulation utilities.,Tcllib-Modul mit Listen-Manipulations-Werkzeugen.,,,,
struct::queue,Tcllib-Bibliotheken / Tcllib Libraries,"Tcllib module implementing queue data structure (put, get, peek).","Tcllib-Modul, das Queue-Datenstruktur implementiert (put, get, peek).",,,,
struct::set,Tcllib-Bibliotheken / Tcllib Libraries,"Tcllib module for set operations (union, intersection, difference).","Tcllib-Modul für Mengen-Operationen (Union, Schnittmenge, Differenz).",,,,
struct::stack,Tcllib-Bibliotheken / Tcllib Libraries,"Tcllib module implementing stack data structure (push, pop, peek).","Tcllib-Modul, das Stack-Datenstruktur implementiert (push, pop, peek).",,,,
struct::tree,Tcllib-Bibliotheken / Tcllib Libraries,Tcllib module for hierarchical tree data structures.,Tcllib-Modul für hierarchische Baum-Datenstrukturen.,,,,
tdom,Tcllib-Bibliotheken / Tcllib Libraries,"Tcl XML/DOM library, written in C, very fast. Syntax: package require tdom; set doc [dom parse $xmlString]; set root [$doc documentElement]; $root selectNodes ""//tag/@attr"". Supports DOM, XPath, XSLT, HTML parsing (-html), HTML5 (-html5 in 0.9+), schema validation. Standard choice for XML in Tcl. Not part of Tcllib proper — separate distribution.","Tcl-XML/DOM-Bibliothek, in C geschrieben, sehr schnell. Syntax: package require tdom; set doc [dom parse $xmlString]; set root [$doc documentElement]; $root selectNodes ""//tag/@attr"". Unterstuetzt DOM, XPath, XSLT, HTML-Parsing (-html), HTML5 (-html5 in 0.9+), Schema-Validierung. Standardwahl fuer XML in Tcl. Nicht Teil von Tcllib selbst — separate Distribution.",,,,
textutil,Tcllib-Bibliotheken / Tcllib Libraries,"Tcllib module for text processing utilities (trim, indent, wrap).","Tcllib-Modul für Textverarbeitungs-Werkzeuge (trim, indent, wrap).",,,,
uri,Tcllib-Bibliotheken / Tcllib Libraries,Tcllib module for parsing and building URIs/URLs.,Tcllib-Modul zum Parsen und Erstellen von URIs/URLs.,,,,
? : (Conditional/Ternary),Ternärer Operator / Ternary Operator,"Conditional operator; returns one of two values based on condition (e.g., `$x > 0 ? ""positive"" : ""negative""`).","Bedingter Operator; gibt einen von zwei Werten basierend auf Bedingung zurück (z.B. `$x > 0 ? ""positive"" : ""negative""`).",,,,
Hanging Indent,Text-Formatierung / Text Formatting,Indentation where first line extends left of subsequent lines; opposite of normal indent; in text widget: `-lmargin1` less than `-lmargin2`; used for bullet lists.,"Einrückung, wo erste Zeile links von nachfolgenden Zeilen steht; Gegenteil von normaler Einrückung; in Text-Widget: `-lmargin1` kleiner als `-lmargin2`; verwendet für Aufzählungslisten.",,,,
Hard Break,Text-Formatierung / Text Formatting,Explicit line break inserted by user (Enter key); creates new paragraph or line; stored as \n in text; always breaks line.,Expliziter Zeilenumbruch eingefügt vom Benutzer (Enter-Taste); erstellt neuen Absatz oder Zeile; gespeichert als \n im Text; bricht immer Zeile.,,,,
Indent,Text-Formatierung / Text Formatting,Horizontal spacing at line start; moves text right; in Tk text widget: configured with tag options `-lmargin1` (first line) and `-lmargin2` (continuation); measured in screen units.,Horizontaler Abstand am Zeilenanfang; bewegt Text nach rechts; in Tk-Text-Widget: konfiguriert mit Tag-Optionen `-lmargin1` (erste Zeile) und `-lmargin2` (Fortsetzung); gemessen in Bildschirm-Einheiten.,,,,
Justification,Text-Formatierung / Text Formatting,"Text alignment within line; options: left (default), right, center, both (full justification); in text widget: tag option `-justify`.","Text-Ausrichtung innerhalb Zeile; Optionen: left (Standard), right, center, both (Blocksatz); in Text-Widget: Tag-Option `-justify`.",,,,
Line Break,Text-Formatierung / Text Formatting,"End of line, new line starts; represented by newline character (\n in Unix, \r\n in Windows, \r in old Mac); Tcl normalizes to \n internally.","Zeilenende, neue Zeile beginnt; repräsentiert durch Newline-Zeichen (\n in Unix, \r\n in Windows, \r in altem Mac); Tcl normalisiert intern zu \n.",,,,
Page Break,Text-Formatierung / Text Formatting,"End of page, new page starts; in printing/documents: form feed (\f) character; in Tk text widget: no built-in page concept, but can be marked with tags.","Seitenende, neue Seite beginnt; beim Drucken/Dokumenten: Form-Feed (\f)-Zeichen; in Tk-Text-Widget: kein eingebautes Seiten-Konzept, aber kann mit Tags markiert werden.",,,,
Seitenumbruch (Page Break),Text-Formatierung / Text Formatting,German term for page break; forces new page in document; form feed character (\f); important for printing and PDF generation.,Deutscher Begriff für Page Break; erzwingt neue Seite im Dokument; Form-Feed-Zeichen (\f); wichtig für Drucken und PDF-Generierung.,,,,
Soft Break,Text-Formatierung / Text Formatting,Automatic line break by word wrap; not stored in text; recalculated when window resized; disappears if text fits on one line.,Automatischer Zeilenumbruch durch Wortumbruch; nicht im Text gespeichert; neu berechnet wenn Fenster Größe ändert; verschwindet wenn Text in eine Zeile passt.,,,,
Tab Stop,Text-Formatierung / Text Formatting,Position where tab character (\t) advances cursor; in text widget: configured with `-tabs` option as list of positions; default: every 8 characters.,"Position, wo Tab-Zeichen (\t) Cursor vorrückt; in Text-Widget: konfiguriert mit `-tabs`-Option als Liste von Positionen; Standard: alle 8 Zeichen.",,,,
Word Wrap,Text-Formatierung / Text Formatting,"Automatic line breaking at word boundaries when text exceeds width; in Tk text widget: `-wrap word` option; breaks between words, not mid-word.","Automatischer Zeilenumbruch an Wortgrenzen wenn Text Breite überschreitet; in Tk-Text-Widget: `-wrap word`-Option; bricht zwischen Wörtern, nicht mitten im Wort.",,,,
Zeilenumbruch (Line Break),Text-Formatierung / Text Formatting,German term for line break; new line in text; automatic (word wrap) or manual (hard break with Enter/Return key).,Deutscher Begriff für Line Break; neue Zeile im Text; automatisch (Wortumbruch) oder manuell (harter Umbruch mit Enter/Return-Taste).,,,,
Dump,Text-Widget-Spezifische Begriffe / Text Widget-Specific Terms,"Extract text widget contents including text, marks, tags, and embedded objects.","Text-Widget-Inhalt extrahieren, einschließlich Text, Marks, Tags und eingebetteter Objekte.",,,,
Embedded Image,Text-Widget-Spezifische Begriffe / Text Widget-Specific Terms,Image placed within text widget content at a specific position.,"Bild, das innerhalb des Text-Widget-Inhalts an einer bestimmten Position platziert ist.",,,,
Embedded Window,Text-Widget-Spezifische Begriffe / Text Widget-Specific Terms,Widget embedded within text widget at a specific position.,"Widget, das innerhalb eines Text-Widgets an einer bestimmten Position eingebettet ist.",,,,
End Mark,Text-Widget-Spezifische Begriffe / Text Widget-Specific Terms,Special mark always positioned after the last character in text widget.,"Spezielle Mark, die immer nach dem letzten Zeichen im Text-Widget positioniert ist.",,,,
Insert Mark,Text-Widget-Spezifische Begriffe / Text Widget-Specific Terms,Special mark indicating the current text insertion cursor position.,"Spezielle Mark, die die aktuelle Texteinfügeposition des Cursors anzeigt.",,,,
Line Number,Text-Widget-Spezifische Begriffe / Text Widget-Specific Terms,"Text index format specifying line and character position (e.g., `1.0` = line 1, character 0).","Text-Index-Format, das Zeilen- und Zeichenposition angibt (z.B. `1.0` = Zeile 1, Zeichen 0).",,,,
Mark,Text-Widget-Spezifische Begriffe / Text Widget-Specific Terms,A named position in text widget that moves with text as it's edited; `insert` and `end` are predefined marks.,"Eine benannte Position im Text-Widget, die sich mit Text bewegt, während er bearbeitet wird; `insert` und `end` sind vordefinierte Marks.",,,,
Modified Flag,Text-Widget-Spezifische Begriffe / Text Widget-Specific Terms,Boolean indicating whether text widget content has been changed since last reset.,"Boolescher Wert, der anzeigt, ob Text-Widget-Inhalt seit letztem Zurücksetzen geändert wurde.",,,,
See,Text-Widget-Spezifische Begriffe / Text Widget-Specific Terms,Scroll text widget to make a specific position visible.,"Text-Widget scrollen, um eine bestimmte Position sichtbar zu machen.",,,,
Spacing,Text-Widget-Spezifische Begriffe / Text Widget-Specific Terms,"Vertical spacing options: `spacing1` (above line), `spacing2` (between wrapped lines), `spacing3` (below line).","Vertikale Abstandsoptionen: `spacing1` (über Zeile), `spacing2` (zwischen umbrochenen Zeilen), `spacing3` (unter Zeile).",,,,
Tabs,Text-Widget-Spezifische Begriffe / Text Widget-Specific Terms,"Tab stop positions for text widget, specified as list of distances.","Tabstopp-Positionen für Text-Widget, angegeben als Liste von Abständen.",,,,
Tag,Text-Widget-Spezifische Begriffe / Text Widget-Specific Terms,"Named region in text widget for applying formatting, bindings, or other properties to character ranges.","Benannte Region im Text-Widget zum Anwenden von Formatierung, Bindings oder anderen Eigenschaften auf Zeichenbereiche.",,,,
Tag Add,Text-Widget-Spezifische Begriffe / Text Widget-Specific Terms,Apply a tag to a range of text in a text widget.,Ein Tag auf einen Textbereich in einem Text-Widget anwenden.,,,,
Tag Bind,Text-Widget-Spezifische Begriffe / Text Widget-Specific Terms,Associate event bindings with tagged text regions.,Ereignis-Bindings mit getaggten Textregionen verknüpfen.,,,,
Tag Configure,Text-Widget-Spezifische Begriffe / Text Widget-Specific Terms,"Set display properties (colors, fonts, relief) for text marked with a tag.","Anzeigeeigenschaften (Farben, Schriften, Relief) für mit einem Tag markierten Text setzen.",,,,
Tag Names,Text-Widget-Spezifische Begriffe / Text Widget-Specific Terms,Retrieve list of all tags defined in a text widget.,Liste aller im Text-Widget definierten Tags abrufen.,,,,
Tag Ranges,Text-Widget-Spezifische Begriffe / Text Widget-Specific Terms,Get start and end indices of all ranges with a specific tag.,Start- und End-Indizes aller Bereiche mit einem bestimmten Tag abrufen.,,,,
Tag Remove,Text-Widget-Spezifische Begriffe / Text Widget-Specific Terms,Remove a tag from a range of text in a text widget.,Ein Tag aus einem Textbereich in einem Text-Widget entfernen.,,,,
Undo / Redo,Text-Widget-Spezifische Begriffe / Text Widget-Specific Terms,Commands to reverse or reapply text editing operations in text widget.,Befehle zum Rückgängigmachen oder Wiederherstellen von Textbearbeitungsoperationen im Text-Widget.,,,,
Wrap,Text-Widget-Spezifische Begriffe / Text Widget-Specific Terms,"Text wrapping mode: `none` (no wrap), `char` (wrap at character), `word` (wrap at word boundary).","Textumbruchmodus: `none` (kein Umbruch), `char` (Umbruch bei Zeichen), `word` (Umbruch bei Wortgrenze).",,,,
Yview / Xview,Text-Widget-Spezifische Begriffe / Text Widget-Specific Terms,Control vertical/horizontal scrolling position of text or canvas widgets.,Vertikale/horizontale Scroll-Position von Text- oder Canvas-Widgets steuern.,,,,
Asynchronous,Threading und Parallelverarbeitung / Threading and Parallel Processing,Operation that returns immediately; result available later via callback or polling.,"Operation, die sofort zurückkehrt; Ergebnis später verfügbar über Callback oder Polling.",,,,
Atomic Operation,Threading und Parallelverarbeitung / Threading and Parallel Processing,Operation that completes without interruption; indivisible from other threads' perspective.,"Operation, die ohne Unterbrechung abgeschlossen wird; unteilbar aus Sicht anderer Threads.",,,,
Concurrency,Threading und Parallelverarbeitung / Threading and Parallel Processing,Ability to handle multiple tasks that make progress without necessarily running simultaneously.,"Fähigkeit, mehrere Aufgaben zu handhaben, die Fortschritte machen, ohne notwendigerweise gleichzeitig zu laufen.",,,,
Critical Section,Threading und Parallelverarbeitung / Threading and Parallel Processing,Code region accessing shared resources; must be protected by mutex in multithreaded programs.,"Codebereich, der auf gemeinsame Ressourcen zugreift; muss in Multithreaded-Programmen durch Mutex geschützt werden.",,,,
Deadlock,Threading und Parallelverarbeitung / Threading and Parallel Processing,Situation where threads wait indefinitely for each other to release resources.,"Situation, in der Threads unendlich aufeinander warten, um Ressourcen freizugeben.",,,,
Lock / Unlock,Threading und Parallelverarbeitung / Threading and Parallel Processing,Acquire/release mutex to protect critical section from concurrent access.,"Mutex erwerben/freigeben, um kritischen Abschnitt vor gleichzeitigem Zugriff zu schützen.",,,,
Main Thread,Threading und Parallelverarbeitung / Threading and Parallel Processing,Primary thread where program execution begins; typically handles GUI in Tk applications.,"Primärer Thread, wo Programmausführung beginnt; behandelt typischerweise GUI in Tk-Anwendungen.",,,,
Message Passing,Threading und Parallelverarbeitung / Threading and Parallel Processing,Thread communication method where threads exchange data through messages rather than shared memory.,"Thread-Kommunikationsmethode, bei der Threads Daten durch Nachrichten statt gemeinsamen Speicher austauschen.",,,,
Mutex (Mutual Exclusion),Threading und Parallelverarbeitung / Threading and Parallel Processing,Synchronization primitive preventing simultaneous access to shared resource by multiple threads.,"Synchronisationsprimitiv, das gleichzeitigen Zugriff mehrerer Threads auf gemeinsame Ressource verhindert.",,,,
Parallel,Threading und Parallelverarbeitung / Threading and Parallel Processing,Execution of multiple operations simultaneously using threads or processes.,Ausführung mehrerer Operationen gleichzeitig mit Threads oder Prozessen.,,,,
Race Condition,Threading und Parallelverarbeitung / Threading and Parallel Processing,Bug where program behavior depends on timing of uncontrolled concurrent operations.,"Fehler, bei dem Programmverhalten vom Timing unkontrollierter gleichzeitiger Operationen abhängt.",,,,
Shared Data,Threading und Parallelverarbeitung / Threading and Parallel Processing,Variables or resources accessible by multiple threads; requires synchronization.,"Variablen oder Ressourcen, auf die mehrere Threads zugreifen können; erfordert Synchronisation.",,,,
Synchronous,Threading und Parallelverarbeitung / Threading and Parallel Processing,Operation that blocks until completion; caller waits for result.,"Operation, die bis zur Fertigstellung blockiert; Aufrufer wartet auf Ergebnis.",,,,
Thread,Threading und Parallelverarbeitung / Threading and Parallel Processing,"Independent execution path allowing concurrent operations; requires Thread package (e.g., `package require Thread`).","Unabhängiger Ausführungspfad, der gleichzeitige Operationen ermöglicht; erfordert Thread-Paket (z.B. `package require Thread`).",,,,
Thread Pool,Threading und Parallelverarbeitung / Threading and Parallel Processing,Collection of pre-created threads waiting for tasks; improves performance by reusing threads.,"Sammlung vorgefertigter Threads, die auf Aufgaben warten; verbessert Performance durch Thread-Wiederverwendung.",,,,
Thread-safe,Threading und Parallelverarbeitung / Threading and Parallel Processing,Code that functions correctly when accessed by multiple threads simultaneously.,"Code, der korrekt funktioniert, wenn von mehreren Threads gleichzeitig darauf zugegriffen wird.",,,,
Worker Thread,Threading und Parallelverarbeitung / Threading and Parallel Processing,Background thread performing tasks while main thread remains responsive.,"Hintergrund-Thread, der Aufgaben ausführt, während Haupt-Thread responsiv bleibt.",,,,
thread::cond,Threading und Parallelverarbeitung / Threading and Parallel Processing,Condition variable for thread synchronization; allows threads to wait for specific conditions.,"Bedingungsvariable für Thread-Synchronisation; ermöglicht Threads, auf bestimmte Bedingungen zu warten.",,,,
thread::create,Threading und Parallelverarbeitung / Threading and Parallel Processing,"Create new thread with optional script to execute (e.g., `thread::create {script}`).",Neuen Thread mit optionalem auszuführendem Skript erstellen (z.B. `thread::create {script}`).,,,,
thread::exit,Threading und Parallelverarbeitung / Threading and Parallel Processing,Terminate current thread with optional return value.,Aktuellen Thread mit optionalem Rückgabewert beenden.,,,,
thread::id,Threading und Parallelverarbeitung / Threading and Parallel Processing,Return unique identifier of current or specified thread.,Eindeutige Kennung des aktuellen oder angegebenen Threads zurückgeben.,,,,
thread::join,Threading und Parallelverarbeitung / Threading and Parallel Processing,Wait for thread to terminate and retrieve its return value.,Auf Thread-Terminierung warten und Rückgabewert abrufen.,,,,
thread::mutex,Threading und Parallelverarbeitung / Threading and Parallel Processing,"Create mutual exclusion lock for thread synchronization (e.g., `thread::mutex create`).",Mutual-Exclusion-Sperre für Thread-Synchronisation erstellen (z.B. `thread::mutex create`).,,,,
thread::send,Threading und Parallelverarbeitung / Threading and Parallel Processing,Send script to another thread for execution; can be synchronous or asynchronous.,Skript an anderen Thread zur Ausführung senden; kann synchron oder asynchron sein.,,,,
thread::wait,Threading und Parallelverarbeitung / Threading and Parallel Processing,Wait for thread to finish execution and return result.,Auf Beendigung der Thread-Ausführung warten und Ergebnis zurückgeben.,,,,
Idle Handler,Timing und Scheduling / Timing and Scheduling,Callback executed when event loop has no pending events to process.,"Callback, der ausgeführt wird, wenn Ereignis-Schleife keine ausstehenden Ereignisse hat.",,,,
Milliseconds,Timing und Scheduling / Timing and Scheduling,Time unit equal to 1/1000 of a second; commonly used in after commands.,Zeiteinheit gleich 1/1000 einer Sekunde; häufig verwendet in after-Befehlen.,,,,
Periodic Task,Timing und Scheduling / Timing and Scheduling,Repeating timer that reschedules itself after each execution.,"Sich wiederholender Timer, der sich nach jeder Ausführung selbst neu einplant.",,,,
Timer,Timing und Scheduling / Timing and Scheduling,Scheduled callback that executes after specified time delay; created with `after`.,"Eingeplanter Callback, der nach angegebener Zeitverzögerung ausgeführt wird; erstellt mit `after`.",,,,
Variable (General),Timing und Scheduling / Timing and Scheduling,"Named storage location for data in Tcl; all values are strings internally, but context determines interpretation (number, list, etc.); accessed with `$varname` or `set` command.","Benannter Speicherplatz für Daten in Tcl; alle Werte sind intern Strings, aber Kontext bestimmt Interpretation (Zahl, Liste, etc.); Zugriff mit `$varname` oder `set`-Befehl.",,,,
after,Timing und Scheduling / Timing and Scheduling,"Schedule command execution after delay in milliseconds; subcommands: `after ms script` (delay), `after idle script` (when idle), `after cancel id` (cancel scheduled), `after info` (list pending) (e.g., `after 1000 {puts ""Hello""}`).","Befehlsausführung nach Verzögerung in Millisekunden einplanen; Unterbefehle: `after ms script` (Verzögerung), `after idle script` (wenn idle), `after cancel id` (geplantes abbrechen), `after info` (ausstehende auflisten) (z.B. `after 1000 {puts ""Hello""}`).",,,,
after cancel,Timing und Scheduling / Timing and Scheduling,Cancel previously scheduled after command using its identifier.,Zuvor eingeplanten after-Befehl mit seinem Identifikator abbrechen.,,,,
after idle,Timing und Scheduling / Timing and Scheduling,"Schedule command to execute when event loop is idle (e.g., `after idle {update_display}`).","Befehl für Ausführung einplanen, wenn Ereignis-Schleife idle ist (z.B. `after idle {update_display}`).",,,,
after info,Timing und Scheduling / Timing and Scheduling,Return list of pending after commands and their identifiers.,Liste ausstehender after-Befehle und ihrer Identifikatoren zurückgeben.,,,,
clock,Timing und Scheduling / Timing and Scheduling,"Time-related command with subcommands: `seconds` (current time), `format` (format timestamp), `scan` (parse time string).","Zeitbezogener Befehl mit Unterbefehlen: `seconds` (aktuelle Zeit), `format` (Zeitstempel formatieren), `scan` (Zeitstring parsen).",,,,
clock add,Timing und Scheduling / Timing and Scheduling,"Add an interval to a timestamp. Syntax: clock add timestamp count unit ?count unit ...? ?-timezone tz?. Units: seconds, minutes, hours, days, weeks, months, years. Example: `clock add [clock seconds] 7 days` adds a week. Handles month-end and DST correctly (unlike a naive add of seconds).","Addiert ein Intervall zu einem Zeitstempel. Syntax: clock add timestamp count unit ?count unit ...? ?-timezone tz?. Einheiten: seconds, minutes, hours, days, weeks, months, years. Beispiel: `clock add [clock seconds] 7 days` addiert eine Woche. Behandelt Monatsenden und DST korrekt (im Gegensatz zu naiver Sekunden-Addition).",,,,
clock clicks,Timing und Scheduling / Timing and Scheduling,Return a high-resolution timestamp counter. Syntax: clock clicks ?-microseconds|-milliseconds?. Without options: implementation-defined ticks (system-dependent). With -microseconds: microsecond-resolution counter. Use for benchmarking small intervals; for absolute time use `clock seconds` or `clock microseconds`.,Liefert einen hochaufloesenden Zeitstempel-Zaehler. Syntax: clock clicks ?-microseconds|-milliseconds?. Ohne Optionen: implementierungsabhaengige Ticks (system-spezifisch). Mit -microseconds: Mikrosekunden-Aufloesung. Fuer Benchmarking kleiner Intervalle verwenden; fuer Absolutzeit `clock seconds` oder `clock microseconds`.,,,,
clock format,Timing und Scheduling / Timing and Scheduling,"Format time value into human-readable string (e.g., `clock format [clock seconds] -format ""%Y-%m-%d %H:%M:%S""`).","Zeitwert in menschenlesbaren String formatieren (z.B. `clock format [clock seconds] -format ""%Y-%m-%d %H:%M:%S""`).",,,,
clock microseconds,Timing und Scheduling / Timing and Scheduling,"Current time in microseconds since the Unix epoch. Syntax: clock microseconds. Returns an integer. Higher resolution than `clock seconds` and `clock milliseconds`. Tcl 8.5+. For wall-clock timestamps with sub-second precision (logs, performance traces).","Aktuelle Zeit in Mikrosekunden seit der Unix-Epoche. Syntax: clock microseconds. Liefert eine Ganzzahl. Hoehere Aufloesung als `clock seconds` und `clock milliseconds`. Tcl 8.5+. Fuer Wallclock-Zeitstempel mit Sub-Sekunden-Genauigkeit (Logs, Performance-Traces).",,,,
clock milliseconds,Timing und Scheduling / Timing and Scheduling,Return current time in milliseconds since epoch with higher precision.,Aktuelle Zeit in Millisekunden seit Epoche mit höherer Präzision zurückgeben.,,,,
clock scan,Timing und Scheduling / Timing and Scheduling,"Parse time string and return seconds since epoch (e.g., `clock scan ""2025-01-01""`).","Zeitstring parsen und Sekunden seit Epoche zurückgeben (z.B. `clock scan ""2025-01-01""`).",,,,
clock seconds,Timing und Scheduling / Timing and Scheduling,"Return current time as seconds since Unix epoch (January 1, 1970).",Aktuelle Zeit als Sekunden seit Unix-Epoche (1. Januar 1970) zurückgeben.,,,,
time,Timing und Scheduling / Timing and Scheduling,"Measure execution time of script; returns microseconds per iteration (e.g., `time {expr 2+2} 1000`).",Ausführungszeit von Skript messen; gibt Mikrosekunden pro Iteration zurück (z.B. `time {expr 2+2} 1000`).,,,,
tkwait,Timing und Scheduling / Timing and Scheduling,"Wait for specific event to occur; variants: `tkwait variable` (wait for variable), `tkwait visibility` (wait for window visible), `tkwait window` (wait for window destroyed).","Auf bestimmtes Ereignis warten; Varianten: `tkwait variable` (auf Variable warten), `tkwait visibility` (auf Fenster sichtbar warten), `tkwait window` (auf Fenster-Zerstörung warten).",,,,
tkwait variable,Timing und Scheduling / Timing and Scheduling,"Wait for specified variable to be written; similar to vwait but Tk-specific (e.g., `tkwait variable myvar`).",Auf Schreiben der angegebenen Variable warten; ähnlich wie vwait aber Tk-spezifisch (z.B. `tkwait variable myvar`).,,,,
tkwait visibility,Timing und Scheduling / Timing and Scheduling,"Wait until specified window becomes visible on screen (e.g., `tkwait visibility .mywindow`).","Warten, bis angegebenes Fenster auf Bildschirm sichtbar wird (z.B. `tkwait visibility .mywindow`).",,,,
tkwait window,Timing und Scheduling / Timing and Scheduling,"Wait until specified window is destroyed; useful for modal dialogs (e.g., `tkwait window .dialog`).","Warten, bis angegebenes Fenster zerstört wird; nützlich für modale Dialoge (z.B. `tkwait window .dialog`).",,,,
update,Timing und Scheduling / Timing and Scheduling,Process pending events and refresh display; allows GUI to remain responsive during long operations.,"Ausstehende Ereignisse verarbeiten und Anzeige aktualisieren; ermöglicht GUI, während langer Operationen responsiv zu bleiben.",,,,
update idletasks,Timing und Scheduling / Timing and Scheduling,Process only idle events like display updates without processing user input events.,Nur Idle-Ereignisse wie Display-Updates verarbeiten ohne Benutzer-Eingabe-Ereignisse zu verarbeiten.,,,,
vwait,Timing und Scheduling / Timing and Scheduling,"Enter event loop and wait for variable to be set; blocks until condition met (e.g., `vwait done`).",Ereignis-Schleife betreten und auf Setzen einer Variable warten; blockiert bis Bedingung erfüllt (z.B. `vwait done`).,,,,
bell,Tk-Core-Befehle / Tk Core Commands,"Ring system bell/beep to alert user (e.g., `bell` or `bell -displayof .widget`).","System-Glocke/Piep erklingen lassen, um Benutzer zu alarmieren (z.B. `bell` oder `bell -displayof .widget`).",,,,
bind,Tk-Core-Befehle / Tk Core Commands,"Associate a Tcl script with an event on a widget or class of widgets. Syntax: bind tag sequence script. Examples: bind .b <Button-1> {puts clicked}; bind Entry <Return> {%W validate}. Substitution variables in script: %W (widget), %x %y (coords), %K (keysym), %A (ASCII char). Central event mechanism in Tk; used for keyboard, mouse, focus, expose events.","Verknuepft ein Tcl-Skript mit einem Event auf einem Widget oder einer Widget-Klasse. Syntax: bind tag sequence script. Beispiele: bind .b <Button-1> {puts geklickt}; bind Entry <Return> {%W validate}. Substitutions im Skript: %W (Widget), %x %y (Koordinaten), %K (Keysym), %A (ASCII-Zeichen). Zentraler Event-Mechanismus in Tk; benutzt fuer Tastatur, Maus, Fokus, Expose-Ereignisse.",,,,
bindtags,Tk-Core-Befehle / Tk Core Commands,Get or set the list of binding tags for a widget. Syntax: bindtags .widget ?taglist?. Default tag chain for .b: {.b Button . all}. Tags are processed in order; bind events fire on each tag until break. Used to add custom binding contexts or change Tk's default event order.,Liefert oder setzt die Liste der Binding-Tags fuer ein Widget. Syntax: bindtags .widget ?taglist?. Standard-Tag-Kette fuer .b: {.b Button . all}. Tags werden in Reihenfolge abgearbeitet; bind-Events feuern auf jedem Tag bis zu break. Verwendet fuer eigene Binding-Kontexte oder Aenderung der Standard-Event-Reihenfolge.,,,,
clipboard,Tk-Core-Befehle / Tk Core Commands,"Cross-platform clipboard wrapper around the CLIPBOARD selection. Syntax: clipboard clear; clipboard append ""text""; clipboard get. Works identically on X11/Windows/macOS. Preferred over `selection` for copy/paste; common pattern: clipboard clear; clipboard append [.t get sel.first sel.last].","Plattformuebergreifender Clipboard-Wrapper um die CLIPBOARD-Selection. Syntax: clipboard clear; clipboard append ""text""; clipboard get. Funktioniert identisch auf X11/Windows/macOS. Gegenueber `selection` bevorzugt fuer Copy/Paste; uebliches Muster: clipboard clear; clipboard append [.t get sel.first sel.last].",,,,
destroy,Tk-Core-Befehle / Tk Core Commands,Destroy a Tk widget and all its descendants. Frees resources. Syntax: destroy ?window window ...?,Tk-Widget und alle Nachkommen zerstoeren. Gibt Ressourcen frei. Syntax: destroy ?window window ...?,,,"pack forget, grid forget, winfo exists",
event,Tk-Core-Befehle / Tk Core Commands,"Generic command for virtual events and event generation. Syntax: event add <<VirtName>> <real-event>...; event generate .w <<VirtName>>; event delete <<VirtName>>. Virtual events allow decoupling user actions from concrete keys/clicks. Common: <<Copy>>, <<Paste>>, <<Cut>>, <<Modified>>, <<TreeviewSelect>>.","Generisches Kommando fuer virtuelle Events und Event-Erzeugung. Syntax: event add <<VirtName>> <real-event>...; event generate .w <<VirtName>>; event delete <<VirtName>>. Virtuelle Events entkoppeln Benutzeraktionen von konkreten Tasten/Klicks. Gebraeuchlich: <<Copy>>, <<Paste>>, <<Cut>>, <<Modified>>, <<TreeviewSelect>>.",,,,
font,Tk-Core-Befehle / Tk Core Commands,"Tk command for managing named fonts. Syntax: font create name ?-family F? ?-size S? ?-weight normal|bold? ?-slant roman|italic?; font configure name -size 14; font names; font measure name ""text""; font metrics name -linespace. Named fonts update all widgets using them when configured.","Tk-Kommando zur Verwaltung benannter Schriftarten. Syntax: font create name ?-family F? ?-size S? ?-weight normal|bold? ?-slant roman|italic?; font configure name -size 14; font names; font measure name ""text""; font metrics name -linespace. Benannte Fonts aktualisieren alle Widgets die sie verwenden bei configure.",,,,
grab,Tk-Core-Befehle / Tk Core Commands,Restrict pointer/keyboard events to a window (modal behavior). Syntax: grab .w (local); grab -global .w; grab release .w; grab status .w. Local grab: events outside .w go to other apps. Global grab: events go nowhere else (rare). Auto-released when .w is destroyed.,Beschraenkt Maus/Tastatur-Events auf ein Fenster (modales Verhalten). Syntax: grab .w (lokal); grab -global .w; grab release .w; grab status .w. Lokaler Grab: Events ausserhalb .w gehen zu anderen Apps. Globaler Grab: Events gehen nirgends sonst hin (selten). Wird automatisch freigegeben wenn .w zerstoert wird.,,,,
image,Tk-Core-Befehle / Tk Core Commands,"Tk command for managing image objects (photo, bitmap). Syntax: image create photo|bitmap ?name? ?options?; image delete name; image names; image type name. Photo supports PNG/GIF natively (Tk 8.6+) plus JPEG via Img package. Used as -image option for buttons, labels, canvas items.","Tk-Kommando zur Verwaltung von Bild-Objekten (photo, bitmap). Syntax: image create photo|bitmap ?name? ?options?; image delete name; image names; image type name. Photo unterstuetzt PNG/GIF nativ (Tk 8.6+) plus JPEG via Img-Paket. Als -image Option bei Buttons, Labels, Canvas-Items.",,,,
lower,Tk-Core-Befehle / Tk Core Commands,Lower a window or canvas item in the stacking order. Syntax: lower window ?belowThis?; for canvas: .c lower tagOrId ?belowTagOrId?. Counterpart to raise. Without second argument: drops to bottom.,Senkt ein Fenster oder Canvas-Item in der Stack-Order. Syntax: lower window ?belowThis?; bei canvas: .c lower tagOrId ?belowTagOrId?. Gegenstueck zu raise. Ohne zweites Argument: nach ganz unten.,,,,
option,Tk-Core-Befehle / Tk Core Commands,Tk option database — defaults for widget options based on a hierarchy. Syntax: option add pattern value ?priority?; option get window name class; option clear; option readfile filename. Pattern: *Button*foreground or .frame.button.foreground. Lower priority than explicit -option settings. Used for application-wide theming before ttk styles existed.,Tk-Optionsdatenbank — Defaults fuer Widget-Optionen basierend auf einer Hierarchie. Syntax: option add pattern value ?priority?; option get window name class; option clear; option readfile filename. Pattern: *Button*foreground oder .frame.button.foreground. Niedrigere Prioritaet als explizite -option-Werte. Verwendet fuer App-weite Themes bevor ttk-Styles existierten.,,,,
raise,Tk-Core-Befehle / Tk Core Commands,"Raise a window or canvas item in the stacking order. Syntax: raise window ?aboveThis?; for canvas: .c raise tagOrId ?aboveTagOrId?. Without second argument: raises to top. Used to bring popups, tooltips, or canvas items to the front.","Hebt ein Fenster oder Canvas-Item in der Stack-Order an. Syntax: raise window ?aboveThis?; bei canvas: .c raise tagOrId ?aboveTagOrId?. Ohne zweites Argument: nach ganz oben. Verwendet um Popups, Tooltips, Canvas-Items in den Vordergrund zu bringen.",,,,
selection,Tk-Core-Befehle / Tk Core Commands,X11 selection (clipboard-like) management. Syntax: selection get ?-selection PRIMARY|CLIPBOARD?; selection clear; selection own .widget; selection handle .widget proc. PRIMARY is the X11 middle-click selection; CLIPBOARD is the explicit copy/paste buffer. On Windows/macOS only CLIPBOARD is meaningful.,X11-Selection (clipboard-aehnlich) verwalten. Syntax: selection get ?-selection PRIMARY|CLIPBOARD?; selection clear; selection own .widget; selection handle .widget proc. PRIMARY ist die X11-Middle-Click-Selection; CLIPBOARD ist der explizite Copy/Paste-Puffer. Auf Windows/macOS nur CLIPBOARD relevant.,,,,
send,Tk-Core-Befehle / Tk Core Commands,"Send Tcl command to another Tk application by name (X11 only; e.g., `send appname {set x 5}`).",Tcl-Befehl an andere Tk-Anwendung per Name senden (nur X11; z.B. `send appname {set x 5}`).,,,,
tk appname,Tk-Core-Befehle / Tk Core Commands,Query or set application name for `send` command.,Anwendungsnamen für `send`-Befehl abfragen oder setzen.,,,,
tk busy,Tk-Core-Befehle / Tk Core Commands,"Make window(s) busy/unbusy, preventing user interaction (e.g., `tk busy .window`).","Fenster beschäftigt/unbeschäftigt machen, Benutzer-Interaktion verhindern (z.B. `tk busy .window`).",,,,
tk caret,Tk-Core-Befehle / Tk Core Commands,Control position and visibility of text input caret.,Position und Sichtbarkeit der Texteingabe-Einfügemarke steuern.,,,,
tk fontchooser,Tk-Core-Befehle / Tk Core Commands,Display platform-native font selection dialog.,Plattform-nativen Font-Auswahl-Dialog anzeigen.,,,,
tk scaling,Tk-Core-Befehle / Tk Core Commands,Query or set scaling factor for converting between physical and logical units.,Skalierungsfaktor zum Konvertieren zwischen physischen und logischen Einheiten abfragen oder setzen.,,,,
tk useinputmethods,Tk-Core-Befehle / Tk Core Commands,Enable or disable input methods (IME) for international text input.,Eingabemethoden (IME) für internationalen Text-Input aktivieren oder deaktivieren.,,,,
tk windowingsystem,Tk-Core-Befehle / Tk Core Commands,"Return windowing system type: x11, win32, or aqua (macOS).","Fenstersystem-Typ zurückgeben: x11, win32 oder aqua (macOS).",,,,
tkwait,Tk-Core-Befehle / Tk Core Commands,"Block until a window is destroyed, becomes visible, or a variable changes. Syntax: tkwait window .w; tkwait visibility .w; tkwait variable ::done. Common pattern in modal dialogs: grab + tkwait window. Avoid in event handlers — blocks the entire event loop.","Blockiert bis ein Fenster zerstoert wird, sichtbar wird oder eine Variable sich aendert. Syntax: tkwait window .w; tkwait visibility .w; tkwait variable ::done. Uebliches Muster bei modalen Dialogen: grab + tkwait window. In Event-Handlern vermeiden — blockiert die gesamte Event-Schleife.",,,,
winfo,Tk-Core-Befehle / Tk Core Commands,Query information about windows and widgets; has many subcommands.,Informationen über Fenster und Widgets abfragen; hat viele Unterbefehle.,,,,
winfo atom / winfo atomname,Tk-Core-Befehle / Tk Core Commands,Convert between atom names and numeric IDs (X11).,Zwischen Atom-Namen und numerischen IDs konvertieren (X11).,,,,
winfo cells,Tk-Core-Befehle / Tk Core Commands,Return number of cells in widget's colormap.,Anzahl der Zellen in Widget-Colormap zurückgeben.,,,,
winfo children,Tk-Core-Befehle / Tk Core Commands,"Return list of widget's child widgets (e.g., `winfo children .`).",Liste der Kind-Widgets des Widgets zurückgeben (z.B. `winfo children .`).,,,,
winfo class,Tk-Core-Befehle / Tk Core Commands,"Return widget's class name (e.g., `winfo class .button` returns `Button`).",Klassen-Namen des Widgets zurückgeben (z.B. `winfo class .button` gibt `Button` zurück).,,,,
winfo colormapfull,Tk-Core-Befehle / Tk Core Commands,Check if widget's colormap is full.,"Prüfen, ob Widget-Colormap voll ist.",,,,
winfo containing,Tk-Core-Befehle / Tk Core Commands,"Return widget at specified screen coordinates (e.g., `winfo containing 100 200`).",Widget an angegebenen Bildschirm-Koordinaten zurückgeben (z.B. `winfo containing 100 200`).,,,,
winfo exists,Tk-Core-Befehle / Tk Core Commands,"Check if widget exists (e.g., `winfo exists .mywindow` returns 1 if exists).","Prüfen, ob Widget existiert (z.B. `winfo exists .mywindow` gibt 1 zurück wenn existiert).",,,,
winfo fpixels,Tk-Core-Befehle / Tk Core Commands,Convert screen distance to pixels with floating-point result.,Bildschirm-Distanz in Pixel mit Gleitkomma-Ergebnis konvertieren.,,,,
winfo geometry,Tk-Core-Befehle / Tk Core Commands,Return widget geometry as `widthxheight+x+y` string.,Widget-Geometrie als `widthxheight+x+y`-String zurückgeben.,,,,
winfo id,Tk-Core-Befehle / Tk Core Commands,"Return platform window identifier for widget (X11 window ID, HWND, etc.).","Plattform-Fenster-Identifikator für Widget zurückgeben (X11-Fenster-ID, HWND, etc.).",,,,
winfo ismapped,Tk-Core-Befehle / Tk Core Commands,Check if widget is currently mapped (visible on screen).,"Prüfen, ob Widget aktuell mapped ist (auf Bildschirm sichtbar).",,,,
winfo manager,Tk-Core-Befehle / Tk Core Commands,"Return name of geometry manager managing widget (pack, grid, place).","Namen des Geometry-Managers zurückgeben, der Widget verwaltet (pack, grid, place).",,,,
winfo name,Tk-Core-Befehle / Tk Core Commands,Return widget's name (last component of pathname).,Namen des Widgets zurückgeben (letzte Komponente des Pfadnamens).,,,,
winfo parent,Tk-Core-Befehle / Tk Core Commands,"Return pathname of widget's parent (e.g., `winfo parent .frame.button` returns `.frame`).",Pfadnamen des Eltern-Widgets zurückgeben (z.B. `winfo parent .frame.button` gibt `.frame` zurück).,,,,
winfo pathname,Tk-Core-Befehle / Tk Core Commands,Return widget pathname from window ID.,Widget-Pfadnamen aus Fenster-ID zurückgeben.,,,,
winfo pixels,Tk-Core-Befehle / Tk Core Commands,"Convert screen distance (with units like c, i, m, p) to pixels.","Bildschirm-Distanz (mit Einheiten wie c, i, m, p) in Pixel konvertieren.",,,,
winfo pointerx / winfo pointery,Tk-Core-Befehle / Tk Core Commands,Return x/y coordinate of mouse pointer relative to screen.,X/Y-Koordinate des Mauszeigers relativ zum Bildschirm zurückgeben.,,,,
winfo pointerxy,Tk-Core-Befehle / Tk Core Commands,Return mouse pointer coordinates as list `{x y}`.,Mauszeiger-Koordinaten als Liste `{x y}` zurückgeben.,,,,
winfo reqwidth / winfo reqheight,Tk-Core-Befehle / Tk Core Commands,Return requested width/height of widget (natural size).,Angeforderte Breite/Höhe des Widgets zurückgeben (natürliche Größe).,,,,
winfo rgb,Tk-Core-Befehle / Tk Core Commands,"Return RGB values for color name (e.g., `winfo rgb . red` returns `65535 0 0`).",RGB-Werte für Farbnamen zurückgeben (z.B. `winfo rgb . red` gibt `65535 0 0` zurück).,,,,
winfo rootx / winfo rooty,Tk-Core-Befehle / Tk Core Commands,Return x/y coordinate of widget relative to screen.,X/Y-Koordinate des Widgets relativ zum Bildschirm zurückgeben.,,,,
winfo screendepth,Tk-Core-Befehle / Tk Core Commands,Return color depth of screen (bits per pixel).,Farbtiefe des Bildschirms zurückgeben (Bits pro Pixel).,,,,
winfo screenvisual,Tk-Core-Befehle / Tk Core Commands,"Return visual type of screen (e.g., truecolor, pseudocolor).","Visuellen Typ des Bildschirms zurückgeben (z.B. truecolor, pseudocolor).",,,,
winfo screenwidth / winfo screenheight,Tk-Core-Befehle / Tk Core Commands,Return width/height of screen in pixels.,Breite/Höhe des Bildschirms in Pixeln zurückgeben.,,,,
winfo server,Tk-Core-Befehle / Tk Core Commands,Return string identifying display server.,"String zurückgeben, der Display-Server identifiziert.",,,,
winfo toplevel,Tk-Core-Befehle / Tk Core Commands,Return pathname of top-level window containing widget.,"Pfadnamen des Top-Level-Fensters zurückgeben, das Widget enthält.",,,,
winfo viewable,Tk-Core-Befehle / Tk Core Commands,Check if widget is viewable (mapped and all ancestors mapped).,"Prüfen, ob Widget sichtbar ist (mapped und alle Vorfahren mapped).",,,,
winfo visual,Tk-Core-Befehle / Tk Core Commands,"Return visual type used by widget (truecolor, pseudocolor, etc.).","Visuellen Typ zurückgeben, der von Widget verwendet wird (truecolor, pseudocolor, etc.).",,,,
winfo visualsavailable,Tk-Core-Befehle / Tk Core Commands,Return list of available visual types and depths for screen.,Liste verfügbarer visueller Typen und Tiefen für Bildschirm zurückgeben.,,,,
winfo width / winfo height,Tk-Core-Befehle / Tk Core Commands,Return current width/height of widget in pixels.,Aktuelle Breite/Höhe des Widgets in Pixeln zurückgeben.,,,,
winfo x / winfo y,Tk-Core-Befehle / Tk Core Commands,Return x/y coordinate of widget's upper-left corner relative to parent.,X/Y-Koordinate der oberen linken Ecke des Widgets relativ zu Eltern zurückgeben.,,,,
wm (Window Manager),Tk-Core-Befehle / Tk Core Commands,Window manager command with many subcommands controlling top-level window properties.,Window-Manager-Befehl mit vielen Unterbefehlen zur Steuerung von Top-Level-Fenster-Eigenschaften.,,,,
AndroWish,Tk-Erweiterungen / Tk Extensions,"Tcl/Tk distribution for Android and iOS, plus desktop platforms for development (Linux, Windows, macOS). By Christian Werner. Brings full Tcl 8.6/9.0 and Tk 8.6/9.0 to mobile devices, with bundled extensions (SQLite, TLS, Img, tdom, thread, vfs). On Android, runs directly on the framebuffer (no X11 or Wayland), using the Android SurfaceFlinger. The UNDROIDWISH variant is the desktop-simulation build. Distribution website: androwish.org.","Tcl/Tk-Distribution fuer Android und iOS, plus Desktop-Plattformen zur Entwicklung (Linux, Windows, macOS). Von Christian Werner. Bringt das volle Tcl 8.6/9.0 und Tk 8.6/9.0 auf Mobile-Geraete, mit gebuendelten Erweiterungen (SQLite, TLS, Img, tdom, thread, vfs). Auf Android laeuft es direkt auf dem Framebuffer (kein X11 oder Wayland), ueber Androids SurfaceFlinger. Die UNDROIDWISH-Variante ist der Desktop-Simulations-Build. Website: androwish.org.",,,,
Cairo (Tcl),Tk-Erweiterungen / Tk Extensions,"Vector-graphics library (originally for GTK) with bindings for Tcl/Tk. Provides anti-aliased drawing, SVG-style paths, gradients, image surfaces, PDF/PostScript/SVG output backends. Two Tcl bindings exist: `tclmcairo` (Tcl-only) and `tkmcairo` (Tk-Canvas integration). Useful where Tk Canvas or `pdf4tcl` are insufficient for rendering quality or output flexibility.","Vektorgrafik-Bibliothek (urspruenglich fuer GTK) mit Bindings fuer Tcl/Tk. Bietet Anti-Aliasing-Zeichnen, SVG-artige Pfade, Verlaeufe, Bild-Surfaces, PDF/PostScript/SVG-Ausgabe-Backends. Zwei Tcl-Bindings existieren: `tclmcairo` (nur Tcl) und `tkmcairo` (Tk-Canvas-Integration). Nuetzlich wo Tk-Canvas oder `pdf4tcl` fuer Rendering-Qualitaet oder Ausgabeflexibilitaet nicht ausreichen.",,,,
Tcl 9 Migration,Tk-Erweiterungen / Tk Extensions,"Process of porting Tcl 8.6 code to Tcl 9.0 (released August 2024). Most code runs unchanged, but a few breaking changes need attention: `package require Tcl 8.6` must become `8.6-` to keep working under 9 (the trailing dash means ""8.6 or higher""); string-to-integer conversion is stricter (octal literals require `0o` prefix); some deprecated commands were removed (e.g. `interp share`). The full migration guide lives at core.tcl-lang.org. For mid-size code bases the typical effort is hours, not days.","Vorgang des Portierens von Tcl-8.6-Code auf Tcl 9.0 (veroeffentlicht August 2024). Das meiste laeuft unveraendert, aber ein paar Breaking-Changes brauchen Aufmerksamkeit: `package require Tcl 8.6` muss `8.6-` werden, damit es unter 9 weiter funktioniert (der nachgestellte Strich bedeutet ""8.6 oder hoeher""); String-zu-Integer-Konvertierung ist strikter (Oktal-Literale brauchen `0o`-Praefix); einige veraltete Befehle wurden entfernt (z.B. `interp share`). Der vollstaendige Migrations-Leitfaden liegt auf core.tcl-lang.org. Fuer mittelgrosse Code-Bases ist der typische Aufwand Stunden, nicht Tage.",,,,
tclcairo,Tk-Erweiterungen / Tk Extensions,"Tcl binding to the Cairo graphics library, by Dr. Detlef Groth. Generated via SWIG from a thin `cairo.i` interface file (20 lines), producing the full Cairo C API as `::cairo::cairo_*` Tcl commands. Supports image surfaces, PDF, PostScript, and SVG output backends, plus the `tee` surface for multi-output. Pure-Tcl from the caller's view; relies on a pre-built shared library (`libcairo.so` / `libcairo.dll`) shipped with the package. Used standalone, without Tk. Standard API style: `cairo_image_surface_create`, `cairo_create`, `cairo_rectangle`, `cairo_fill`, `cairo_surface_write_to_png`.","Tcl-Bindings an die Cairo-Grafik-Bibliothek, von Dr. Detlef Groth. Erzeugt via SWIG aus einer schmalen `cairo.i`-Interface-Datei (20 Zeilen), produziert die volle Cairo-C-API als `::cairo::cairo_*`-Tcl-Befehle. Unterstuetzt Image-Surfaces, PDF-, PostScript- und SVG-Output-Backends, plus die `tee`-Surface fuer Multi-Output. Aus Sicht des Aufrufers reines Tcl; basiert auf einer vorgebauten Shared Library (`libcairo.so` / `libcairo.dll`) die mit dem Paket geliefert wird. Wird standalone, ohne Tk, verwendet. Standard-API-Stil: `cairo_image_surface_create`, `cairo_create`, `cairo_rectangle`, `cairo_fill`, `cairo_surface_write_to_png`.",,,,
tclmcairo,Tk-Erweiterungen / Tk Extensions,"Tcl-only binding to the Cairo graphics library — provides Cairo's full drawing API as Tcl commands. Output goes to PDF, PostScript, SVG, or PNG surfaces. Use independently of Tk when generating vector graphics without a GUI (server-side image generation, batch PDF rendering).","Reine Tcl-Bindings an die Cairo-Grafik-Bibliothek — stellt Cairos volle Zeichen-API als Tcl-Befehle bereit. Ausgabe geht an PDF-, PostScript-, SVG- oder PNG-Surfaces. Wird unabhaengig von Tk verwendet wenn Vektorgrafiken ohne GUI erzeugt werden (server-seitige Bildgenerierung, Batch-PDF-Rendering).",,,,
tkinter,Tk-Erweiterungen / Tk Extensions,"Python's standard binding to the Tk toolkit — included in CPython's stdlib (`import tkinter`). For many developers, tkinter is the way they first meet Tk: the Tk window, geometry managers, widget set, and event model are all directly exposed. Internally tkinter embeds a Tcl interpreter and feeds Tk commands through it. The Python-side API mirrors Tk's structure with class-based widgets (`Button`, `Frame`, `Label`, ...). Differences from native Tcl/Tk: classes-and-attributes instead of commands-and-options, named methods instead of subcommands, but the underlying Tk objects are the same. The ttk widgets are in `tkinter.ttk`.","Pythons Standard-Bindung an das Tk-Toolkit — in CPythons stdlib enthalten (`import tkinter`). Fuer viele Entwickler ist tkinter der erste Kontakt mit Tk: das Tk-Fenster, Geometry-Manager, Widget-Set und Event-Modell werden alle direkt zugaenglich. Intern bettet tkinter einen Tcl-Interpreter ein und schickt Tk-Befehle durch ihn. Die Python-API spiegelt Tks Struktur mit klassen-basierten Widgets (`Button`, `Frame`, `Label`, ...). Unterschiede zu nativem Tcl/Tk: Klassen-und-Attribute statt Befehle-und-Optionen, benannte Methoden statt Unterbefehle, aber die zugrunde liegenden Tk-Objekte sind die gleichen. Die ttk-Widgets liegen in `tkinter.ttk`.",,,,
tkmcairo,Tk-Erweiterungen / Tk Extensions,"Tk-Canvas binding to Cairo — adds Cairo-rendered drawing items to Tk Canvas. The Canvas remains a Tk widget but rendering quality (anti-aliasing, gradients, complex paths) jumps to Cairo's level. Use when classic Canvas rendering is visually inadequate but staying in the Tk ecosystem is desired.","Tk-Canvas-Bindings an Cairo — fuegt Cairo-gerenderte Zeichenelemente zum Tk-Canvas hinzu. Der Canvas bleibt ein Tk-Widget, aber die Rendering-Qualitaet (Anti-Aliasing, Verlaeufe, komplexe Pfade) springt auf Cairo-Niveau. Verwendet wenn klassisches Canvas-Rendering visuell nicht ausreicht, aber das Tk-Oekosystem beibehalten werden soll.",,,,
tko,Tk-Erweiterungen / Tk Extensions,Tk Object — modern object-oriented rewrite of Tk widgets based on TclOO. Aims at cleaner widget extension and class-based composition than the original `[incr Tk]` or Snit approaches. Co-exists with classic Tk widgets in the same application. Used where deeply customized widget hierarchies are needed without the boilerplate of plain Tk.,"Tk Object — moderner objektorientierter Rewrite der Tk-Widgets auf Basis von TclOO. Zielt auf sauberere Widget-Erweiterung und klassen-basierte Komposition als die urspruenglichen `[incr Tk]`- oder Snit-Ansaetze. Koexistiert mit klassischen Tk-Widgets in der gleichen Anwendung. Verwendet wo tief angepasste Widget-Hierarchien gebraucht werden, ohne den Boilerplate des reinen Tk.",,,,
tkpath,Tk-Erweiterungen / Tk Extensions,"Tk extension that adds an SVG-like path-and-shape rendering layer to the Canvas. Supports paths with cubic/quadratic Béziers, fill rules, gradients, transformations, and anti-aliased rendering. Brings Canvas closer to what Cairo or SVG offers, without leaving the Tk world. Used when the standard Canvas is too limited (no curves, no fills with patterns).","Tk-Erweiterung, die eine SVG-artige Pfad- und Shape-Rendering-Schicht zum Canvas hinzufuegt. Unterstuetzt Pfade mit kubischen/quadratischen Bezier-Kurven, Fuellregeln, Verlaeufe, Transformationen und Anti-Aliasing. Bringt Canvas naeher an das was Cairo oder SVG bieten, ohne die Tk-Welt zu verlassen. Verwendet wenn der Standard-Canvas zu limitiert ist (keine Kurven, keine Muster-Fuellungen).",,,,
ttk (Themed Tk),Tk-Erweiterungen / Tk Extensions,"The themed widget set added in Tk 8.5 — a separate widget family (`ttk::button`, `ttk::entry`, `ttk::treeview`, ...) that renders through a theme engine producing native look-and-feel per platform. Classic Tk widgets (`button`, `entry`) still exist and render with the old ""motif-ish"" look. Modern Tcl/Tk code uses ttk widgets unless there's a specific reason not to. Themes available: `clam`, `alt`, `default`, `classic`, plus platform-native (`aqua` on macOS, `vista` on Windows).","Der themen-faehige Widget-Satz, der in Tk 8.5 hinzukam — eine separate Widget-Familie (`ttk::button`, `ttk::entry`, `ttk::treeview`, ...), die ueber eine Theme-Engine rendert und natives Look-and-Feel pro Plattform produziert. Klassische Tk-Widgets (`button`, `entry`) existieren weiter und rendern mit dem alten ""Motif-artigen"" Look. Moderner Tcl/Tk-Code nutzt ttk-Widgets, sofern kein spezifischer Grund dagegen spricht. Verfuegbare Themes: `clam`, `alt`, `default`, `classic`, plus plattform-nativ (`aqua` auf macOS, `vista` auf Windows).",,,,
twapi,Tk-Erweiterungen / Tk Extensions,"Tcl Windows API — comprehensive Tcl extension exposing the Windows API to Tcl scripts: registry access, services, processes, COM, eventlog, networking, performance counters. Pure-Tcl wrappers over C bindings. The de-facto choice for serious Windows-system scripting in Tcl. Not relevant on Linux/macOS.","Tcl Windows API — umfangreiche Tcl-Erweiterung, die die Windows-API fuer Tcl-Scripts zugaenglich macht: Registry-Zugriff, Services, Prozesse, COM, Eventlog, Networking, Performance-Counter. Pure-Tcl-Wrapper ueber C-Bindings. Die De-Facto-Wahl fuer ernsthaftes Windows-System-Scripting in Tcl. Auf Linux/macOS nicht relevant.",,,,
#0-Spalte,Tk-Widget-Konzepte / Tk Widget Concepts,"The first, special column of a `ttk::treeview` — also called the tree column. Always present; holds the hierarchical structure (open/close triangle, indentation, item text). Can be configured separately from data columns via `$tv heading #0 -text ""...""` and `$tv column #0 -width N`. Can be hidden in pure-table mode via `$tv configure -show headings` (no tree column visible).","Die erste, spezielle Spalte eines `ttk::treeview` — auch Tree-Spalte genannt. Immer vorhanden; haelt die hierarchische Struktur (Auf-/Zuklapp-Dreieck, Einrueckung, Item-Text). Wird separat von Datenspalten konfiguriert ueber `$tv heading #0 -text ""...""` und `$tv column #0 -width N`. Kann im reinen Tabellen-Modus ausgeblendet werden ueber `$tv configure -show headings` (keine Tree-Spalte sichtbar).",,,,
BTree (Tk Text),Tk-Widget-Konzepte / Tk Widget Concepts,"The internal data structure of the Tk Text widget — a B-tree of segments holding lines, tags, marks, embedded windows, and images. Implemented in `tkTextBTree.c`. Lets the widget handle very large documents (hundreds of megabytes of text) with logarithmic lookup time for `index`, `insert`, `delete`. Every text-widget operation that takes an index (`.t index ""1.0""`) walks the BTree. Understanding the BTree explains why Text scales when a simple line-array implementation would not.","Die interne Datenstruktur des Tk-Text-Widgets — ein B-Baum aus Segmenten, der Zeilen, Tags, Marks, eingebettete Fenster und Bilder haelt. Implementiert in `tkTextBTree.c`. Erlaubt dem Widget, sehr grosse Dokumente (hunderte Megabytes Text) mit logarithmischer Lookup-Zeit fuer `index`, `insert`, `delete` zu handhaben. Jede Text-Widget-Operation mit einem Index (`.t index ""1.0""`) laeuft durch den BTree. Das Verstaendnis des BTree erklaert, warum Text skaliert, wo eine simple Zeilen-Array-Implementierung scheitern wuerde.",,,,
Canvas-Tag,Tk-Widget-Konzepte / Tk Widget Concepts,"Symbolic name attached to one or more Canvas items, used to address them collectively. Different from a Text-Widget tag: a Canvas tag does not carry formatting; it is purely a label for `find`, `move`, `itemconfigure`, `bind`, `delete` operations. Multiple tags per item are allowed; the special tag `all` matches every item. Standard pattern: tag items by role (`grid`, `data`, `overlay`) and operate on them in groups.","Symbolischer Name, der einem oder mehreren Canvas-Items angehaengt wird, um sie gemeinsam ansprechen zu koennen. Anders als ein Text-Widget-Tag: ein Canvas-Tag traegt keine Formatierung; er ist rein ein Label fuer `find`, `move`, `itemconfigure`, `bind`, `delete`. Mehrere Tags pro Item sind erlaubt; der Spezial-Tag `all` matcht jedes Item. Standard-Pattern: Items nach Rolle taggen (`grid`, `data`, `overlay`) und gruppenweise operieren.",,,,
Display-Chunk (Tk Text),Tk-Widget-Konzepte / Tk Widget Concepts,"Internal unit of Tk Text's display engine. The Text widget breaks visible text into chunks (typically per font/tag run), each rendered separately. Chunks are managed in `tkTextDisp.c`. The chunk system lets Text apply tag-specific fonts, colours, and styles efficiently — only chunks where styles change need separate rendering. Explains why complex tag-heavy text renders almost as fast as plain text in Tk.","Interne Einheit der Display-Engine des Tk-Text. Das Text-Widget zerlegt sichtbaren Text in Chunks (typisch pro Font-/Tag-Lauf), die einzeln gerendert werden. Chunks werden in `tkTextDisp.c` verwaltet. Das Chunk-System erlaubt dem Text, Tag-spezifische Schriften, Farben und Stile effizient anzuwenden — nur Chunks, in denen sich Stile aendern, brauchen separates Rendern. Erklaert warum komplex getaggter Text in Tk fast so schnell rendert wie reiner Text.",,,,
Hit-Test,Tk-Widget-Konzepte / Tk Widget Concepts,"The Canvas operation that determines which item is under a given coordinate — used internally to dispatch mouse events to the right item, and exposed via the `find` subcommand (`find closest x y`, `find overlapping x1 y1 x2 y2`). Implemented in `tkCanvas.c` / `tkCanvUtil.c` using a halo for closeness and Z-Order for tie-breaking. Why `find closest` may return an item that's not actually under the cursor: the halo is a tolerance ring around the click point.","Die Canvas-Operation, die ermittelt, welches Item unter einer gegebenen Koordinate liegt — intern verwendet, um Maus-Events ans richtige Item zu dispatchen, und ueber den `find`-Unterbefehl exponiert (`find closest x y`, `find overlapping x1 y1 x2 y2`). Implementiert in `tkCanvas.c` / `tkCanvUtil.c` unter Verwendung eines Halos fuer Naehe und der Z-Order bei Gleichstand. Warum `find closest` ein Item zurueckliefern kann, das gar nicht unter dem Cursor ist: der Halo ist ein Toleranzring um den Klickpunkt.",,,,
Hull (Megawidget),Tk-Widget-Konzepte / Tk Widget Concepts,"The outermost actual Tk widget inside a megawidget — typically a `frame` or `toplevel` — onto which the composite identity is bound. The hull's Tk path becomes the megawidget's path: when a script writes `.myMega`, the hull is `.myMega`, and inner widgets live as `.myMega.inner`. Achieved via `rename .myMega .myMega_orig` followed by `interp alias {} .myMega {} ::mywidget::dispatch .myMega`, so the path-command dispatches to the megawidget's handler while the actual Tk widget continues to exist. Standard term in Snit, BWidget, and TclOO-megawidget conventions.","Das aeusserste echte Tk-Widget innerhalb eines Megawidgets — typisch ein `frame` oder `toplevel` — an das die Composite-Identitaet gebunden wird. Der Tk-Pfad der Hull wird zum Pfad des Megawidgets: schreibt ein Script `.myMega`, ist die Hull `.myMega`, und innere Widgets leben als `.myMega.inner`. Erreicht via `rename .myMega .myMega_orig` gefolgt von `interp alias {} .myMega {} ::mywidget::dispatch .myMega`, sodass der Pfad-Befehl an den Megawidget-Handler dispatched, waehrend das echte Tk-Widget weiter existiert. Standard-Begriff in Snit-, BWidget- und TclOO-Megawidget-Konventionen.",,,,
Insert-Mark,Tk-Widget-Konzepte / Tk Widget Concepts,"The named mark `insert` in a Text widget — represents the current text cursor position. Moved automatically by user input (typing, arrow keys, mouse click). Can be moved programmatically with `$w mark set insert {1.0}`. The cursor is rendered at this position. Counterpart: the `current` mark (mouse-pointer position over text).","Der benannte Mark `insert` im Text-Widget — repraesentiert die aktuelle Text-Cursor-Position. Wird automatisch durch Benutzer-Eingabe verschoben (Tippen, Pfeiltasten, Mausklick). Kann programmatisch mit `$w mark set insert {1.0}` verschoben werden. Der Cursor wird an dieser Position gerendert. Pendant: der `current`-Mark (Maus-Position ueber Text).",,,,
Megawidget,Tk-Widget-Konzepte / Tk Widget Concepts,"A composite widget — one Tk command that internally manages multiple subwidgets behind a single interface. Examples from the Tcl/Tk ecosystem: `Tablelist` (combines Treeview + scrollbars + cell editors), `scrollutil`'s `scrollarea` (frame + scrollbars + content), `bwidget`'s `LabelEntry` (label + entry pair). Implemented either with Snit, TclOO, or the classic `rename + interp alias` idiom. The defining quality: from a script's perspective, it behaves like a single widget — same `configure`/`cget`/`destroy` interface, same path-name model.","Ein zusammengesetztes Widget — ein Tk-Befehl, der intern mehrere Sub-Widgets hinter einer einzigen Schnittstelle verwaltet. Beispiele aus dem Tcl/Tk-Oekosystem: `Tablelist` (Treeview + Scrollbars + Zell-Editoren), `scrollutil`s `scrollarea` (Frame + Scrollbars + Inhalt), `bwidget`s `LabelEntry` (Label-Entry-Paar). Implementiert entweder mit Snit, TclOO oder dem klassischen `rename + interp alias`-Idiom. Definierende Eigenschaft: aus Script-Sicht verhaelt es sich wie ein einzelnes Widget — gleiche `configure`/`cget`/`destroy`-Schnittstelle, gleiches Pfadnamen-Modell.",,,,
Text-Widget-Index,Tk-Widget-Konzepte / Tk Widget Concepts,"A position in a Text widget, written as line-and-character (`1.0`, `5.12`, `end`), as a named mark (`insert`, `current`, custom marks), or as a relative expression (`insert + 5 chars`, `end - 1 line`, `1.0 lineend`). Indices are evaluated lazily: when text changes, `""1.0""` always means the start, never sticks to original content. For stable references to content positions, use marks instead.","Eine Position im Text-Widget, geschrieben als Zeile-und-Zeichen (`1.0`, `5.12`, `end`), als benannter Mark (`insert`, `current`, eigene Marks), oder als relativer Ausdruck (`insert + 5 chars`, `end - 1 line`, `1.0 lineend`). Indizes werden lazy ausgewertet: aendert sich Text, bedeutet `""1.0""` immer den Anfang, klebt nie am urspruenglichen Inhalt. Fuer stabile Bezuege auf Inhalts-Positionen Marks verwenden.",,,,
Text-Widget-Tag,Tk-Widget-Konzepte / Tk Widget Concepts,"Symbolic name attached to a range in a Text widget that carries display formatting (font, colour, background, justification, spacing) plus optional event bindings. Different from a Canvas tag: a Text-Widget tag does carry formatting — applying it to a range visibly changes that range's appearance. Common pattern: define a tag once with `tag configure`, then apply it to many ranges with `tag add`. Underpins highlighting, syntax colouring, markdown rendering, hyperlinks.","Symbolischer Name, der einem Bereich im Text-Widget angehaengt wird und Anzeige-Formatierung (Font, Farbe, Hintergrund, Ausrichtung, Abstaende) plus optionale Event-Bindings traegt. Anders als ein Canvas-Tag: ein Text-Widget-Tag traegt Formatierung — Anwendung auf einen Bereich aendert dessen Aussehen sichtbar. Uebliches Pattern: Tag einmal mit `tag configure` definieren, dann auf viele Bereiche mit `tag add` anwenden. Grundlage fuer Highlighting, Syntax-Faerbung, Markdown-Rendering, Hyperlinks.",,,,
Z-Order,Tk-Widget-Konzepte / Tk Widget Concepts,"Drawing and hit-test order of items in a Tk Canvas. Items higher in the Z-Order draw on top and receive clicks first; lower items are obscured by higher ones. Controlled via `raise` (move to top) and `lower` (move to bottom) commands, or relative to other items. The Z-Order is the third dimension implicit in a 2D Canvas — items have x, y, and a Z position determined by creation/raise/lower sequence.","Zeichnungs- und Hit-Test-Reihenfolge der Items in einem Tk-Canvas. Items hoeher in der Z-Order werden ueber anderen gezeichnet und bekommen Klicks zuerst; niedrigere Items werden von hoeheren verdeckt. Gesteuert via `raise` (nach oben) und `lower` (nach unten), oder relativ zu anderen Items. Die Z-Order ist die in einem 2D-Canvas implizite dritte Dimension — Items haben x, y und eine Z-Position, bestimmt durch Erzeugungs-/Raise-/Lower-Reihenfolge.",,,,
canvasx / canvasy,Tk-Widget-Konzepte / Tk Widget Concepts,"Canvas commands that translate window coordinates (e.g. mouse `%x`/`%y` from a bind) to Canvas coordinates, accounting for the current scroll offset. Critical for any code that creates or finds items at the mouse position in a scrollable Canvas: without translation, hits land at the wrong place once the user has scrolled. Usage: `$c canvasx %x` and `$c canvasy %y` in a bind script.","Canvas-Befehle, die Fenster-Koordinaten (z.B. Maus-`%x`/`%y` aus einem Bind) in Canvas-Koordinaten uebersetzen unter Beachtung des aktuellen Scroll-Offsets. Kritisch fuer Code, der Items an Maus-Positionen in einem scrollbaren Canvas anlegt oder findet: ohne Uebersetzung landen Treffer am falschen Ort, sobald der Nutzer gescrollt hat. Verwendung: `$c canvasx %x` und `$c canvasy %y` im Bind-Skript.",,,,
displaycolumns,Tk-Widget-Konzepte / Tk Widget Concepts,"Treeview option that controls which data columns are visible and in what order. Distinct from the `-columns` option (which declares which columns exist). Pattern: define ten columns once with `-columns`, then switch between view modes by changing `-displaycolumns` to show subsets. Setting `-displaycolumns ""#all""` shows all defined columns in the original order.","Treeview-Option, die steuert welche Datenspalten sichtbar sind und in welcher Reihenfolge. Verschieden von `-columns` (das deklariert welche Spalten existieren). Pattern: zehn Spalten einmal mit `-columns` definieren, dann zwischen Ansichten umschalten indem `-displaycolumns` auf Teilmengen gesetzt wird. `-displaycolumns ""#all""` zeigt alle definierten Spalten in der Originalreihenfolge.",,,,
elide,Tk-Widget-Konzepte / Tk Widget Concepts,"Text-Widget tag option that hides the tagged text from display without removing it from the buffer. The text still exists for `index`, `search` and `get` operations but does not occupy display space. Useful for collapsible sections (code folding), spoiler text, secret reveal patterns. Toggle via `$w tag configure name -elide 1` / `0`.","Text-Widget-Tag-Option, die den getaggten Text vom Display ausblendet, ohne ihn aus dem Buffer zu entfernen. Der Text existiert weiter fuer `index`-, `search`- und `get`-Operationen, beansprucht aber keinen Anzeige-Platz. Nuetzlich fuer einklappbare Abschnitte (Code-Folding), Spoiler-Text, Reveal-Patterns. Umschalten ueber `$w tag configure name -elide 1` / `0`.",,,,
scrollregion,Tk-Widget-Konzepte / Tk Widget Concepts,"Canvas option defining the virtual area scrollable by the user. Set as `{x1 y1 x2 y2}` — typically larger than the visible widget. The widget shows a window onto this region; scrollbars move that window. Without a `scrollregion`, the Canvas is not scrollable regardless of attached scrollbars. After adding many items, often automatically derived: `$c configure -scrollregion [$c bbox all]`.","Canvas-Option, die den virtuell scrollbaren Bereich definiert. Gesetzt als `{x1 y1 x2 y2}` — typischerweise groesser als das sichtbare Widget. Das Widget zeigt ein Fenster auf diese Region; Scrollbars bewegen dieses Fenster. Ohne `scrollregion` ist der Canvas nicht scrollbar, egal welche Scrollbars angehaengt sind. Nach dem Hinzufuegen vieler Items oft automatisch abgeleitet: `$c configure -scrollregion [$c bbox all]`.",,,,
selectmode,Tk-Widget-Konzepte / Tk Widget Concepts,"Listbox and Treeview option that controls how the user selects items. Values: `single` (one item, click to select), `browse` (one item, mouse drag selects too), `multiple` (multi-select via click), `extended` (multi-select with Shift/Ctrl modifiers — the most common modern default). Driver of UX expectations: `extended` matches what users know from file managers.","Listbox- und Treeview-Option, die steuert wie der Nutzer Items auswaehlt. Werte: `single` (ein Item, Klick zur Auswahl), `browse` (ein Item, Maus-Drag waehlt auch), `multiple` (Mehrfachauswahl per Klick), `extended` (Mehrfachauswahl mit Shift/Ctrl — der haeufigste moderne Default). Treiber der UX-Erwartungen: `extended` entspricht dem was Nutzer aus Dateimanagern kennen.",,,,
xview / yview,Tk-Widget-Konzepte / Tk Widget Concepts,"Widget commands for horizontal/vertical viewport control. Three forms: `xview` returns the visible fraction `{first last}` (0.0..1.0 each); `xview moveto fraction` jumps to an absolute position; `xview scroll number what` (where `what` is `units` or `pages`) moves relatively. Used by scrollbars via `-xscrollcommand` / `-yscrollcommand`. Almost every scrollable Tk widget (Text, Canvas, Listbox, Treeview, Entry) exposes the same `xview`/`yview` protocol.","Widget-Befehle fuer horizontale/vertikale Viewport-Steuerung. Drei Formen: `xview` liefert den sichtbaren Bruchteil `{first last}` (jeweils 0.0..1.0); `xview moveto fraction` springt an eine absolute Position; `xview scroll number what` (wobei `what` `units` oder `pages` ist) bewegt relativ. Wird von Scrollbars ueber `-xscrollcommand` / `-yscrollcommand` genutzt. Fast jedes scrollbare Tk-Widget (Text, Canvas, Listbox, Treeview, Entry) implementiert dasselbe `xview`/`yview`-Protokoll.",,,,
autoscroll,Tklib-Bibliotheken / Tklib Libraries,Tklib module for automatic scrollbar visibility management.,Tklib-Modul für automatische Scrollbar-Sichtbarkeits-Verwaltung.,,,,
ctext,Tklib-Bibliotheken / Tklib Libraries,Tklib enhanced text widget with syntax highlighting support.,Tklib erweitertes Text-Widget mit Syntax-Highlighting-Unterstützung.,,,,
img::png / img::jpeg / img::gif,Tklib-Bibliotheken / Tklib Libraries,"Tklib image format handlers for PNG, JPEG, and GIF files.","Tklib Bildformat-Handler für PNG-, JPEG- und GIF-Dateien.",,,,
mclistbox,Tklib-Bibliotheken / Tklib Libraries,Tklib multi-column listbox widget with column headers and resizing.,Tklib mehrspaltige Listbox-Widget mit Spalten-Überschriften und Größenänderung.,,,,
plotchart,Tklib-Bibliotheken / Tklib Libraries,"Tklib module for creating charts and plots on canvas (line, bar, pie, etc.).","Tklib-Modul zum Erstellen von Diagrammen und Plots auf Canvas (Linien, Balken, Torte, etc.).",,,,
scrollutil,Tklib-Bibliotheken / Tklib Libraries,Tklib module providing scrolled widget utilities and enhanced scrolling.,Tklib-Modul mit gescrollten Widget-Werkzeugen und verbessertem Scrollen.,,,,
scrollutil::scrollableframe,Tklib-Bibliotheken / Tklib Libraries,Frame widget that can be scrolled when content exceeds visible area.,"Frame-Widget, das gescrollt werden kann, wenn Inhalt sichtbaren Bereich überschreitet.",,,,
scrollutil::scrollarea,Tklib-Bibliotheken / Tklib Libraries,Create scrolled area for any widget with automatic scrollbar management.,Gescrollten Bereich für beliebiges Widget mit automatischer Scrollbar-Verwaltung erstellen.,,,,
tablelist,Tklib-Bibliotheken / Tklib Libraries,"Tklib widget for multi-column table display with sorting and editing (e.g., `package require tablelist`).",Tklib-Widget für mehrspaltige Tabellen-Anzeige mit Sortierung und Bearbeitung (z.B. `package require tablelist`).,,,,
tablelist delete,Tklib-Bibliotheken / Tklib Libraries,Delete rows from tablelist by index range.,Zeilen aus Tablelist nach Index-Bereich löschen.,,,,
tablelist insert,Tklib-Bibliotheken / Tklib Libraries,Insert row into tablelist at specified index.,Zeile in Tablelist an angegebenem Index einfügen.,,,,
tablelist sort,Tklib-Bibliotheken / Tklib Libraries,Sort tablelist by column with optional comparison command.,Tablelist nach Spalte sortieren mit optionalem Vergleichsbefehl.,,,,
tablelist::tablelist,Tklib-Bibliotheken / Tklib Libraries,"Create tablelist widget (e.g., `tablelist::tablelist .tbl -columns {0 ""Name"" 0 ""Age""}`).","Tablelist-Widget erstellen (z.B. `tablelist::tablelist .tbl -columns {0 ""Name"" 0 ""Age""}`).",,,,
tooltip,Tklib-Bibliotheken / Tklib Libraries,"Tklib module for adding tooltips to widgets (e.g., `package require tooltip`).",Tklib-Modul zum Hinzufügen von Tooltips zu Widgets (z.B. `package require tooltip`).,,,,
tooltip::tooltip,Tklib-Bibliotheken / Tklib Libraries,"Register tooltip for widget (e.g., `tooltip::tooltip .button ""This is a button""`).","Tooltip für Widget registrieren (z.B. `tooltip::tooltip .button ""This is a button""`).",,,,
widget::dialog,Tklib-Bibliotheken / Tklib Libraries,Tklib module for creating standard dialog windows.,Tklib-Modul zum Erstellen von Standard-Dialog-Fenstern.,,,,
widget::scrolledwindow,Tklib-Bibliotheken / Tklib Libraries,Tklib container with automatic scrollbar management.,Tklib-Container mit automatischer Scrollbar-Verwaltung.,,,,
head,Unix-Datei-Befehle / Unix File Commands,"Unix command displaying first lines of file; default 10 lines; `head -n 20 file.txt` shows 20 lines; Tcl alternative: read file, `lrange [split $text ""\n""] 0 9`; Tcl call: `exec head -n 10 file.txt`; useful for previewing large files.","Unix-Befehl zeigend erste Zeilen von Datei; Standard 10 Zeilen; `head -n 20 file.txt` zeigt 20 Zeilen; Tcl-Alternative: Datei lesen, `lrange [split $text ""\n""] 0 9`; Tcl-Aufruf: `exec head -n 10 file.txt`; nützlich für Vorschau großer Dateien.",,,,
tail,Unix-Datei-Befehle / Unix File Commands,Unix command displaying last lines of file; default 10 lines; `tail -n 20 file.txt` shows last 20; `tail -f file.txt` follows file (live updates); Tcl: `exec tail -f logfile.txt`; essential for log monitoring.,Unix-Befehl zeigend letzte Zeilen von Datei; Standard 10 Zeilen; `tail -n 20 file.txt` zeigt letzte 20; `tail -f file.txt` folgt Datei (Live-Updates); Tcl: `exec tail -f logfile.txt`; essentiell für Log-Überwachung.,,,,
tail -f (Follow),Unix-Datei-Befehle / Unix File Commands,Monitor file for new content; continuously displays appended lines; essential for real-time log monitoring; Ctrl+C to stop; Tcl implementation: read file periodically with after; common for watching server logs.,Datei auf neuen Inhalt überwachen; zeigt kontinuierlich angehängte Zeilen; essentiell für Echtzeit-Log-Überwachung; Strg+C zum Stoppen; Tcl-Implementierung: Datei periodisch lesen mit after; üblich für Server-Log-Beobachtung.,,,,
awk,Unix/Linux-Tools und Tcl-Integration / Unix/Linux Tools and Tcl Integration,Text processing language and Unix tool; pattern scanning and processing; excellent for column-based data; Tcl can call via `exec awk 'program' file`; Tcl provides similar functionality with string/list commands; example: `exec awk '{print $1}' data.txt`.,Text-Verarbeitungs-Sprache und Unix-Tool; Mustersuche und -verarbeitung; exzellent für spaltenbasierte Daten; Tcl kann aufrufen via `exec awk 'program' file`; Tcl bietet ähnliche Funktionalität mit string/list-Befehlen; Beispiel: `exec awk '{print $1}' data.txt`.,,,,
dir (Windows),Unix/Linux-Tools und Tcl-Integration / Unix/Linux Tools and Tcl Integration,"Windows command listing directory contents; DOS/CMD equivalent of Unix `ls`; Tcl works cross-platform with `glob`, `file`; call from Tcl on Windows: `exec cmd /c dir`; output format differs from Unix ls.","Windows-Befehl zum Auflisten von Verzeichnis-Inhalten; DOS/CMD-Äquivalent von Unix `ls`; Tcl funktioniert plattformübergreifend mit `glob`, `file`; Aufruf von Tcl auf Windows: `exec cmd /c dir`; Ausgabeformat unterscheidet sich von Unix ls.",,,,
grep,Unix/Linux-Tools und Tcl-Integration / Unix/Linux Tools and Tcl Integration,"Unix tool searching text for patterns; global regular expression print; filters lines matching pattern; Tcl alternatives: `regexp`, `string match`, `lsearch`; call from Tcl: `exec grep pattern file`; example: `exec grep ""ERROR"" logfile.txt`.","Unix-Tool zum Durchsuchen von Text nach Mustern; global regular expression print; filtert Zeilen mit Muster; Tcl-Alternativen: `regexp`, `string match`, `lsearch`; Aufruf von Tcl: `exec grep pattern file`; Beispiel: `exec grep ""ERROR"" logfile.txt`.",,,,
ls,Unix/Linux-Tools und Tcl-Integration / Unix/Linux Tools and Tcl Integration,"Unix command listing directory contents; `ls -l` for detailed listing; Tcl equivalent: `glob *` for filenames, `file attributes` for details; call from Tcl: `exec ls -la`; cross-platform alternative: use Tcl `glob` and `file` commands.","Unix-Befehl zum Auflisten von Verzeichnis-Inhalten; `ls -l` für detaillierte Auflistung; Tcl-Äquivalent: `glob *` für Dateinamen, `file attributes` für Details; Aufruf von Tcl: `exec ls -la`; plattformübergreifende Alternative: Tcl `glob`- und `file`-Befehle verwenden.",,,,
sed (Stream Editor),Unix/Linux-Tools und Tcl-Integration / Unix/Linux Tools and Tcl Integration,"Unix stream editor for text transformation; search and replace, line filtering; often used in pipelines; Tcl alternative: `regsub`, `string map`; call from Tcl: `exec sed 's/old/new/g' file`; powerful for batch text processing.","Unix-Stream-Editor für Text-Transformation; Suchen und Ersetzen, Zeilen-Filterung; oft in Pipelines verwendet; Tcl-Alternative: `regsub`, `string map`; Aufruf von Tcl: `exec sed 's/old/new/g' file`; mächtig für Batch-Text-Verarbeitung.",,,,
wc (Word Count),Unix/Linux-Tools und Tcl-Integration / Unix/Linux Tools and Tcl Integration,"Unix tool counting lines, words, characters; `wc -l` counts lines; Tcl alternative: `llength [split $text ""\n""]` for lines, `string length` for characters; call from Tcl: `exec wc -l file.txt`; useful for file statistics.","Unix-Tool zum Zählen von Zeilen, Wörtern, Zeichen; `wc -l` zählt Zeilen; Tcl-Alternative: `llength [split $text ""\n""]` für Zeilen, `string length` für Zeichen; Aufruf von Tcl: `exec wc -l file.txt`; nützlich für Datei-Statistiken.",,,,
Invalidcommand (invcmd),Validation-Begriffe / Validation Terms,Script called when validation fails.,"Skript, das aufgerufen wird, wenn Validierung fehlschlägt.",,,,
Validate,Validation-Begriffe / Validation Terms,Mechanism for restricting or checking entry widget input.,Mechanismus zum Einschränken oder Überprüfen von Entry-Widget-Eingaben.,,,,
Validatecommand (vcmd),Validation-Begriffe / Validation Terms,Script called to validate entry input; returns 1 (accept) or 0 (reject).,"Skript, das zur Validierung von Entry-Eingaben aufgerufen wird; gibt 1 (akzeptieren) oder 0 (ablehnen) zurück.",,,,
Validation Mode,Validation-Begriffe / Validation Terms,"When validation occurs: `none`, `focus`, `focusin`, `focusout`, `key`, `all`.","Wann Validierung erfolgt: `none`, `focus`, `focusin`, `focusout`, `key`, `all`.",,,,
Validation Substitutions,Validation-Begriffe / Validation Terms,"Special characters in validation commands: `%d` (action), `%P` (new value), `%s` (old value), `%S` (inserted text), `%v` (validation type).","Spezielle Zeichen in Validierungsbefehlen: `%d` (Aktion), `%P` (neuer Wert), `%s` (alter Wert), `%S` (eingefügter Text), `%v` (Validierungstyp).",,,,
BooleanVar,Variable-Typen / Variable Types,Variable holding boolean (true/false) value.,"Variable, die booleschen (wahr/falsch) Wert hält.",,,,
DoubleVar,Variable-Typen / Variable Types,Variable holding floating-point value.,"Variable, die Gleitkommawert hält.",,,,
IntVar,Variable-Typen / Variable Types,Variable holding integer value (though Tcl doesn't strictly type variables).,"Variable, die Ganzzahlwert hält (obwohl Tcl Variablen nicht strikt typisiert).",,,,
Listvariable,Variable-Typen / Variable Types,Widget option linking listbox contents to a Tcl list variable.,"Widget-Option, die Listbox-Inhalt mit einer Tcl-Listen-Variablen verknüpft.",,,,
StringVar,Variable-Typen / Variable Types,"Variable holding string value, often linked to widget with `-textvariable`.","Variable, die String-Wert hält, oft mit Widget über `-textvariable` verbunden.",,,,
Textvariable,Variable-Typen / Variable Types,Widget option linking widget's displayed text to a Tcl variable.,"Widget-Option, die angezeigten Text des Widgets mit einer Tcl-Variablen verknüpft.",,,,
!= (Not Equal),Vergleichsoperatoren / Comparison Operators,"Inequality comparison; returns true if operands are different (e.g., `$x != 0`).","Ungleichheitsvergleich; gibt wahr zurück, wenn Operanden unterschiedlich sind (z.B. `$x != 0`).",,,,
< (Less Than),Vergleichsoperatoren / Comparison Operators,Returns true if left operand is less than right operand.,"Gibt wahr zurück, wenn linker Operand kleiner als rechter Operand ist.",,,,
< > <= >= (String Comparison),Vergleichsoperatoren / Comparison Operators,String comparison operators for lexicographic ordering when used with strings.,String-Vergleichsoperatoren für lexikographische Ordnung bei Verwendung mit Strings.,,,,
<= (Less Than or Equal),Vergleichsoperatoren / Comparison Operators,Returns true if left operand is less than or equal to right operand.,"Gibt wahr zurück, wenn linker Operand kleiner oder gleich rechtem Operand ist.",,,,
== (Equal),Vergleichsoperatoren / Comparison Operators,"Equality comparison; returns true if operands are equal (e.g., `$x == 5`).","Gleichheitsvergleich; gibt wahr zurück, wenn Operanden gleich sind (z.B. `$x == 5`).",,,,
> (Greater Than),Vergleichsoperatoren / Comparison Operators,Returns true if left operand is greater than right operand.,"Gibt wahr zurück, wenn linker Operand größer als rechter Operand ist.",,,,
>= (Greater Than or Equal),Vergleichsoperatoren / Comparison Operators,Returns true if left operand is greater than or equal to right operand.,"Gibt wahr zurück, wenn linker Operand größer oder gleich rechtem Operand ist.",,,,
eq (String Equal),Vergleichsoperatoren / Comparison Operators,"String equality comparison; compares strings lexicographically (e.g., `$name eq ""John""`).","String-Gleichheitsvergleich; vergleicht Strings lexikographisch (z.B. `$name eq ""John""`).",,,,
ne (String Not Equal),Vergleichsoperatoren / Comparison Operators,String inequality comparison; returns true if strings differ.,"String-Ungleichheitsvergleich; gibt wahr zurück, wenn Strings unterschiedlich sind.",,,,
Clone,Versionskontrolle erweitert / Version Control Extended,Create copy of repository; includes full history; Git: `git clone url`; Fossil: `fossil clone url file.fossil`; first step in working with remote repository; creates local working copy.,Kopie von Repository erstellen; enthält volle Historie; Git: `git clone url`; Fossil: `fossil clone url file.fossil`; erster Schritt beim Arbeiten mit Remote-Repository; erstellt lokale Arbeitskopie.,,,,
Fossil,Versionskontrolle erweitert / Version Control Extended,"Distributed version control system with built-in wiki, bug tracker, web interface; single executable; written in C; alternative to Git; simpler than Git for small projects; Tcl-friendly (used by Tcl/Tk project itself); commands: `fossil init`, `fossil clone`, `fossil commit`; file extension: .fossil.","Verteiltes Versionskontroll-System mit eingebautem Wiki, Bug-Tracker, Web-Interface; einzelne ausführbare Datei; geschrieben in C; Alternative zu Git; einfacher als Git für kleine Projekte; Tcl-freundlich (verwendet vom Tcl/Tk-Projekt selbst); Befehle: `fossil init`, `fossil clone`, `fossil commit`; Dateiendung: .fossil.",,,,
Git (Extended),Versionskontrolle erweitert / Version Control Extended,"Distributed VCS; most popular version control; branching/merging focused; Tcl integration: `exec git ...` or tcllib git package; essential commands: init, clone, add, commit, push, pull, branch, merge, log; GitHub, GitLab use Git; learning curve but industry standard.","Verteiltes VCS; beliebteste Versionskontrolle; Branching/Merging-fokussiert; Tcl-Integration: `exec git ...` oder tcllib-Git-Paket; essentielle Befehle: init, clone, add, commit, push, pull, branch, merge, log; GitHub, GitLab verwenden Git; Lernkurve aber Industrie-Standard.",,,,
Merge,Versionskontrolle erweitert / Version Control Extended,Combine changes from different branches; integrates parallel development; may cause conflicts requiring manual resolution; Git: `git merge branch`; Fossil: `fossil merge branch`; critical for team development.,Änderungen von verschiedenen Branches kombinieren; integriert parallele Entwicklung; kann Konflikte verursachen die manuelle Auflösung erfordern; Git: `git merge branch`; Fossil: `fossil merge branch`; kritisch für Team-Entwicklung.,,,,
Repository,Versionskontrolle erweitert / Version Control Extended,"Storage location for version-controlled files; contains all history, branches, tags; can be local or remote; Git: .git directory; Fossil: single .fossil file; central to version control.","Speicher-Ort für versionskontrollierte Dateien; enthält alle Historie, Branches, Tags; kann lokal oder remote sein; Git: .git-Verzeichnis; Fossil: einzelne .fossil-Datei; zentral für Versionskontrolle.",,,,
commit,Versionskontrolle erweitert / Version Control Extended,"Save changes to version control repository; creates snapshot of current state; requires commit message; in Git: `git commit -m ""message""`; in Fossil: `fossil commit -m ""message""`; Tcl from script: `exec git commit -m $message`; fundamental VCS operation.","Änderungen in Versionskontroll-Repository speichern; erstellt Snapshot des aktuellen Zustands; erfordert Commit-Nachricht; in Git: `git commit -m ""message""`; in Fossil: `fossil commit -m ""message""`; Tcl aus Skript: `exec git commit -m $message`; fundamentale VCS-Operation.",,,,
diff,Versionskontrolle erweitert / Version Control Extended,"Show differences between files or versions; Unix tool and VCS feature; line-by-line comparison; Git: `git diff`; Unix: `diff file1 file2`; Tcl can call: `exec diff file1 file2`; output shows additions (+), deletions (-), context.","Unterschiede zwischen Dateien oder Versionen zeigen; Unix-Tool und VCS-Feature; zeilenweiser Vergleich; Git: `git diff`; Unix: `diff file1 file2`; Tcl kann aufrufen: `exec diff file1 file2`; Ausgabe zeigt Hinzufügungen (+), Löschungen (-), Kontext.",,,,
patch,Versionskontrolle erweitert / Version Control Extended,"File containing differences between versions; textual representation of changes; create with diff; apply with patch command; Git: `git format-patch` creates, `git apply` applies; portable way to share changes; format: unified diff.","Datei mit Unterschieden zwischen Versionen; textuelle Darstellung von Änderungen; erstellen mit diff; anwenden mit patch-Befehl; Git: `git format-patch` erstellt, `git apply` wendet an; portabler Weg Änderungen zu teilen; Format: unified diff.",,,,
pull,Versionskontrolle erweitert / Version Control Extended,Download changes from remote repository; updates local copy with remote changes; Git: `git pull origin main`; Fossil: `fossil pull`; may cause merge conflicts; opposite of push; keeps local repository synchronized.,Änderungen von Remote-Repository herunterladen; aktualisiert lokale Kopie mit Remote-Änderungen; Git: `git pull origin main`; Fossil: `fossil pull`; kann Merge-Konflikte verursachen; Gegenteil von push; hält lokales Repository synchronisiert.,,,,
push,Versionskontrolle erweitert / Version Control Extended,Upload local commits to remote repository; synchronizes local changes to server; Git: `git push origin main`; Fossil: `fossil push`; requires network connection and permissions; essential for collaboration.,Lokale Commits zu Remote-Repository hochladen; synchronisiert lokale Änderungen zu Server; Git: `git push origin main`; Fossil: `fossil push`; erfordert Netzwerk-Verbindung und Berechtigungen; essentiell für Kollaboration.,,,,
rollback,Versionskontrolle erweitert / Version Control Extended,Revert to previous state; undo changes; in Git: `git reset` or `git revert`; in Fossil: `fossil undo`; in databases (TDBC): `$db rollback` cancels transaction; opposite of commit; use carefully as may lose work.,Zu vorherigem Zustand zurückkehren; Änderungen rückgängig machen; in Git: `git reset` oder `git revert`; in Fossil: `fossil undo`; in Datenbanken (TDBC): `$db rollback` bricht Transaktion ab; Gegenteil von commit; vorsichtig verwenden da Arbeit verloren gehen kann.,,,,
Borderwidth,Weitere Frame-Begriffe / Additional Frame Terms,Width of frame's decorative border in pixels.,Breite des dekorativen Rahmens des Frames in Pixeln.,,,,
Container Frame,Weitere Frame-Begriffe / Additional Frame Terms,Frame specifically used to hold and organize multiple child widgets.,"Frame speziell verwendet, um mehrere Kind-Widgets zu halten und zu organisieren.",,,,
Frame (Widget),Weitere Frame-Begriffe / Additional Frame Terms,Container widget used to group and organize other widgets within a window.,Container-Widget zum Gruppieren und Organisieren anderer Widgets innerhalb eines Fensters.,,,,
Parent Frame,Weitere Frame-Begriffe / Additional Frame Terms,Frame containing other widgets or subframes in hierarchy.,"Frame, das andere Widgets oder Subframes in Hierarchie enthält.",,,,
Subframe,Weitere Frame-Begriffe / Additional Frame Terms,Frame nested within another frame for hierarchical layout organization.,"Frame, das in anderem Frame verschachtelt ist für hierarchische Layout-Organisation.",,,,
Toplevel Frame,Weitere Frame-Begriffe / Additional Frame Terms,Independent window frame separate from main application window.,Unabhängiges Fenster-Frame getrennt vom Hauptanwendungsfenster.,,,,
Checkbutton,Weitere Widget-Typen / Additional Widget Types,Widget with checkbox for binary on/off selection.,Widget mit Checkbox für binäre Ein/Aus-Auswahl.,,,,
Combobox (ttk::combobox),Weitere Widget-Typen / Additional Widget Types,Combined entry and dropdown list widget from themed widget set.,Kombiniertes Entry- und Dropdown-Listen-Widget aus dem thematischen Widget-Set.,,,,
Labelframe,Weitere Widget-Typen / Additional Widget Types,Frame widget with decorative border and label.,Frame-Widget mit dekorativem Rand und Label.,,,,
Message,Weitere Widget-Typen / Additional Widget Types,Widget displaying multi-line text with automatic line wrapping.,"Widget, das mehrzeiligen Text mit automatischem Zeilenumbruch anzeigt.",,,,
Notebook (ttk::notebook),Weitere Widget-Typen / Additional Widget Types,Multi-page container with tabs for switching between pages.,Mehrseitiger Container mit Tabs zum Wechseln zwischen Seiten.,,,,
PanedWindow,Weitere Widget-Typen / Additional Widget Types,Container widget with resizable panes separated by movable sashes.,"Container-Widget mit größenänderbaren Bereichen, getrennt durch bewegliche Trennbalken.",,,,
Progressbar (ttk::progressbar),Weitere Widget-Typen / Additional Widget Types,Widget showing progress of lengthy operation.,"Widget, das Fortschritt einer langwierigen Operation anzeigt.",,,,
Radiobutton,Weitere Widget-Typen / Additional Widget Types,Widget for mutually exclusive selection within a group.,Widget für sich gegenseitig ausschließende Auswahl innerhalb einer Gruppe.,,,,
Separator (ttk::separator),Weitere Widget-Typen / Additional Widget Types,Visual dividing line between interface sections.,Visuelle Trennlinie zwischen Interface-Abschnitten.,,,,
Spinbox,Weitere Widget-Typen / Additional Widget Types,Entry widget with up/down arrows for selecting from range or list of values.,Entry-Widget mit Auf/Ab-Pfeilen zur Auswahl aus Bereich oder Liste von Werten.,,,,
Treeview (ttk::treeview),Weitere Widget-Typen / Additional Widget Types,Widget displaying hierarchical data in tree or table format.,"Widget, das hierarchische Daten in Baum- oder Tabellenformat anzeigt.",,,,
Interp Alias,Weitere wichtige Tcl-Konzepte / Additional Important Tcl Concepts,"Create command alias in interpreter (e.g., `interp alias {} ll {} ls -la`).",Befehlsalias im Interpreter erstellen (z.B. `interp alias {} ll {} ls -la`).,,,,
Master Interpreter,Weitere wichtige Tcl-Konzepte / Additional Important Tcl Concepts,Interpreter that created slave interpreters; controls slave access.,"Interpreter, der Slave-Interpreter erstellt hat; kontrolliert Slave-Zugriff.",,,,
Safe Interpreter,Weitere wichtige Tcl-Konzepte / Additional Important Tcl Concepts,"Restricted interpreter with limited commands for security (no file I/O, exec, etc.).","Eingeschränkter Interpreter mit limitierten Befehlen für Sicherheit (kein File-I/O, exec, etc.).",,,,
Slave Interpreter,Weitere wichtige Tcl-Konzepte / Additional Important Tcl Concepts,Child interpreter created by another interpreter; can be safe or trusted.,Kind-Interpreter erstellt von anderem Interpreter; kann safe oder trusted sein.,,,,
Stubs,Weitere wichtige Tcl-Konzepte / Additional Important Tcl Concepts,Tcl extension mechanism for binary compatibility across versions without recompilation.,Tcl-Extension-Mechanismus für Binär-Kompatibilität über Versionen ohne Neukompilierung.,,,,
Tcl_Alloc / Tcl_Free,Weitere wichtige Tcl-Konzepte / Additional Important Tcl Concepts,C API functions for memory allocation in Tcl extensions.,C-API-Funktionen für Speicher-Allokation in Tcl-Extensions.,,,,
Tcl_CreateCommand,Weitere wichtige Tcl-Konzepte / Additional Important Tcl Concepts,C API function to register new command in interpreter.,C-API-Funktion zum Registrieren eines neuen Befehls im Interpreter.,,,,
Tcl_GetInt / Tcl_GetDouble,Weitere wichtige Tcl-Konzepte / Additional Important Tcl Concepts,C API functions for converting Tcl objects to C types.,C-API-Funktionen zum Konvertieren von Tcl-Objekten zu C-Typen.,,,,
Tcl_InitStubs,Weitere wichtige Tcl-Konzepte / Additional Important Tcl Concepts,"C API function initializing stubs for extension (e.g., `Tcl_InitStubs(interp, ""8.6"", 0)`).","C-API-Funktion zum Initialisieren von Stubs für Extension (z.B. `Tcl_InitStubs(interp, ""8.6"", 0)`).",,,,
Tcl_SetResult,Weitere wichtige Tcl-Konzepte / Additional Important Tcl Concepts,C API function to set interpreter result from extension.,C-API-Funktion zum Setzen des Interpreter-Ergebnisses aus Extension.,,,,
Trace Variable,Weitere wichtige Tcl-Konzepte / Additional Important Tcl Concepts,"Monitor variable access/modification with callback (e.g., `trace add variable x write callback`).",Variablen-Zugriff/-Änderung mit Callback überwachen (z.B. `trace add variable x write callback`).,,,,
USE_TCL_STUBS,Weitere wichtige Tcl-Konzepte / Additional Important Tcl Concepts,Preprocessor define enabling stubs mechanism in Tcl extension.,Präprozessor-Define zum Aktivieren des Stubs-Mechanismus in Tcl-Extension.,,,,
bgerror,Weitere wichtige Tcl-Konzepte / Additional Important Tcl Concepts,"Handler procedure called for background errors (e.g., after callbacks, fileevent handlers).","Handler-Prozedur, die für Hintergrund-Fehler aufgerufen wird (z.B. after-Callbacks, fileevent-Handler).",,,,
interp create,Weitere wichtige Tcl-Konzepte / Additional Important Tcl Concepts,Create new slave interpreter for sandboxing or isolation.,Neuen Slave-Interpreter für Sandboxing oder Isolation erstellen.,,,,
interp delete,Weitere wichtige Tcl-Konzepte / Additional Important Tcl Concepts,Delete interpreter and free its resources.,Interpreter löschen und seine Ressourcen freigeben.,,,,
interp eval,Weitere wichtige Tcl-Konzepte / Additional Important Tcl Concepts,Evaluate script in different interpreter.,Skript in anderem Interpreter auswerten.,,,,
interp share / interp transfer,Weitere wichtige Tcl-Konzepte / Additional Important Tcl Concepts,Share or transfer channel between interpreters.,Kanal zwischen Interpretern teilen oder übertragen.,,,,
interp slaves,Weitere wichtige Tcl-Konzepte / Additional Important Tcl Concepts,Return list of slave interpreters.,Liste der Slave-Interpreter zurückgeben.,,,,
rename,Weitere wichtige Tcl-Konzepte / Additional Important Tcl Concepts,"Rename or hide command (e.g., `rename puts """"`  hides puts command).","Befehl umbenennen oder verstecken (z.B. `rename puts """"` versteckt puts-Befehl).",,,,
safe::interpCreate,Weitere wichtige Tcl-Konzepte / Additional Important Tcl Concepts,Create safe (restricted) interpreter.,Sicheren (eingeschränkten) Interpreter erstellen.,,,,
safe::interpInit,Weitere wichtige Tcl-Konzepte / Additional Important Tcl Concepts,Initialize safe interpreter with standard safe commands.,Sicheren Interpreter mit Standard-Safe-Befehlen initialisieren.,,,,
trace add command,Weitere wichtige Tcl-Konzepte / Additional Important Tcl Concepts,"Add trace callback on command operations (rename, delete).","Trace-Callback auf Befehls-Operationen hinzufügen (rename, delete).",,,,
trace add execution,Weitere wichtige Tcl-Konzepte / Additional Important Tcl Concepts,Add trace callback executed before/after command execution.,"Trace-Callback hinzufügen, der vor/nach Befehlsausführung ausgeführt wird.",,,,
trace add variable,Weitere wichtige Tcl-Konzepte / Additional Important Tcl Concepts,"Add trace callback on variable operations (read, write, unset).","Trace-Callback auf Variablen-Operationen hinzufügen (read, write, unset).",,,,
trace remove variable,Weitere wichtige Tcl-Konzepte / Additional Important Tcl Concepts,Remove trace callback from variable.,Trace-Callback von Variable entfernen.,,,,
configure (widget),Widget-Subbefehle / Widget Subcommands,Widget subcommand to set or query options. Syntax: .widget configure ?-option value? ... or .widget configure -option (query single). With no arguments: returns full option list. With -option: returns spec list {name dbName dbClass default current}. Used for dynamic style/state changes after widget creation.,Widget-Subkommando zum Setzen oder Abfragen von Optionen. Syntax: .widget configure ?-option value? ... oder .widget configure -option (Einzel-Abfrage). Ohne Argumente: liefert komplette Optionsliste. Mit -option: liefert Spec-Liste {name dbName dbClass default current}. Verwendet fuer dynamische Style/State-Aenderungen nach Widget-Erzeugung.,,,,
insert (widget),Widget-Subbefehle / Widget Subcommands,"Widget subcommand to insert content. Behavior is widget-specific. Text widget: .t insert index ""string"" ?tagList?. Listbox: .lb insert index ?element...?. Entry: .e insert index ""string"". Spinbox: same as Entry. Treeview: .tv insert parent index -text ... -values .... Index syntax depends on widget (see Index-Spezifikationen).","Widget-Subkommando zum Einfuegen von Inhalt. Verhalten ist Widget-spezifisch. Text-Widget: .t insert index ""string"" ?tagList?. Listbox: .lb insert index ?element...?. Entry: .e insert index ""string"". Spinbox: wie Entry. Treeview: .tv insert parent index -text ... -values .... Index-Syntax haengt vom Widget ab (siehe Index-Spezifikationen).",,,,
Disabled,Widget-Zustände / Widget States,Widget state where interaction is prevented; typically appears grayed out.,"Widget-Zustand, in dem Interaktion verhindert wird; erscheint typischerweise ausgegraut.",,,,
Hidden,Widget-Zustände / Widget States,Widget state where the widget is not visible but still exists.,"Widget-Zustand, in dem das Widget nicht sichtbar ist, aber noch existiert.",,,,
Normal,Widget-Zustände / Widget States,Default widget state; fully functional and interactive.,Standard-Widget-Zustand; voll funktionsfähig und interaktiv.,,,,
Readonly,Widget-Zustände / Widget States,"Widget state allowing viewing but not editing (e.g., for entry widgets).","Widget-Zustand, der Ansehen aber nicht Bearbeiten erlaubt (z.B. für Entry-Widgets).",,,,
Selected,Widget-Zustände / Widget States,State indicating an item or text is currently selected.,"Zustand, der anzeigt, dass ein Element oder Text aktuell ausgewählt ist.",,,,
State,Widget-Zustände / Widget States,"The current condition of a widget (normal, active, disabled, etc.).","Der aktuelle Zustand eines Widgets (normal, active, disabled, etc.).",,,,
WM_DELETE_WINDOW,Window Manager Befehle / Window Manager Commands,Window manager protocol triggered when user clicks window close button.,"Window-Manager-Protokoll, ausgelöst wenn Benutzer Fenster-Schließen-Button klickt.",,,,
wm,Window Manager Befehle / Window Manager Commands,"Window manager command — controls toplevel window properties. Common subcommands: wm title .w ""...""; wm geometry .w 800x600+100+50; wm minsize .w W H; wm maxsize .w W H; wm iconify .w; wm deiconify .w; wm withdraw .w; wm protocol .w WM_DELETE_WINDOW {...}; wm transient .w .parent; wm attributes .w -fullscreen 1; wm state .w. Only meaningful for toplevel windows (. or .top).","Window-Manager-Kommando — kontrolliert Toplevel-Fenster-Eigenschaften. Wichtige Subkommandos: wm title .w ""...""; wm geometry .w 800x600+100+50; wm minsize .w W H; wm maxsize .w W H; wm iconify .w; wm deiconify .w; wm withdraw .w; wm protocol .w WM_DELETE_WINDOW {...}; wm transient .w .parent; wm attributes .w -fullscreen 1; wm state .w. Nur sinnvoll fuer Toplevel-Fenster (. oder .top).",,,,
wm aspect,Window Manager Befehle / Window Manager Commands,Set min/max aspect ratio constraints for window resizing.,Min/Max-Seitenverhältnis-Beschränkungen für Fenster-Größenänderung setzen.,,,,
wm attributes,Window Manager Befehle / Window Manager Commands,"Set platform-specific window attributes (-alpha, -fullscreen, -topmost, -toolwindow, etc.).","Plattformspezifische Fenster-Attribute setzen (-alpha, -fullscreen, -topmost, -toolwindow, etc.).",,,,
wm client,Window Manager Befehle / Window Manager Commands,Set WM_CLIENT_MACHINE property for window.,WM_CLIENT_MACHINE-Eigenschaft für Fenster setzen.,,,,
wm colormapwindows,Window Manager Befehle / Window Manager Commands,Specify list of windows with separate colormaps.,Liste von Fenstern mit separaten Colormaps angeben.,,,,
wm command,Window Manager Befehle / Window Manager Commands,Set WM_COMMAND property containing command to recreate window.,"WM_COMMAND-Eigenschaft setzen, die Befehl zum Neuerstellen des Fensters enthält.",,,,
wm focusmodel,Window Manager Befehle / Window Manager Commands,Set focus model: active (click to focus) or passive (pointer focus).,Fokus-Modell setzen: active (Klick für Fokus) oder passive (Zeiger-Fokus).,,,,
wm frame,Window Manager Befehle / Window Manager Commands,Return platform window identifier for window's decorative frame.,Plattform-Fenster-Identifikator für dekorativen Fensterrahmen zurückgeben.,,,,
wm grid,Window Manager Befehle / Window Manager Commands,Set grid-based geometry management for window (for text editors).,Gitterbasiertes Geometrie-Management für Fenster setzen (für Texteditoren).,,,,
wm group,Window Manager Befehle / Window Manager Commands,Set window group leader for related windows.,Fenstergruppen-Leader für verwandte Fenster setzen.,,,,
wm maxsize / wm minsize,Window Manager Befehle / Window Manager Commands,Set maximum/minimum window size in pixels.,Maximale/minimale Fenstergröße in Pixeln setzen.,,,,
wm overrideredirect,Window Manager Befehle / Window Manager Commands,"Bypass window manager decorations; create borderless window (e.g., `wm overrideredirect .win 1`).",Window-Manager-Dekorationen umgehen; rahmenloses Fenster erstellen (z.B. `wm overrideredirect .win 1`).,,,,
wm positionfrom,Window Manager Befehle / Window Manager Commands,Specify source of window position: user or program.,Quelle der Fensterposition angeben: user oder program.,,,,
wm protocol,Window Manager Befehle / Window Manager Commands,"Set handler for window manager protocol events (e.g., `wm protocol . WM_DELETE_WINDOW {exit}`).",Handler für Window-Manager-Protokoll-Ereignisse setzen (z.B. `wm protocol . WM_DELETE_WINDOW {exit}`).,,,,
wm sizefrom,Window Manager Befehle / Window Manager Commands,Specify source of window size: user or program.,Quelle der Fenstergröße angeben: user oder program.,,,,
wm stackorder,Window Manager Befehle / Window Manager Commands,Query or modify window stacking order (which windows are on top).,Fenster-Stapelreihenfolge abfragen oder ändern (welche Fenster oben sind).,,,,
wm state,Window Manager Befehle / Window Manager Commands,"Query or set window state: normal, iconic, withdrawn, zoomed (maximized).","Fensterzustand abfragen oder setzen: normal, iconic, withdrawn, zoomed (maximiert).",,,,
ANSI Code Page,Windows Code Pages / Windows Code Pages,"Windows GUI code page; used by Windows applications (not console); cp1252 is common ANSI code page; different from OEM/DOS code pages; affects file encoding, GUI text.","Windows-GUI-Code-Page; verwendet von Windows-Anwendungen (nicht Konsole); cp1252 ist übliche ANSI-Code-Page; anders als OEM/DOS-Code-Pages; beeinflusst Datei-Kodierung, GUI-Text.",,,,
Code Page,Windows Code Pages / Windows Code Pages,"Character encoding table mapping byte values to characters; Windows uses code pages for different languages/regions; numbered (e.g., 1252, 850, 437); in Tcl: specify with `fconfigure -encoding cpXXXX`.","Zeichenkodierungs-Tabelle, die Byte-Werte auf Zeichen abbildet; Windows verwendet Code Pages für verschiedene Sprachen/Regionen; nummeriert (z.B. 1252, 850, 437); in Tcl: spezifizieren mit `fconfigure -encoding cpXXXX`.",,,,
Console Encoding,Windows Code Pages / Windows Code Pages,Character encoding used by console/terminal; Windows: typically cp850 or cp437 (OEM); Unix/Linux: typically UTF-8; affects `puts` output and `gets` input; configure with `fconfigure stdout -encoding cpXXX`.,Zeichenkodierung verwendet von Konsole/Terminal; Windows: typischerweise cp850 oder cp437 (OEM); Unix/Linux: typischerweise UTF-8; beeinflusst `puts`-Ausgabe und `gets`-Eingabe; konfigurieren mit `fconfigure stdout -encoding cpXXX`.,,,,
Encoding Mismatch,Windows Code Pages / Windows Code Pages,Error when reading/writing text with wrong encoding; causes garbled characters; common between UTF-8 and code pages; fix: set correct encoding with `fconfigure -encoding`; test with known text.,Fehler beim Lesen/Schreiben von Text mit falscher Kodierung; verursacht verstümmelte Zeichen; häufig zwischen UTF-8 und Code Pages; Lösung: korrekte Kodierung setzen mit `fconfigure -encoding`; testen mit bekanntem Text.,,,,
OEM Code Page,Windows Code Pages / Windows Code Pages,"Original Equipment Manufacturer code page; used by DOS and Windows console; different from Windows ANSI code pages; cp437, cp850 are OEM code pages; affects console output encoding.","Original Equipment Manufacturer Code Page; verwendet von DOS und Windows-Konsole; anders als Windows-ANSI-Code-Pages; cp437, cp850 sind OEM-Code-Pages; beeinflusst Konsolen-Ausgabe-Kodierung.",,,,
cp1252 (Windows-1252),Windows Code Pages / Windows Code Pages,"Windows Western European code page; superset of ISO 8859-1 (Latin-1); includes additional characters in 0x80-0x9F range (€, smart quotes, etc.); default for Western Windows systems; Tcl: `fconfigure $chan -encoding cp1252`.","Windows westeuropäische Code Page; Übermenge von ISO 8859-1 (Latin-1); enthält zusätzliche Zeichen im 0x80-0x9F-Bereich (€, typografische Anführungszeichen, etc.); Standard für westliche Windows-Systeme; Tcl: `fconfigure $chan -encoding cp1252`.",,,,
cp437 (DOS US),Windows Code Pages / Windows Code Pages,"Original IBM PC code page; DOS US English; includes box-drawing, card suits, Greek letters in upper half; historical importance; still used in some DOS/console applications; Tcl: `fconfigure $chan -encoding cp437`.","Ursprüngliche IBM-PC-Code-Page; DOS US-Englisch; enthält Box-Drawing, Kartenfarben, griechische Buchstaben in oberer Hälfte; historische Bedeutung; noch in einigen DOS/Konsolen-Anwendungen verwendet; Tcl: `fconfigure $chan -encoding cp437`.",,,,
cp850 (DOS Latin-1),Windows Code Pages / Windows Code Pages,DOS/OEM Western European code page; used in Windows command prompt; includes box-drawing characters; different from Windows-1252; common in legacy systems; Tcl: `fconfigure $chan -encoding cp850`.,DOS/OEM westeuropäische Code Page; verwendet in Windows-Eingabeaufforderung; enthält Box-Drawing-Zeichen; anders als Windows-1252; üblich in Legacy-Systemen; Tcl: `fconfigure $chan -encoding cp850`.,,,,
system encoding,Windows Code Pages / Windows Code Pages,"Command returning platform's default encoding; `encoding system` returns system encoding (e.g., cp1252 on Windows, utf-8 on modern Unix); used as default for external interfaces; can be changed but not recommended.","Befehl, der Standard-Kodierung der Plattform zurückgibt; `encoding system` gibt System-Kodierung zurück (z.B. cp1252 auf Windows, utf-8 auf modernem Unix); verwendet als Standard für externe Schnittstellen; kann geändert werden aber nicht empfohlen.",,,,
CSIDL,Windows-Plattform und TWAPI / Windows Platform and TWAPI,"Constant Special Item ID List — a numeric identifier for a well-known Windows folder (Desktop, Documents, AppData, ProgramFiles, ...). Used by `twapi::get_shell_folder` and the underlying `SHGetFolderPath` API. The newer KNOWNFOLDERID GUIDs supersede CSIDL on Vista+, but CSIDL constants still work via TWAPI for compatibility.","Constant Special Item ID List — eine numerische ID für einen bekannten Windows-Ordner (Desktop, Dokumente, AppData, ProgramFiles, ...). Wird von `twapi::get_shell_folder` und der zugrunde liegenden `SHGetFolderPath`-API genutzt. Die neueren KNOWNFOLDERID-GUIDs lösen CSIDL ab Vista+ ab, aber CSIDL-Konstanten funktionieren via TWAPI weiterhin aus Kompatibilitätsgründen.","package require twapi

# Common CSIDLs
puts [twapi::get_shell_folder CSIDL_DESKTOP]
puts [twapi::get_shell_folder CSIDL_PERSONAL]    ;# Documents
puts [twapi::get_shell_folder CSIDL_APPDATA]     ;# Roaming AppData
puts [twapi::get_shell_folder CSIDL_LOCAL_APPDATA]
puts [twapi::get_shell_folder CSIDL_PROGRAM_FILES]
puts [twapi::get_shell_folder CSIDL_STARTUP]",,"TWAPI, shell_execute, KNOWNFOLDERID",twapi_shell(n)
Filesystem Watcher,Windows-Plattform und TWAPI / Windows Platform and TWAPI,"A facility to receive notifications when files in a directory tree change (created, modified, deleted, renamed). On Windows wrapped by TWAPI via `ReadDirectoryChangesW`; the Tcl-side proc is `twapi::begin_filesystem_monitor`. The supplied callback runs in the Tcl event loop. Cancel monitoring with `twapi::cancel_filesystem_monitor`.","Eine Einrichtung, um Benachrichtigungen zu erhalten, wenn sich Dateien in einem Verzeichnisbaum ändern (erstellt, modifiziert, gelöscht, umbenannt). Auf Windows von TWAPI über `ReadDirectoryChangesW` gekapselt; die Tcl-seitige Proc heißt `twapi::begin_filesystem_monitor`. Der übergebene Callback läuft in der Tcl-Eventloop. Überwachung beenden mit `twapi::cancel_filesystem_monitor`.","package require twapi

proc onFileChange {path action args} {
    puts ""[clock format [clock seconds] -format %H:%M:%S] $action: $path""
}

set handle [twapi::begin_filesystem_monitor \
    C:/Temp onFileChange \
    -subtree 1 \
    -patterns {*.log *.txt}]

# Run the event loop
vwait forever

# Stop later
twapi::cancel_filesystem_monitor $handle",,"TWAPI, ReadDirectoryChangesW, vwait, Event Loop",twapi_filesystem(n)
HWND,Windows-Plattform und TWAPI / Windows Platform and TWAPI,"Window Handle — an opaque integer identifier used by the Win32 API to refer to a window (anything from a top-level frame to a button). Returned by TWAPI procs like `twapi::find_windows` and accepted by `twapi::get_window_text`, `twapi::move_window`, `twapi::set_foreground_window`. Not portable: HWNDs are valid only within a single Windows session.","Window Handle — eine opake Integer-ID, mit der die Win32-API auf ein Fenster verweist (von Top-Level-Frame bis Button). Wird von TWAPI-Procs wie `twapi::find_windows` zurückgegeben und von `twapi::get_window_text`, `twapi::move_window`, `twapi::set_foreground_window` akzeptiert. Nicht portabel: HWNDs sind nur innerhalb einer Windows-Sitzung gültig.","package require twapi

# Find all Notepad windows and bring one to front
set hwnds [twapi::find_windows -text ""*Notepad*"" -visible 1]
foreach hwnd $hwnds {
    puts ""Window $hwnd: [twapi::get_window_text $hwnd]""
}
if {[llength $hwnds] > 0} {
    twapi::set_foreground_window [lindex $hwnds 0]
}

# Get Tk's HWND for a toplevel (for native Win32 interop)
set hwnd [twapi::tkpath_to_hwnd .myToplevel]",,"TWAPI, find_windows, Win32, tcl_platform(platform)",twapi_windows(n)
Magicsplat,Windows-Plattform und TWAPI / Windows Platform and TWAPI,"A current free distribution of Tcl/Tk for Windows, maintained by Ashok Nadkarni. Successor to the role ActiveState's ActiveTcl previously played. Ships Tcl 8.6 / 9.x, Tk, Tcllib, Tklib, tdom, TWAPI, sqlite3, tcom, and ~50 other extensions in one installer. The standard recommendation for Windows users today.","Eine aktuelle freie Tcl/Tk-Distribution für Windows, gepflegt von Ashok Nadkarni. Übernimmt die Rolle, die früher ActiveState's ActiveTcl spielte. Liefert Tcl 8.6 / 9.x, Tk, Tcllib, Tklib, tdom, TWAPI, sqlite3, tcom und ~50 weitere Erweiterungen in einem Installer. Die Standardempfehlung für Windows-Nutzer heutzutage.","# After installation from https://www.magicsplat.com/tcl-installer/
# the standard packages are available via package require:

package require Tcl 9.0
package require Tk
package require twapi
package require tdom
package require sqlite3
package require tcom
# All ready to go, no separate downloads needed.",,"TWAPI, ActiveTcl, teacup, Teapot, tcom",https://www.magicsplat.com/
SID (Security Identifier),Windows-Plattform und TWAPI / Windows Platform and TWAPI,"Security Identifier — a unique value identifying a Windows user account, group, or computer (e.g. `S-1-5-21-...`). Used throughout Win32 security APIs for access-control entries (ACEs), token identity and audit records. TWAPI returns SIDs as strings (the SDDL form) and provides conversion helpers like `twapi::lookup_account_sid` (SID → name) and `twapi::lookup_account_name` (name → SID).","Security Identifier — ein eindeutiger Wert, der ein Windows-Benutzerkonto, eine Gruppe oder einen Computer identifiziert (z.B. `S-1-5-21-...`). Wird in der gesamten Win32-Security-API für Access-Control-Entries (ACEs), Token-Identitäten und Audit-Records genutzt. TWAPI gibt SIDs als Strings (in SDDL-Form) zurück und stellt Konvertierungs-Helper bereit wie `twapi::lookup_account_sid` (SID → Name) und `twapi::lookup_account_name` (Name → SID).","package require twapi

# Current user's SID
set sid [twapi::get_current_user_sid]
puts $sid
# => S-1-5-21-1234567890-987654321-555555555-1001

# SID -> account name
array set info [twapi::lookup_account_sid $sid]
puts ""$info(domain)\\$info(name)""

# Account name -> SID
set adminSid [twapi::lookup_account_name Administrators]",,"TWAPI, tcl_platform(user), Win32 Security",twapi_security(n)
TWAPI,Windows-Plattform und TWAPI / Windows Platform and TWAPI,"Tcl Windows API — an extensive Tcl extension that exposes hundreds of Win32 API functions to Tcl scripts (processes, services, registry, network adapters, clipboard, shell, COM, security). Bundled with Magicsplat Tcl/Tk and installable via `package require twapi`. Replaces the need for C glue code or external command-line tools on Windows.","Tcl Windows API — eine umfangreiche Tcl-Erweiterung, die hunderte Win32-API-Funktionen für Tcl-Skripte verfügbar macht (Prozesse, Dienste, Registry, Netzwerk-Adapter, Zwischenablage, Shell, COM, Security). Bei Magicsplat Tcl/Tk dabei, ladbar via `package require twapi`. Ersetzt unter Windows die Notwendigkeit von C-Glue-Code oder externen CLI-Tools.","package require twapi

puts [twapi::get_os_description]
# => ""Windows 11 Pro""

set mem [twapi::get_memory_info]
puts ""RAM: [expr {[dict get $mem -totalphys] / 1024.0 / 1024 / 1024}] GB""

# Find Notepad windows
foreach hwnd [twapi::find_windows -text ""*Notepad*""] {
    puts ""[twapi::get_window_text $hwnd]""
}",,"Magicsplat, tcl_platform(platform), registry, COM (Component Object Model), HWND","https://twapi.magicsplat.com/, twapi(n)"
Teapot,Windows-Plattform und TWAPI / Windows Platform and TWAPI,"Tcl Extension Archive Pot — a network-accessible repository of pre-built Tcl extensions for multiple platforms, originally hosted by ActiveState. Client tool: `teacup`. Each entry is a `.tap` or `.zip` containing platform-specific binaries plus metadata (package name, version, architecture, dependencies). Modern projects increasingly bundle dependencies directly (Starkit, ZipKit) instead of relying on Teapot.","Tcl Extension Archive Pot — ein netzwerk-erreichbares Repository vorgebauter Tcl-Erweiterungen für mehrere Plattformen, ursprünglich von ActiveState gehostet. Client-Tool: `teacup`. Jeder Eintrag ist ein `.tap` oder `.zip` mit plattformspezifischen Binaries plus Metadaten (Paketname, Version, Architektur, Abhängigkeiten). Moderne Projekte bündeln Abhängigkeiten zunehmend direkt (Starkit, ZipKit) statt auf Teapot zu setzen.","# A teapot URL
# http://teapot.activestate.com/package/name/twapi/ver/4.4.7/arch/win32-ix86

# Use teacup as the client
teacup install twapi
# (Resolves dependencies via the repository's metadata)",,"teacup, ActiveTcl, Magicsplat, Starkit, ZipKit",teacup(1)
registry,Windows-Plattform und TWAPI / Windows Platform and TWAPI,"Tcl built-in command on Windows for reading and writing the Windows Registry. Loaded via `package require registry`. Provides `registry get`, `registry set`, `registry delete`, `registry keys`, `registry values`, `registry type`. Hive names can be abbreviated: `HKLM` for `HKEY_LOCAL_MACHINE`, `HKCU` for `HKEY_CURRENT_USER`.","In Tcl auf Windows eingebauter Befehl zum Lesen und Schreiben der Windows-Registry. Wird via `package require registry` geladen. Bietet `registry get`, `registry set`, `registry delete`, `registry keys`, `registry values`, `registry type`. Hive-Namen können abgekürzt werden: `HKLM` für `HKEY_LOCAL_MACHINE`, `HKCU` für `HKEY_CURRENT_USER`.","package require registry

# Read a value
set shellState [registry get \
    {HKCU\Software\Microsoft\Windows\CurrentVersion\Explorer} \
    ShellState]

# Enumerate subkeys
set subkeys [registry keys HKCU\\Software]

# Write a value (DWORD)
registry set HKCU\\Software\\MyApp Version 1 dword

# Delete a value
registry delete HKCU\\Software\\MyApp Version",,"TWAPI, tcl_platform(platform), HKEY_LOCAL_MACHINE, HKEY_CURRENT_USER",registry(n)
teacup,Windows-Plattform und TWAPI / Windows Platform and TWAPI,"Command-line client for the Teapot package repository (originally ActiveState, now community-mirrored). Installs Tcl extensions on demand into a local Teapot directory. Largely superseded by Magicsplat's bundled approach, but still used in legacy ActiveTcl environments and for CI scripts. Syntax: `teacup install <pkg>`, `teacup search <term>`, `teacup list`.","Command-Line-Client für das Teapot-Package-Repository (ursprünglich ActiveState, heute community-gespiegelt). Installiert Tcl-Erweiterungen on-demand in ein lokales Teapot-Verzeichnis. Größtenteils durch Magicsplat's Bundle-Ansatz abgelöst, wird aber noch in Legacy-ActiveTcl-Umgebungen und CI-Skripten genutzt. Syntax: `teacup install <pkg>`, `teacup search <term>`, `teacup list`.","# Install an extension
teacup install twapi
teacup install tdom

# Search for available packages
teacup search sqlite

# List what's installed locally
teacup list",,"Teapot, ActiveTcl, Magicsplat, package require",teacup(1)
Bidirectional Pipe,Wrapper und Prozess-Kommunikation / Wrappers and Process Communication,"Pipe allowing both reading and writing; created with `open ""|command"" r+`; enables interactive communication with external process; use `fconfigure -buffering line` for line-based interaction; careful with deadlocks.","Pipe, die sowohl Lesen als auch Schreiben erlaubt; erstellt mit `open ""|command"" r+`; ermöglicht interaktive Kommunikation mit externem Prozess; verwenden Sie `fconfigure -buffering line` für zeilenbasierte Interaktion; Vorsicht vor Deadlocks.",,,,
COM (Component Object Model),Wrapper und Prozess-Kommunikation / Wrappers and Process Communication,"Microsoft's binary interface standard for software components, the foundation for OLE, ActiveX, and DCOM. A COM object exposes one or more interfaces (sets of methods identified by IIDs) and is identified by a CLSID or a human-readable ProgID like `Excel.Application`. In Tcl, COM objects are accessed via the `tcom` extension or TWAPI's COM bindings.","Microsofts binärer Interface-Standard für Software-Komponenten, Basis für OLE, ActiveX und DCOM. Ein COM-Objekt stellt eine oder mehrere Interfaces bereit (Methoden-Mengen, identifiziert durch IIDs) und wird über eine CLSID oder eine menschenlesbare ProgID wie `Excel.Application` referenziert. In Tcl werden COM-Objekte über die `tcom`-Erweiterung oder TWAPI's COM-Bindings angesprochen.","package require tcom

# Create an instance via ProgID
set wmi [::tcom::ref createobject ""WbemScripting.SWbemLocator""]
set services [$wmi ConnectServer]

# Query running processes via WMI
set query ""SELECT Name, ProcessId FROM Win32_Process""
foreach proc [$services ExecQuery $query] {
    puts ""[$proc Name] (PID [$proc ProcessId])""
}",,"tcom, OLE Automation, ActiveX, DCOM, WMI",tcom(n)
IPC (Inter-Process Communication),Wrapper und Prozess-Kommunikation / Wrappers and Process Communication,"General term for process communication; Tcl mechanisms: pipes, sockets, shared memory (via extensions), files, message queues (via extensions); choose based on performance, synchronization needs.","Allgemeiner Begriff für Prozess-Kommunikation; Tcl-Mechanismen: Pipes, Sockets, Shared Memory (über Extensions), Dateien, Message Queues (über Extensions); wählen basierend auf Performance, Synchronisations-Bedürfnissen.",,,,
OLE Automation,Wrapper und Prozess-Kommunikation / Wrappers and Process Communication,"A subset of COM that exposes scriptable object models — designed so that interpreted languages (originally Visual Basic, JScript, also Tcl via tcom) can drive Windows applications. All Office applications, Internet Explorer, WSH, ADO, WMI etc. are accessible through OLE Automation. Methods, properties and events are described in type libraries (`.tlb`).","Ein Subset von COM, das skriptbare Object-Models bereitstellt — entworfen, damit interpretierte Sprachen (ursprünglich Visual Basic, JScript, auch Tcl via tcom) Windows-Anwendungen steuern können. Alle Office-Anwendungen, Internet Explorer, WSH, ADO, WMI usw. sind über OLE-Automation erreichbar. Methoden, Properties und Events sind in Type Libraries (`.tlb`) beschrieben.","package require tcom

# Drive Word via OLE Automation
set word [::tcom::ref createobject ""Word.Application""]
$word Visible 1

set doc [[$word Documents] Add]
set selection [$word Selection]
$selection TypeText ""Generated by Tcl on [clock format [clock seconds]]""
$selection TypeParagraph

# Property access vs. method:
set name [$doc Name]              ;# property read
$doc SaveAs C:/Temp/out.docx      ;# method call",,"COM (Component Object Model), tcom, ActiveX, WSH",tcom(n)
Process Communication,Wrapper und Prozess-Kommunikation / Wrappers and Process Communication,"Data exchange between processes; methods in Tcl: pipes (`open ""|...""`), sockets, files, environment variables; asynchronous with fileevent; synchronous with exec; choose method based on requirements.","Datenaustausch zwischen Prozessen; Methoden in Tcl: Pipes (`open ""|...""`), Sockets, Dateien, Umgebungsvariablen; asynchron mit fileevent; synchron mit exec; Methode wählen basierend auf Anforderungen.",,,,
Wrapper,Wrapper und Prozess-Kommunikation / Wrappers and Process Communication,"Code layer providing interface to another system; wrapper script/procedure simplifies complex operations; common patterns: command wrappers (simplified `exec`), widget wrappers (custom widgets), API wrappers (REST, database); encapsulates complexity.","Code-Schicht, die Schnittstelle zu anderem System bietet; Wrapper-Skript/-Prozedur vereinfacht komplexe Operationen; häufige Muster: Befehls-Wrapper (vereinfachtes `exec`), Widget-Wrapper (eigene Widgets), API-Wrapper (REST, Datenbank); kapselt Komplexität.",,,,
Wrapper Script,Wrapper und Prozess-Kommunikation / Wrappers and Process Communication,"Script wrapping application for easier execution; sets environment, processes arguments, launches program; common for deployment; example: shell script calling tclsh with script and arguments.","Skript, das Anwendung für einfachere Ausführung umhüllt; setzt Umgebung, verarbeitet Argumente, startet Programm; üblich für Deployment; Beispiel: Shell-Skript, das tclsh mit Skript und Argumenten aufruft.",,,,
exec (Extended),Wrapper und Prozess-Kommunikation / Wrappers and Process Communication,"Execute external command; syntax: `exec ?switches? command ?arg ...?`; switches: `-keepnewline`, `-ignorestderr`, `--`; returns command output; use `&` for background; redirect with `>`, `<`, `|`, `2>`; cross-platform but behavior varies; ⚠️ blocks until command completes.","Externen Befehl ausführen; Syntax: `exec ?switches? command ?arg ...?`; Switches: `-keepnewline`, `-ignorestderr`, `--`; gibt Befehls-Ausgabe zurück; verwenden Sie `&` für Hintergrund; umleiten mit `>`, `<`, `|`, `2>`; plattformübergreifend aber Verhalten variiert; ⚠️ blockiert bis Befehl abgeschlossen.",,,,
exec Pipeline,Wrapper und Prozess-Kommunikation / Wrappers and Process Communication,Chain of commands with output of one feeding into next; syntax: `exec cmd1 | cmd2 | cmd3`; Unix-style pipeline in Tcl; works cross-platform; each command runs concurrently; example: `exec cat file.txt | grep pattern | wc -l`.,Kette von Befehlen mit Ausgabe von einem in nächsten; Syntax: `exec cmd1 | cmd2 | cmd3`; Unix-Stil-Pipeline in Tcl; funktioniert plattformübergreifend; jeder Befehl läuft gleichzeitig; Beispiel: `exec cat file.txt | grep pattern | wc -l`.,,,,
open (Extended),Wrapper und Prozess-Kommunikation / Wrappers and Process Communication,"Open file or pipe; syntax: `open name ?access? ?permissions?`; access modes: `r`, `w`, `a`, `r+`, `w+`, `a+`; for pipes: `open ""|command ?args?""` opens bidirectional pipe; returns channel handle; must close with `close`.","Datei oder Pipe öffnen; Syntax: `open name ?access? ?permissions?`; Zugriffsmodi: `r`, `w`, `a`, `r+`, `w+`, `a+`; für Pipes: `open ""|command ?args?""` öffnet bidirektionale Pipe; gibt Kanal-Handle zurück; muss mit `close` geschlossen werden.",,,,
tcom,Wrapper und Prozess-Kommunikation / Wrappers and Process Communication,"A Tcl extension for COM/OLE Automation on Windows. Lets Tcl scripts create and drive ActiveX / COM objects (Excel, Word, Internet Explorer, Outlook, WMI, ADO, ...). Loaded via `package require tcom`. The main entry point is `::tcom::ref createobject ""Class.ProgID""`, after which methods are called as if on a Tcl command.","Eine Tcl-Erweiterung für COM/OLE-Automation auf Windows. Erlaubt Tcl-Skripten, ActiveX-/COM-Objekte zu erzeugen und zu steuern (Excel, Word, Internet Explorer, Outlook, WMI, ADO, ...). Wird via `package require tcom` geladen. Haupteinstieg: `::tcom::ref createobject ""Class.ProgID""`, danach werden Methoden wie auf einem Tcl-Kommando aufgerufen.","package require tcom

set excel [::tcom::ref createobject ""Excel.Application""]
$excel Visible 1

set wb [[$excel Workbooks] Add]
set sheet [[$wb Worksheets] Item 1]

[$sheet Cells 1 1] Value ""Hello from Tcl!""
[$sheet Cells 1 2] Value 42

# Cleanup
$wb SaveAs C:/Temp/test.xlsx
$excel Quit",,"COM (Component Object Model), OLE Automation, TWAPI, Magicsplat",http://www.vex.net/~cthuang/tcom/
ASCII (American Standard Code for Information Interchange),Zeichenkodierung und Standards / Character Encoding and Standards,"7-bit character encoding (0-127); includes English letters, digits, punctuation, control characters; foundation for many encodings; Tcl command: `scan ""A"" %c` returns 65.","7-Bit-Zeichenkodierung (0-127); umfasst englische Buchstaben, Ziffern, Interpunktion, Steuerzeichen; Grundlage vieler Kodierungen; Tcl-Befehl: `scan ""A"" %c` gibt 65 zurück.",,,,
BMP (Basic Multilingual Plane),Zeichenkodierung und Standards / Character Encoding and Standards,The first plane of Unicode (U+0000..U+FFFF) — 65 536 codepoints covering most living scripts. In Tcl the 4-digit `\uHHHH` escape addresses only the BMP; codepoints beyond require `\UHHHHHHHH` or surrogate pairs.,"Die erste Ebene von Unicode (U+0000..U+FFFF) — 65 536 Codepoints, die die meisten lebenden Schriften abdecken. In Tcl spricht die 4-stellige `\uHHHH`-Escape-Sequenz nur die BMP an; höhere Codepoints brauchen `\UHHHHHHHH` oder Surrogate Pairs.","```tcl
set bmpChar \u00E4     ;# ä (U+00E4, in BMP)
set bmpChar \u20AC     ;# € (U+20AC, in BMP)
set nonBmp  \U1F600    ;# emoji (U+1F600, NOT in BMP)",,"Codepoint, Supplementary Plane, Surrogate Pair",Tcl_UniChar(3)
BOM (Byte Order Mark),Zeichenkodierung und Standards / Character Encoding and Standards,Special Unicode character (U+FEFF) at file start indicating byte order and encoding; UTF-8 BOM: EF BB BF; Tcl can handle BOM in file reading.,"Spezielles Unicode-Zeichen (U+FEFF) am Dateianfang, das Byte-Reihenfolge und Kodierung anzeigt; UTF-8-BOM: EF BB BF; Tcl kann BOM beim Datei-Lesen handhaben.",,,,
Bidi (Bidirectional Text),Zeichenkodierung und Standards / Character Encoding and Standards,"Algorithm for laying out text that mixes left-to-right (Latin, Cyrillic, Greek) and right-to-left (Arabic, Hebrew) scripts in one paragraph. Defined by the Unicode Bidirectional Algorithm (UAX #9). Produces a sequence of ""runs"" — contiguous segments of one direction — from a logical (storage-order) character stream. Tk 9 gained Bidi support via the `--enable-bidi` build option, which links SheenBidi + HarfBuzz into the Unix Tk binary (`tkUnixBidiFont.c`).","Algorithmus fuer das Layouten von Text, der Links-nach-Rechts-Schriften (Lateinisch, Kyrillisch, Griechisch) und Rechts-nach-Links-Schriften (Arabisch, Hebraeisch) in einem Absatz mischt. Definiert durch den Unicode Bidirectional Algorithm (UAX #9). Erzeugt aus einem logischen (Speicherreihenfolge-) Zeichenstrom eine Folge von ""Runs"" — zusammenhaengende Segmente einer Richtung. Tk 9 erhielt Bidi-Unterstuetzung ueber die `--enable-bidi`-Build-Option, die SheenBidi + HarfBuzz in die Unix-Tk-Binary linkt (`tkUnixBidiFont.c`).",,,,
Character Set,Zeichenkodierung und Standards / Character Encoding and Standards,"Collection of characters available in encoding; ASCII has 128 characters, Unicode has 100,000+; defines which characters can be represented.","Sammlung von Zeichen verfügbar in Kodierung; ASCII hat 128 Zeichen, Unicode hat 100.000+; definiert welche Zeichen dargestellt werden können.",,,,
Code Point,Zeichenkodierung und Standards / Character Encoding and Standards,"Numerical value assigned to character in Unicode (e.g., U+0041 = 'A'); Tcl: `scan ""A"" %c` returns decimal code point; `format %c 65` returns 'A'.","Numerischer Wert zugewiesen zu Zeichen in Unicode (z.B. U+0041 = 'A'); Tcl: `scan ""A"" %c` gibt dezimalen Code-Point zurück; `format %c 65` gibt 'A' zurück.",,,,
Codepoint,Zeichenkodierung und Standards / Character Encoding and Standards,A numeric value in the Unicode codespace (U+0000 to U+10FFFF) assigned to a character or special meaning. In Tcl a codepoint is obtained via `scan $char %c` and converted back to a character via `format %c $cp`.,"Ein numerischer Wert im Unicode-Codespace (U+0000 bis U+10FFFF), der einem Zeichen oder einer besonderen Bedeutung zugeordnet ist. In Tcl wird ein Codepoint mit `scan $char %c` ermittelt und mit `format %c $cp` zurück in ein Zeichen umgewandelt.","```tcl
scan A %c cp        ;# cp = 65
format %c 65        ;# ""A""
scan ä %c cp        ;# cp = 228
format %c 0x1F600   ;# grinning face emoji (Tcl 9)",,"BMP, Supplementary Plane, format %c, scan %c","Tcl_UniChar(3), encoding(n)"
Grapheme,Zeichenkodierung und Standards / Character Encoding and Standards,"A ""user-perceived character"" — what a reader perceives as a single unit even if Unicode encodes it as multiple codepoints. Examples: `é` written as `e` + combining acute (two codepoints, one grapheme); a flag emoji (two regional-indicator codepoints, one grapheme); a family emoji with skin-tone modifiers (4-6 codepoints, one grapheme). The right unit for cursor movement, selection, line breaking, character counting — but NOT for storage or sorting. Defined by UAX #29 (Unicode Text Segmentation).","Ein ""Benutzer-wahrgenommenes Zeichen"" — was ein Leser als eine Einheit wahrnimmt, auch wenn Unicode es als mehrere Codepunkte kodiert. Beispiele: `é` als `e` + kombinierender Akut (zwei Codepunkte, ein Graphem); ein Flaggen-Emoji (zwei Regional-Indikator-Codepunkte, ein Graphem); ein Familien-Emoji mit Hautton-Modifizierern (4-6 Codepunkte, ein Graphem). Die richtige Einheit fuer Cursor-Bewegung, Auswahl, Zeilenumbruch, Zeichen-Zaehlung — aber NICHT fuer Speicherung oder Sortierung. Definiert durch UAX #29 (Unicode Text Segmentation).",,,,
Multibyte Character,Zeichenkodierung und Standards / Character Encoding and Standards,"Character requiring multiple bytes in encoding (e.g., UTF-8 uses 1-4 bytes); Tcl handles multibyte transparently in string operations; `string length` counts characters, not bytes.","Zeichen, das mehrere Bytes in Kodierung benötigt (z.B. UTF-8 verwendet 1-4 Bytes); Tcl behandelt Multibyte transparent in String-Operationen; `string length` zählt Zeichen, nicht Bytes.",,,,
RTL / LTR,Zeichenkodierung und Standards / Character Encoding and Standards,"Right-to-left and Left-to-right — the two writing directions in human scripts. LTR: Latin, Cyrillic, Greek, CJK (top-to-bottom traditionally but left-to-right in modern usage). RTL: Arabic, Hebrew, Syriac, N'Ko. The Unicode Bidirectional Algorithm produces RTL/LTR run sequences from logical-order text. In code, often abbreviated as constants (`SBLevelDefaultLTR`, `HB_DIRECTION_RTL`, etc.).","Right-to-left und Left-to-right — die zwei Schreibrichtungen in menschlichen Schriften. LTR: Lateinisch, Kyrillisch, Griechisch, CJK (traditionell oben-nach-unten, aber in moderner Verwendung links-nach-rechts). RTL: Arabisch, Hebraeisch, Syrisch, N'Ko. Der Unicode Bidirectional Algorithm produziert RTL/LTR-Run-Sequenzen aus Text in logischer Reihenfolge. Im Code oft als Konstanten abgekuerzt (`SBLevelDefaultLTR`, `HB_DIRECTION_RTL` usw.).",,,,
Shaping (Text-Shaping),Zeichenkodierung und Standards / Character Encoding and Standards,"The process of converting a sequence of Unicode codepoints to a sequence of positioned glyphs from a specific font. Handles ligatures (`fi` → single glyph), contextual forms (Arabic letters change shape by position in word), combining marks (diacritics positioned over the base glyph), kerning. Done by a shaper library — in Tk's case HarfBuzz. Distinct from Bidi (which determines run order); shaping happens within each run after Bidi.","Der Vorgang, eine Sequenz von Unicode-Codepunkten in eine Sequenz positionierter Glyphen aus einem bestimmten Font zu konvertieren. Behandelt Ligaturen (`fi` → ein Glyph), kontextuelle Formen (arabische Buchstaben aendern sich je nach Wortposition), kombinierende Zeichen (Diakritika ueber dem Basis-Glyph platziert), Kerning. Erledigt durch eine Shaper-Bibliothek — in Tks Fall HarfBuzz. Verschieden von Bidi (das die Run-Reihenfolge bestimmt); Shaping passiert innerhalb jedes Runs nach Bidi.",,,,
Supplementary Plane,Zeichenkodierung und Standards / Character Encoding and Standards,"A Unicode plane outside the BMP — codepoints U+10000 to U+10FFFF, covering emoji, CJK extensions, ancient scripts and more. In Tcl 9 these are addressed directly via `\UHHHHHHHH`; in Tcl 8.6 only via surrogate pairs or the `\U` escape.","Eine Unicode-Ebene jenseits der BMP — Codepoints U+10000 bis U+10FFFF, mit Emojis, CJK-Erweiterungen, historischen Schriften usw. In Tcl 9 direkt via `\UHHHHHHHH` adressierbar; in Tcl 8.6 nur über Surrogate Pairs oder die `\U`-Escape.","```tcl
set smiley \U1F600   ;# grinning face emoji
set music  \U1D11E   ;# musical symbol G clef
set flag   \U1F1FA\U1F1F8  ;# US regional indicator pair",,"BMP, Codepoint, Surrogate Pair, Tcl/Tk 9",Tcl_UniChar(3)
Surrogate Pair,Zeichenkodierung und Standards / Character Encoding and Standards,A pair of UTF-16 code units (a high surrogate U+D800..U+DBFF followed by a low surrogate U+DC00..U+DFFF) that together encode one supplementary-plane codepoint. Needed in Tcl 8.6 to address codepoints above U+FFFF when `\U` is not used.,"Ein Paar von UTF-16-Code-Units (high surrogate U+D800..U+DBFF gefolgt von low surrogate U+DC00..U+DFFF), das gemeinsam einen Codepoint aus der Supplementary Plane kodiert. In Tcl 8.6 nötig, um Codepoints über U+FFFF ohne `\U` zu adressieren.","```tcl
# Tcl 8.6 workaround for U+1F600:
set emoji ""\uD83D\uDE00""
# Tcl 9 equivalent:
set emoji \U1F600",,"BMP, Supplementary Plane, UTF-16","Tcl_UniChar(3), encoding(n)"
UTF-16,Zeichenkodierung und Standards / Character Encoding and Standards,"Variable-length Unicode encoding using 2 or 4 bytes; used internally by Windows, Java; available in Tcl via `-encoding unicode` (little-endian) or `-encoding unicodeBigEndian`.","Variable-Längen-Unicode-Kodierung mit 2 oder 4 Bytes; intern verwendet von Windows, Java; verfügbar in Tcl über `-encoding unicode` (Little-Endian) oder `-encoding unicodeBigEndian`.",,,,
UTF-16BE,Zeichenkodierung und Standards / Character Encoding and Standards,"UTF-16 in big-endian byte order — each 16-bit code unit is stored as high byte first, then low byte. The Unicode standard considers UTF-16BE without BOM the canonical wire format. Available in Tcl via `encoding convertfrom/convertto utf-16be`.","UTF-16 mit Big-Endian-Byte-Reihenfolge — jede 16-Bit-Code-Unit wird mit höherwertigem Byte zuerst, dann niederwertigem Byte gespeichert. Der Unicode-Standard sieht UTF-16BE ohne BOM als kanonisches Wire-Format. In Tcl via `encoding convertfrom/convertto utf-16be` verfügbar.","```tcl
set bytes [encoding convertto utf-16be ""Hallo""]
binary scan $bytes H* hex
# hex = ""00480061006c006c006f""",,"UTF-16, UTF-16LE, encoding convertfrom, encoding convertto",encoding(n)
UTF-16LE,Zeichenkodierung und Standards / Character Encoding and Standards,"UTF-16 in little-endian byte order — each 16-bit code unit is stored as low byte first, then high byte. Available as an encoding name in Tcl's `encoding convertfrom/convertto`. Used by Windows file APIs.","UTF-16 mit Little-Endian-Byte-Reihenfolge — jede 16-Bit-Code-Unit wird mit niederwertigem Byte zuerst, dann höherwertigem Byte gespeichert. In Tcl als Encoding-Name in `encoding convertfrom/convertto` verfügbar. Wird von Windows-Datei-APIs genutzt.","```tcl
set bytes [encoding convertto utf-16le ""Hallo""]
binary scan $bytes H* hex
# hex = ""480061006c006c006f00""
set back [encoding convertfrom utf-16le $bytes]",,"UTF-16, UTF-16BE, encoding convertfrom, encoding convertto",encoding(n)
UTF-8,Zeichenkodierung und Standards / Character Encoding and Standards,Variable-length Unicode encoding (1-4 bytes per character); backward compatible with ASCII; default encoding in modern Tcl/Tk; `fconfigure $chan -encoding utf-8`.,Variable-Längen-Unicode-Kodierung (1-4 Bytes pro Zeichen); rückwärtskompatibel mit ASCII; Standard-Kodierung in modernem Tcl/Tk; `fconfigure $chan -encoding utf-8`.,,,,
Unicode,Zeichenkodierung und Standards / Character Encoding and Standards,Universal character encoding standard supporting all world writing systems; assigns unique code point to each character; Tcl 8.1+ has full Unicode support internally; U+0000 to U+10FFFF range.,"Universeller Zeichenkodierungs-Standard, der alle Weltschriftsysteme unterstützt; weist jedem Zeichen eindeutigen Code-Punkt zu; Tcl 8.1+ hat volle interne Unicode-Unterstützung; U+0000 bis U+10FFFF Bereich.",,,,
encoding convertfrom,Zeichenkodierung und Standards / Character Encoding and Standards,"Convert a byte sequence in a given encoding to a Tcl Unicode string. Syntax: encoding convertfrom ?encoding? data. Without encoding: uses the system encoding. Common encodings: utf-8, iso8859-1, cp1252, gb2312. In Tcl 9, the default changed to utf-8; pre-9 used the system encoding.","Konvertiert eine Bytesequenz in einer gegebenen Kodierung in einen Tcl-Unicode-String. Syntax: encoding convertfrom ?encoding? data. Ohne Kodierung: nutzt die System-Kodierung. Gebraeuchliche Kodierungen: utf-8, iso8859-1, cp1252, gb2312. In Tcl 9 ist die Default auf utf-8 geaendert; vor 9 die System-Kodierung.",,,,
encoding convertto,Zeichenkodierung und Standards / Character Encoding and Standards,"Convert a Tcl Unicode string to a byte sequence in a given encoding. Syntax: encoding convertto ?encoding? string. Inverse of encoding convertfrom. Used when writing to a channel that has a different encoding, or for binary protocols expecting specific byte sequences.",Konvertiert einen Tcl-Unicode-String in eine Bytesequenz in einer gegebenen Kodierung. Syntax: encoding convertto ?encoding? string. Umkehrung von encoding convertfrom. Verwendet beim Schreiben in einen Kanal mit anderer Kodierung oder fuer Binaerprotokolle die bestimmte Bytesequenzen erwarten.,,,,
encoding dirs,Zeichenkodierung und Standards / Character Encoding and Standards,Returns or sets the list of directories searched for `.enc` encoding files. Without arguments it returns the current search path; with an argument it replaces the search path. Useful when bundling custom encodings with an application.,"Liefert oder setzt die Liste der Verzeichnisse, in denen nach `.enc`-Encoding-Dateien gesucht wird. Ohne Argumente gibt es den aktuellen Suchpfad zurück; mit Argument ersetzt es den Suchpfad. Nützlich beim Bündeln eigener Encodings mit einer Anwendung.","```tcl
encoding dirs                            ;# show current paths
encoding dirs [list $appDir/encodings]   ;# set search path
encoding names                           ;# list all encodings",,"encoding names, encoding system, encoding convertfrom",encoding(n)
encoding names,Zeichenkodierung und Standards / Character Encoding and Standards,List all available encoding names. Syntax: encoding names. Returns a list like {utf-8 utf-16 iso8859-1 ascii cp1252 ...}. Used to validate user-supplied encoding names or to discover what is supported in this Tcl build.,Listet alle verfuegbaren Kodierungsnamen auf. Syntax: encoding names. Liefert eine Liste wie {utf-8 utf-16 iso8859-1 ascii cp1252 ...}. Zur Validierung benutzergegebener Kodierungsnamen oder zur Entdeckung was im aktuellen Tcl-Build unterstuetzt ist.,,,,
encoding system,Zeichenkodierung und Standards / Character Encoding and Standards,"Get or set the system encoding (the default for converting between filesystem/process boundaries and Tcl strings). Syntax: encoding system ?encoding?. Tcl 9 default: utf-8. Tcl 8.x default: platform-dependent (cp1252 on Windows, utf-8 on modern Linux). Changing it affects how the system reads filenames, environment variables, and standard channels.","Liefert oder setzt die System-Kodierung (Default fuer Konvertierungen an Dateisystem-/Prozess-Grenzen und Tcl-Strings). Syntax: encoding system ?encoding?. Tcl-9-Default: utf-8. Tcl-8.x-Default: plattformabhaengig (cp1252 auf Windows, utf-8 auf modernem Linux). Aenderung beeinflusst wie das System Dateinamen, Umgebungsvariablen und Standard-Kanaele liest.",,,,
auto_load,Zusätzliche Tcl-Core-Befehle / Additional Tcl Core Commands,Automatically load procedure definition from library when first called.,"Prozedur-Definition automatisch aus Bibliothek laden, wenn erstmals aufgerufen.",,,,
auto_mkindex,Zusätzliche Tcl-Core-Befehle / Additional Tcl Core Commands,Generate tclIndex file for auto-loading procedures in directory.,tclIndex-Datei für Auto-Loading von Prozeduren im Verzeichnis generieren.,,,,
ensemble,Zusätzliche Tcl-Core-Befehle / Additional Tcl Core Commands,"Command with subcommands (e.g., `string`, `dict`, `file`); created with `namespace ensemble create`.","Befehl mit Unterbefehlen (z.B. `string`, `dict`, `file`); erstellt mit `namespace ensemble create`.",,,,
fblocked,Zusätzliche Tcl-Core-Befehle / Additional Tcl Core Commands,"Check if channel has buffered input waiting to be read; returns 1 if blocked, 0 otherwise.","Prüfen, ob Kanal gepufferte Eingabe zum Lesen hat; gibt 1 zurück wenn blockiert, 0 sonst.",,,,
fcopy,Zusätzliche Tcl-Core-Befehle / Additional Tcl Core Commands,"Copy data from one channel to another efficiently (e.g., `fcopy $in $out -size 1024`).",Daten effizient von einem Kanal zu anderem kopieren (z.B. `fcopy $in $out -size 1024`).,,,,
history,Zusätzliche Tcl-Core-Befehle / Additional Tcl Core Commands,"Interactive command history manipulation (add, change, clear, event, info, keep, nextid, redo).","Interaktive Befehlshistorie-Manipulation (add, change, clear, event, info, keep, nextid, redo).",,,,
history add,Zusätzliche Tcl-Core-Befehle / Additional Tcl Core Commands,"Add command to history list (e.g., `history add ""set x 5""`).","Befehl zur Historie-Liste hinzufügen (z.B. `history add ""set x 5""`).",,,,
history clear,Zusätzliche Tcl-Core-Befehle / Additional Tcl Core Commands,Clear all entries from command history.,Alle Einträge aus Befehlshistorie löschen.,,,,
history event,Zusätzliche Tcl-Core-Befehle / Additional Tcl Core Commands,Retrieve command from history by event number or pattern.,Befehl aus Historie nach Event-Nummer oder Muster abrufen.,,,,
history redo,Zusätzliche Tcl-Core-Befehle / Additional Tcl Core Commands,"Re-execute command from history (e.g., `history redo -2` executes 2nd-to-last command).",Befehl aus Historie erneut ausführen (z.B. `history redo -2` führt vorletzten Befehl aus).,,,,
namespace ensemble configure,Zusätzliche Tcl-Core-Befehle / Additional Tcl Core Commands,"Query or modify ensemble command configuration (subcommands, namespace, unknown handler).","Ensemble-Befehl-Konfiguration abfragen oder ändern (Unterbefehle, Namespace, Unknown-Handler).",,,,
namespace ensemble create,Zusätzliche Tcl-Core-Befehle / Additional Tcl Core Commands,"Create ensemble command with subcommands mapped to procedures (e.g., `namespace ensemble create -command myapi -map {...}`).","Ensemble-Befehl mit Unterbefehlen erstellen, die auf Prozeduren abgebildet werden (z.B. `namespace ensemble create -command myapi -map {...}`).",,,,
tclIndex,Zusätzliche Tcl-Core-Befehle / Additional Tcl Core Commands,Index file mapping procedure names to source files for auto-loading.,"Index-Datei, die Prozedurnamen auf Quell-Dateien für Auto-Loading abbildet.",,,,
unknown,Zusätzliche Tcl-Core-Befehle / Additional Tcl Core Commands,Handler procedure called when command not found; can implement auto-loading or custom behavior.,"Handler-Prozedur, die aufgerufen wird, wenn Befehl nicht gefunden wird; kann Auto-Loading oder eigenes Verhalten implementieren.",,,,
append,Zusätzliche wichtige Begriffe / Additional Important Terms,"Append values to variable (e.g., `append result ""text""`).","Werte an Variable anhängen (z.B. `append result ""text""`).",,,,
apply,Zusätzliche wichtige Begriffe / Additional Important Terms,"Anonymous function execution; apply lambda to arguments (e.g., `apply {{x} {expr {$x * 2}}} 5`).",Anonyme Funktionsausführung; Lambda auf Argumente anwenden (z.B. `apply {{x} {expr {$x * 2}}} 5`).,,,,
chan,Zusätzliche wichtige Begriffe / Additional Important Terms,"Modern channel command replacing open/close/read (Tcl 8.6+; e.g., `chan create`).","Moderner Kanal-Befehl, der open/close/read ersetzt (Tcl 8.6+; z.B. `chan create`).",,,,
coroutine,Zusätzliche wichtige Begriffe / Additional Important Terms,Cooperative multitasking; create coroutine that can yield control (Tcl 8.6+).,"Kooperatives Multitasking; Coroutine erstellen, die Kontrolle abgeben kann (Tcl 8.6+).",,,,
eval,Zusätzliche wichtige Begriffe / Additional Important Terms,"Concatenate arguments and execute as Tcl script (e.g., `eval {set x 5}`).",Argumente verketten und als Tcl-Skript ausführen (z.B. `eval {set x 5}`).,,,,
expr,Zusätzliche wichtige Begriffe / Additional Important Terms,"Evaluate mathematical expression (e.g., `expr {2 + 2}`); uses braces to avoid double substitution.",Mathematischen Ausdruck auswerten (z.B. `expr {2 + 2}`); verwendet geschweifte Klammern um doppelte Substitution zu vermeiden.,,,,
incr,Zusätzliche wichtige Begriffe / Additional Important Terms,"Increment variable by value (default 1; e.g., `incr counter` or `incr x 5`).",Variable um Wert erhöhen (Standard 1; z.B. `incr counter` oder `incr x 5`).,,,,
lremove,Zusätzliche wichtige Begriffe / Additional Important Terms,"Remove elements from list by indices (Tcl 8.7+; e.g., `lremove $list 2 5`).",Elemente aus Liste nach Indizes entfernen (Tcl 8.7+; z.B. `lremove $list 2 5`).,,,,
string is dict,Zusätzliche wichtige Begriffe / Additional Important Terms,Test if string is valid dictionary (even number of elements).,"Testen, ob String gültiges Dictionary ist (gerade Anzahl von Elementen).",,,,
string is list,Zusätzliche wichtige Begriffe / Additional Important Terms,Test if string is valid list (can be parsed without error).,"Testen, ob String gültige Liste ist (kann ohne Fehler geparst werden).",,,,
subst,Zusätzliche wichtige Begriffe / Additional Important Terms,"Perform substitutions on string without executing as command (e.g., `subst ""Value: $x""`).","Substitutionen auf String durchführen ohne als Befehl auszuführen (z.B. `subst ""Value: $x""`).",,,,
tailcall,Zusätzliche wichtige Begriffe / Additional Important Terms,Tail-call optimization; replace current procedure with call to another (saves stack space).,Tail-Call-Optimierung; aktuelle Prozedur durch Aufruf einer anderen ersetzen (spart Stack-Platz).,,,,
throw,Zusätzliche wichtige Begriffe / Additional Important Terms,"Throw exception with error code (Tcl 8.6+; e.g., `throw {CUSTOM ERROR} ""message""`).","Ausnahme mit Fehler-Code werfen (Tcl 8.6+; z.B. `throw {CUSTOM ERROR} ""message""`).",,,,
unset,Zusätzliche wichtige Begriffe / Additional Important Terms,"Delete variable(s) from memory (e.g., `unset myvar`).",Variable(n) aus Speicher löschen (z.B. `unset myvar`).,,,,
yield,Zusätzliche wichtige Begriffe / Additional Important Terms,Suspend coroutine execution and return value to caller.,Coroutine-Ausführung unterbrechen und Wert an Aufrufer zurückgeben.,,,,
yieldto,Zusätzliche wichtige Begriffe / Additional Important Terms,Transfer control to another coroutine or command.,Kontrolle an andere Coroutine oder Befehl übertragen.,,,,
zlib,Zusätzliche wichtige Begriffe / Additional Important Terms,"Compression/decompression command (Tcl 8.6+; e.g., `zlib compress $data`).",Komprimierungs-/Dekomprimierungs-Befehl (Tcl 8.6+; z.B. `zlib compress $data`).,,,,
%= (Modulo and Assign),Zuweisungsoperatoren / Assignment Operators,Assigns remainder of division to variable.,Weist Rest der Division der Variable zu.,,,,
*= (Multiply and Assign),Zuweisungsoperatoren / Assignment Operators,Multiplies variable by right operand.,Multipliziert Variable mit rechtem Operanden.,,,,
+= (Add and Assign),Zuweisungsoperatoren / Assignment Operators,"Adds right operand to variable (e.g., `set x [expr {$x + 5}]` or in expr context).",Addiert rechten Operanden zur Variable (z.B. `set x [expr {$x + 5}]` oder in expr-Kontext).,,,,
-= (Subtract and Assign),Zuweisungsoperatoren / Assignment Operators,Subtracts right operand from variable.,Subtrahiert rechten Operanden von Variable.,,,,
/= (Divide and Assign),Zuweisungsoperatoren / Assignment Operators,Divides variable by right operand.,Dividiert Variable durch rechten Operanden.,,,,
= (Assignment),Zuweisungsoperatoren / Assignment Operators,"Assignment operator; assigns value to variable (e.g., `set x 5`).",Zuweisungs-Operator; weist Variable einen Wert zu (z.B. `set x 5`).,,,,
.pc file,pkg-config und Dependencies / pkg-config and Dependencies,"pkg-config metadata file describing library (version, cflags, libs, dependencies).","pkg-config-Metadaten-Datei, die Bibliothek beschreibt (Version, cflags, libs, Abhängigkeiten).",,,,
PKG_CONFIG_PATH,pkg-config und Dependencies / pkg-config and Dependencies,Environment variable specifying directories to search for .pc files.,Umgebungsvariable zum Spezifizieren von Verzeichnissen für .pc-Datei-Suche.,,,,
pkg-config,pkg-config und Dependencies / pkg-config and Dependencies,Tool providing compiler and linker flags for installed libraries.,Tool zum Bereitstellen von Compiler- und Linker-Flags für installierte Bibliotheken.,,,,
pkg-config --cflags,pkg-config und Dependencies / pkg-config and Dependencies,"Query compiler flags needed for library (e.g., `pkg-config --cflags tcl`).","Compiler-Flags abfragen, die für Bibliothek benötigt werden (z.B. `pkg-config --cflags tcl`).",,,,
pkg-config --libs,pkg-config und Dependencies / pkg-config and Dependencies,"Query linker flags needed for library (e.g., `pkg-config --libs tcl`).","Linker-Flags abfragen, die für Bibliothek benötigt werden (z.B. `pkg-config --libs tcl`).",,,,
AST (Abstract Syntax Tree),struct:: Module - Erweiterte Begriffe / struct:: Modules - Extended Terms,Tree representation of source code structure; commonly implemented using `struct::tree` for parsing and code analysis.,Baum-Darstellung von Quellcode-Struktur; häufig implementiert mit `struct::tree` für Parsing und Code-Analyse.,,,,
Branch,struct:: Module - Erweiterte Begriffe / struct:: Modules - Extended Terms,Path from root to leaf in tree; or node with children (non-leaf node).,Pfad von Wurzel zu Blatt im Baum; oder Knoten mit Kindern (Nicht-Blatt-Knoten).,,,,
Edge,struct:: Module - Erweiterte Begriffe / struct:: Modules - Extended Terms,"Connection between two nodes in graph data structure; can be directed or undirected, weighted or unweighted.","Verbindung zwischen zwei Knoten in Graph-Datenstruktur; kann gerichtet oder ungerichtet, gewichtet oder ungewichtet sein.",,,,
FIFO (First-In-First-Out),struct:: Module - Erweiterte Begriffe / struct:: Modules - Extended Terms,Queue ordering principle; first element added is first element removed; implemented by `struct::queue` package.,Queue-Ordnungsprinzip; erstes hinzugefügtes Element ist erstes entferntes Element; implementiert durch `struct::queue`-Paket.,,,,
Graph Algorithm,struct:: Module - Erweiterte Begriffe / struct:: Modules - Extended Terms,"Computational procedure on graph data structure; examples: shortest path (Dijkstra), traversal (BFS, DFS), cycle detection; available in `struct::graph`.","Rechnerisches Verfahren auf Graph-Datenstruktur; Beispiele: kürzester Pfad (Dijkstra), Durchlauf (BFS, DFS), Zyklen-Erkennung; verfügbar in `struct::graph`.",,,,
LIFO (Last-In-First-Out),struct:: Module - Erweiterte Begriffe / struct:: Modules - Extended Terms,Stack ordering principle; last element added is first element removed; implemented by `struct::stack` package.,Stack-Ordnungsprinzip; letztes hinzugefügtes Element ist erstes entferntes Element; implementiert durch `struct::stack`-Paket.,,,,
Leaf,struct:: Module - Erweiterte Begriffe / struct:: Modules - Extended Terms,Tree node with no children; terminal node at end of tree branch.,Baum-Knoten ohne Kinder; terminaler Knoten am Ende eines Baum-Zweigs.,,,,
Node,struct:: Module - Erweiterte Begriffe / struct:: Modules - Extended Terms,"Element in tree or graph data structure; has value and connections to other nodes (parent, children, siblings).","Element in Baum- oder Graph-Datenstruktur; hat Wert und Verbindungen zu anderen Knoten (Eltern, Kinder, Geschwister).",,,,
Root,struct:: Module - Erweiterte Begriffe / struct:: Modules - Extended Terms,Top node of tree structure; has no parent; starting point for tree traversal.,Oberster Knoten der Baum-Struktur; hat kein Eltern; Startpunkt für Baum-Durchlauf.,,,,
Tree (Data Structure),struct:: Module - Erweiterte Begriffe / struct:: Modules - Extended Terms,Hierarchical data structure with parent-child relationships; nodes form tree with root at top; available via `struct::tree` package.,Hierarchische Datenstruktur mit Eltern-Kind-Beziehungen; Knoten bilden Baum mit Wurzel oben; verfügbar über `struct::tree`-Paket.,,,,
Vertex,struct:: Module - Erweiterte Begriffe / struct:: Modules - Extended Terms,Synonym for node in graph theory; point where edges meet.,Synonym für Knoten in Graphentheorie; Punkt wo Kanten sich treffen.,,,,
